-- phpMyAdmin SQL Dump
-- version 5.0.1
-- https://www.phpmyadmin.net/
--
-- Servidor: 127.0.0.1
-- Tiempo de generación: 03-04-2020 a las 00:36:17
-- Versión del servidor: 10.4.11-MariaDB
-- Versión de PHP: 7.4.2

SET SQL_MODE = "NO_AUTO_VALUE_ON_ZERO";
SET AUTOCOMMIT = 0;
START TRANSACTION;
SET time_zone = "+00:00";


/*!40101 SET @OLD_CHARACTER_SET_CLIENT=@@CHARACTER_SET_CLIENT */;
/*!40101 SET @OLD_CHARACTER_SET_RESULTS=@@CHARACTER_SET_RESULTS */;
/*!40101 SET @OLD_COLLATION_CONNECTION=@@COLLATION_CONNECTION */;
/*!40101 SET NAMES utf8mb4 */;

--
-- Base de datos: `transicionagricola`
--

-- --------------------------------------------------------

--
-- Estructura de tabla para la tabla `co_agr_actividadnoagricola`
--

CREATE TABLE `co_agr_actividadnoagricola` (
  `idActividadNoAgricola` int(11) NOT NULL,
  `Artesania` tinyint(1) DEFAULT NULL,
  `CajaAhorro` tinyint(1) DEFAULT NULL,
  `Turismo` tinyint(1) DEFAULT NULL,
  `Culturales` tinyint(1) DEFAULT NULL,
  `ComedorComuni` tinyint(1) DEFAULT NULL,
  `ComedorSocial` tinyint(1) DEFAULT NULL,
  `ComedorEscolar` tinyint(1) DEFAULT NULL,
  `Restaurant` tinyint(1) DEFAULT NULL,
  `Otro` varchar(120) DEFAULT NULL,
  `idAreaTrabajo` int(11) DEFAULT NULL
) ENGINE=InnoDB DEFAULT CHARSET=utf8;

--
-- Volcado de datos para la tabla `co_agr_actividadnoagricola`
--

INSERT INTO `co_agr_actividadnoagricola` (`idActividadNoAgricola`, `Artesania`, `CajaAhorro`, `Turismo`, `Culturales`, `ComedorComuni`, `ComedorSocial`, `ComedorEscolar`, `Restaurant`, `Otro`, `idAreaTrabajo`) VALUES
(1, 1, NULL, NULL, NULL, NULL, NULL, NULL, NULL, NULL, NULL),
(2, 1, 1, NULL, NULL, NULL, NULL, NULL, NULL, NULL, NULL),
(3, 1, 1, 1, NULL, NULL, NULL, NULL, NULL, NULL, NULL),
(4, 1, 1, 1, 1, NULL, NULL, NULL, NULL, NULL, NULL),
(5, 1, 1, 1, 1, NULL, NULL, NULL, NULL, 'limon', NULL),
(6, 1, 1, 1, 1, NULL, NULL, NULL, NULL, 'limon', 33),
(7, 1, 1, 1, 1, NULL, NULL, NULL, NULL, 'limon', 33),
(8, 1, 1, 1, 1, NULL, NULL, NULL, NULL, 'Actividades no agrÃ­colas', 34),
(9, 1, 1, 1, 1, NULL, NULL, NULL, NULL, 'Actividades no agrÃ­colas', 35),
(10, 1, 1, 1, 1, NULL, NULL, NULL, NULL, 'Actividades no agrÃ­colas', 36),
(11, 1, 1, 1, 1, NULL, NULL, NULL, NULL, 'Actividades no agrÃ­colas', 37),
(12, 1, 1, 1, 1, NULL, NULL, NULL, NULL, 'Actividades no agrÃ­colas', 38),
(13, 1, 1, 1, 1, NULL, NULL, NULL, NULL, 'Actividades no agrÃ­colas', 39),
(14, 0, 0, 0, 0, NULL, NULL, NULL, NULL, '', 40),
(15, 0, 0, 0, 0, NULL, NULL, NULL, NULL, '', 41),
(16, 0, 0, 0, 0, NULL, NULL, NULL, NULL, '', 43),
(17, 0, 0, 0, 0, NULL, NULL, NULL, NULL, '', 43),
(18, 0, 0, 0, 0, NULL, NULL, NULL, NULL, '', 45),
(19, 0, 0, 0, 0, NULL, NULL, NULL, NULL, '', 45),
(20, 0, 0, 0, 0, NULL, NULL, NULL, NULL, '', 46),
(21, 0, 0, 0, 0, NULL, NULL, NULL, NULL, '', 47),
(22, 0, 0, 0, 0, NULL, NULL, NULL, NULL, '', 49),
(23, 0, 0, 0, 0, NULL, NULL, NULL, NULL, '', 49),
(24, 0, 0, 0, 0, NULL, NULL, NULL, NULL, '', 51),
(25, 0, 0, 0, 0, NULL, NULL, NULL, NULL, '', 51),
(26, 0, 0, 0, 0, NULL, NULL, NULL, NULL, '', 54),
(27, 0, 0, 0, 0, NULL, NULL, NULL, NULL, '', 54),
(28, 0, 0, 0, 0, NULL, NULL, NULL, NULL, '', 54),
(29, 0, 0, 0, 0, NULL, NULL, NULL, NULL, '', 56),
(30, 0, 0, 0, 0, NULL, NULL, NULL, NULL, '', 56),
(31, 0, 0, 0, 0, NULL, NULL, NULL, NULL, '', 57),
(32, 0, 0, 0, 0, NULL, NULL, NULL, NULL, '', 58),
(33, 0, 0, 0, 0, NULL, NULL, NULL, NULL, '', 59),
(34, 0, 0, 0, 0, NULL, NULL, NULL, NULL, '', 60),
(35, 0, 0, 0, 0, NULL, NULL, NULL, NULL, '', 61),
(36, 0, 0, 0, 0, NULL, NULL, NULL, NULL, '', 62),
(37, 0, 0, 0, 0, NULL, NULL, NULL, NULL, '', 63),
(38, 0, 0, 0, 0, NULL, NULL, NULL, NULL, '', 65),
(39, 0, 0, 0, 0, NULL, NULL, NULL, NULL, '', 65),
(40, 0, 0, 0, 0, NULL, NULL, NULL, NULL, '', 66),
(41, 0, 0, 0, 0, NULL, NULL, NULL, NULL, '', 67),
(42, 0, 0, 0, 0, NULL, NULL, NULL, NULL, '', 68),
(43, 0, 0, 0, 0, NULL, NULL, NULL, NULL, '', 69),
(44, 0, 0, 0, 0, NULL, NULL, NULL, NULL, '', 70),
(45, 0, 0, 0, 0, NULL, NULL, NULL, NULL, '', 71),
(46, 0, 0, 0, 0, NULL, NULL, NULL, NULL, '', 72),
(47, 0, 0, 0, 0, NULL, NULL, NULL, NULL, '', 73),
(48, 0, 0, 0, 0, NULL, NULL, NULL, NULL, '', 74),
(49, 0, 0, 0, 0, NULL, NULL, NULL, NULL, '', 75),
(50, 0, 0, 0, 0, NULL, NULL, NULL, NULL, '', 76),
(51, 0, 0, 0, 0, NULL, NULL, NULL, NULL, '', 77),
(52, 0, 0, 0, 0, NULL, NULL, NULL, NULL, '', 78),
(53, 0, 0, 0, 0, NULL, NULL, NULL, NULL, '', 79),
(54, 0, 0, 0, 0, NULL, NULL, NULL, NULL, '', 80),
(55, 0, 0, 0, 0, NULL, NULL, NULL, NULL, '', 81),
(56, 0, 0, 0, 0, NULL, NULL, NULL, NULL, '', 83),
(57, 0, 0, 0, 0, NULL, NULL, NULL, NULL, '', 83),
(58, 0, 0, 0, 0, NULL, NULL, NULL, NULL, '', 84),
(59, 0, 0, 0, 0, NULL, NULL, NULL, NULL, '', 85),
(60, 0, 0, 0, 0, NULL, NULL, NULL, NULL, '', 86),
(61, 0, 0, 0, 0, NULL, NULL, NULL, NULL, '', 87),
(62, 0, 0, 0, 0, NULL, NULL, NULL, NULL, '', 88),
(63, 0, 0, 0, 0, NULL, NULL, NULL, NULL, '', 89),
(64, 0, 0, 0, 0, NULL, NULL, NULL, NULL, '', 90),
(65, 0, 0, 0, 0, NULL, NULL, NULL, NULL, '', 91),
(66, 0, 0, 0, 0, NULL, NULL, NULL, NULL, '', 92),
(67, 0, 0, 0, 0, NULL, NULL, NULL, NULL, '', 93),
(68, 0, 0, 0, 0, NULL, NULL, NULL, NULL, '', 94),
(69, 0, 0, 0, 0, NULL, NULL, NULL, NULL, '', 95),
(70, 0, 0, 0, 0, NULL, NULL, NULL, NULL, '', 96),
(71, 0, 0, 0, 0, NULL, NULL, NULL, NULL, '', 97),
(72, 0, 0, 0, 0, NULL, NULL, NULL, NULL, '', 98),
(73, 0, 0, 0, 0, NULL, NULL, NULL, NULL, '', 99),
(74, 0, 0, 0, 0, NULL, NULL, NULL, NULL, '', 100),
(75, 0, 0, 0, 0, NULL, NULL, NULL, NULL, '', 101),
(76, 0, 0, 0, 0, NULL, NULL, NULL, NULL, '', 102),
(77, 0, 0, 0, 0, NULL, NULL, NULL, NULL, '', 103),
(78, 0, 0, 0, 0, NULL, NULL, NULL, NULL, '', 104),
(79, 0, 0, 0, 0, NULL, NULL, NULL, NULL, '', 105),
(80, 0, 0, 0, 0, NULL, NULL, NULL, NULL, '', 106),
(81, 0, 0, 0, 0, NULL, NULL, NULL, NULL, '', 107),
(82, 0, 0, 0, 0, NULL, NULL, NULL, NULL, '', 108),
(83, 0, 0, 0, 0, NULL, NULL, NULL, NULL, '', 109),
(84, 0, 0, 0, 0, NULL, NULL, NULL, NULL, '', 110),
(85, 0, 0, 0, 0, NULL, NULL, NULL, NULL, '', 111),
(86, 0, 0, 0, 0, NULL, NULL, NULL, NULL, '', 112),
(87, 0, 0, 0, 0, NULL, NULL, NULL, NULL, '', 113),
(88, 0, 0, 0, 0, NULL, NULL, NULL, NULL, '', 114),
(89, 0, 0, 0, 0, NULL, NULL, NULL, NULL, '', 115),
(90, 0, 0, 0, 0, NULL, NULL, NULL, NULL, '', 116),
(91, 0, 0, 0, 0, NULL, NULL, NULL, NULL, '', 117),
(92, 0, 0, 0, 0, NULL, NULL, NULL, NULL, '', 118),
(93, 0, 0, 0, 0, NULL, NULL, NULL, NULL, '', 119),
(94, 0, 0, 0, 0, NULL, NULL, NULL, NULL, '', 120),
(95, 0, 0, 0, 0, NULL, NULL, NULL, NULL, '', 121),
(96, 0, 0, 0, 0, NULL, NULL, NULL, NULL, '', 122),
(97, 0, 0, 0, 0, NULL, NULL, NULL, NULL, '', 123),
(98, 0, 0, 0, 0, NULL, NULL, NULL, NULL, '', 124),
(99, 0, 0, 0, 0, NULL, NULL, NULL, NULL, '', 125),
(100, 0, 0, 0, 0, NULL, NULL, NULL, NULL, '', 126),
(101, 0, 0, 0, 0, NULL, NULL, NULL, NULL, '', 127),
(102, 0, 0, 0, 0, NULL, NULL, NULL, NULL, '', 128),
(103, 0, 0, 0, 0, NULL, NULL, NULL, NULL, '', 129),
(104, 0, 0, 0, 0, NULL, NULL, NULL, NULL, '', 130),
(105, 0, 0, 0, 0, NULL, NULL, NULL, NULL, '', 131),
(106, 0, 0, 0, 0, NULL, NULL, NULL, NULL, '', 132),
(107, 0, 0, 0, 0, NULL, NULL, NULL, NULL, '', 133),
(108, 0, 0, 0, 0, NULL, NULL, NULL, NULL, '', 134),
(109, 0, 0, 0, 0, NULL, NULL, NULL, NULL, '', 135),
(110, 0, 0, 0, 0, NULL, NULL, NULL, NULL, '', 136),
(111, 0, 0, 0, 0, NULL, NULL, NULL, NULL, '', 137),
(112, 0, 0, 0, 0, NULL, NULL, NULL, NULL, '', 138),
(113, 0, 0, 0, 0, NULL, NULL, NULL, NULL, '', 139),
(114, 0, 0, 0, 0, NULL, NULL, NULL, NULL, '', 140),
(115, 0, 0, 0, 0, NULL, NULL, NULL, NULL, '', 141),
(116, 0, 0, 0, 0, NULL, NULL, NULL, NULL, '', 142),
(117, 0, 0, 0, 0, NULL, NULL, NULL, NULL, '', 143),
(118, 0, 0, 0, 0, NULL, NULL, NULL, NULL, '', 144),
(119, 0, 0, 0, 0, NULL, NULL, NULL, NULL, '', 145),
(120, 0, 0, 0, 0, NULL, NULL, NULL, NULL, '1', 146),
(121, 0, 0, 0, 0, NULL, NULL, NULL, NULL, '1', 147),
(122, 0, 0, 0, 0, NULL, NULL, NULL, NULL, '1', 148),
(123, 0, 0, 0, 0, NULL, NULL, NULL, NULL, '1', 149),
(124, 0, 0, 0, 0, NULL, NULL, NULL, NULL, '1', 150),
(125, 0, 0, 0, 0, NULL, NULL, NULL, NULL, '1', 151),
(126, 0, 0, 0, 0, NULL, NULL, NULL, NULL, '1', 152),
(127, 0, 0, 0, 0, NULL, NULL, NULL, NULL, '1', 153),
(128, 0, 0, 0, 0, NULL, NULL, NULL, NULL, '1', 154),
(129, 0, 0, 0, 0, NULL, NULL, NULL, NULL, '1', 155),
(130, 0, 0, 0, 0, NULL, NULL, NULL, NULL, '1', 156),
(131, 0, 0, 0, 0, NULL, NULL, NULL, NULL, '1', 157),
(132, 0, 0, 0, 0, NULL, NULL, NULL, NULL, '1', 158),
(133, 0, 0, 0, 0, NULL, NULL, NULL, NULL, '1', 159),
(134, 0, 0, 0, 0, NULL, NULL, NULL, NULL, '1', 160),
(135, 0, 0, 0, 0, NULL, NULL, NULL, NULL, '1', 161),
(136, 0, 0, 0, 0, NULL, NULL, NULL, NULL, '1', 162),
(137, 0, 0, 0, 0, NULL, NULL, NULL, NULL, '1', 163),
(138, 0, 0, 0, 0, NULL, NULL, NULL, NULL, '1', 164),
(139, 0, 0, 0, 0, NULL, NULL, NULL, NULL, '1', 165),
(140, 0, 0, 0, 0, NULL, NULL, NULL, NULL, '1', 166),
(141, 0, 0, 0, 0, NULL, NULL, NULL, NULL, '1', 167),
(142, 0, 0, 0, 0, NULL, NULL, NULL, NULL, '1', 168),
(143, 0, 0, 0, 0, NULL, NULL, NULL, NULL, '1', 169),
(144, 0, 0, 0, 0, NULL, NULL, NULL, NULL, '1', 170),
(145, 0, 0, 0, 0, NULL, NULL, NULL, NULL, '1', 171),
(146, 0, 0, 0, 0, NULL, NULL, NULL, NULL, '1', 172),
(147, 0, 0, 0, 0, NULL, NULL, NULL, NULL, '1', 173),
(148, 0, 0, 0, 0, NULL, NULL, NULL, NULL, '1', 174),
(149, 0, 0, 0, 0, NULL, NULL, NULL, NULL, '1', 175),
(150, 0, 0, 0, 0, NULL, NULL, NULL, NULL, '1', 176),
(151, 0, 0, 0, 0, NULL, NULL, NULL, NULL, '1', 177),
(152, 0, 0, 0, 0, NULL, NULL, NULL, NULL, '1', 178),
(153, 0, 0, 0, 0, NULL, NULL, NULL, NULL, '1', 179),
(154, 0, 0, 0, 0, NULL, NULL, NULL, NULL, '1', 180),
(155, 0, 0, 0, 0, NULL, NULL, NULL, NULL, '1', 181),
(156, 0, 0, 0, 0, NULL, NULL, NULL, NULL, 'Actividades no agrÃ­colas', 182),
(157, 0, 0, 0, 0, NULL, NULL, NULL, NULL, 'Actividades no agrÃ­colas', 183),
(158, 0, 0, 0, 0, NULL, NULL, NULL, NULL, 'Actividades no agrÃ­colas', 184),
(159, 0, 0, 0, 0, NULL, NULL, NULL, NULL, 'Actividades no agrÃ­colas', 185),
(160, 0, 0, 0, 0, NULL, NULL, NULL, NULL, 'Actividades no agrÃ­colas', 186),
(161, 0, 0, 0, 0, NULL, NULL, NULL, NULL, 'Actividades no agrÃ­colas', 187),
(162, 0, 0, 0, 0, NULL, NULL, NULL, NULL, 'Actividades no agrÃ­colas', 188),
(163, 0, 0, 0, 0, NULL, NULL, NULL, NULL, 'Actividades no agrÃ­colas', 189),
(164, 0, 0, 0, 0, NULL, NULL, NULL, NULL, '', 190),
(165, 0, 0, 0, 0, NULL, NULL, NULL, NULL, '', 191),
(166, 0, 0, 0, 0, NULL, NULL, NULL, NULL, '', 192),
(167, 0, 0, 0, 0, NULL, NULL, NULL, NULL, '', 193),
(168, 0, 0, 0, 0, NULL, NULL, NULL, NULL, '', 194),
(169, 0, 0, 0, 0, NULL, NULL, NULL, NULL, '', 195),
(170, 0, 0, 0, 0, NULL, NULL, NULL, NULL, '', 196),
(171, 0, 0, 0, 0, NULL, NULL, NULL, NULL, '', 197),
(172, 0, 0, 0, 0, NULL, NULL, NULL, NULL, '', 198),
(173, 0, 0, 0, 0, NULL, NULL, NULL, NULL, '', 199),
(174, 0, 0, 0, 0, NULL, NULL, NULL, NULL, '', 200),
(175, 0, 0, 0, 0, NULL, NULL, NULL, NULL, '', 201),
(176, 0, 0, 0, 0, NULL, NULL, NULL, NULL, '', 202),
(177, 0, 0, 0, 0, NULL, NULL, NULL, NULL, '', 203),
(178, 0, 0, 0, 0, NULL, NULL, NULL, NULL, '', 204),
(179, 0, 0, 0, 0, NULL, NULL, NULL, NULL, '', 205),
(180, 0, 0, 0, 0, NULL, NULL, NULL, NULL, '', 206),
(181, 0, 0, 0, 0, NULL, NULL, NULL, NULL, '', 207),
(182, 0, 0, 0, 0, NULL, NULL, NULL, NULL, '', 208),
(183, 0, 0, 0, 0, NULL, NULL, NULL, NULL, '', 209),
(184, 0, 0, 0, 0, NULL, NULL, NULL, NULL, '', 210),
(185, 0, 0, 0, 0, NULL, NULL, NULL, NULL, '', 211),
(186, 0, 0, 0, 0, NULL, NULL, NULL, NULL, '', 212),
(187, 0, 0, 0, 0, NULL, NULL, NULL, NULL, '', 213),
(188, 0, 1, 1, 0, NULL, NULL, NULL, NULL, '', 214),
(189, 0, 1, 1, 0, NULL, NULL, NULL, NULL, '', 215);

-- --------------------------------------------------------

--
-- Estructura de tabla para la tabla `co_agr_apicultura`
--

CREATE TABLE `co_agr_apicultura` (
  `IdApicultura` int(11) NOT NULL,
  `AbejaEuropea` tinyint(1) DEFAULT NULL,
  `AbejaNativa` tinyint(1) DEFAULT NULL,
  `IdSistemaProduccionAnimal` int(11) DEFAULT NULL
) ENGINE=InnoDB DEFAULT CHARSET=utf8;

--
-- Volcado de datos para la tabla `co_agr_apicultura`
--

INSERT INTO `co_agr_apicultura` (`IdApicultura`, `AbejaEuropea`, `AbejaNativa`, `IdSistemaProduccionAnimal`) VALUES
(1, 1, 1, 1),
(16, 1, 1, 20),
(17, 1, 1, 21),
(18, 1, 1, 22),
(19, 1, 1, 23),
(20, 1, 1, 24),
(21, 1, 1, 25),
(22, 1, 1, 26),
(23, 0, 0, 27),
(24, 0, 0, 28),
(25, 0, 0, 30),
(26, 0, 0, 30),
(27, 0, 0, 31),
(28, 0, 0, 32),
(29, 0, 0, 33),
(30, 0, 0, 34),
(31, 0, 0, 35),
(32, 0, 0, 36),
(33, 0, 0, 38),
(34, 0, 0, 38),
(35, 0, 0, 39),
(36, 0, 0, 40),
(37, 0, 0, 41),
(38, 0, 0, 42),
(39, 0, 0, 43),
(40, 0, 0, 44),
(41, 0, 0, 45),
(42, 0, 0, 46),
(43, 0, 0, 47),
(44, 0, 0, 48),
(45, 0, 0, 49),
(46, 0, 0, 50),
(47, 0, 0, 51),
(48, 0, 0, 52),
(49, 0, 0, 53),
(50, 0, 0, 54),
(51, 0, 0, 55),
(52, 0, 0, 56),
(53, 0, 0, 57),
(54, 0, 0, 58),
(55, 0, 0, 59),
(56, 0, 0, 60),
(57, 0, 0, 61),
(58, 0, 0, 62),
(59, 0, 0, 63),
(60, 0, 0, 64),
(61, 0, 0, 65),
(62, 0, 0, 66),
(63, 0, 0, 67),
(64, 0, 0, 68),
(65, 0, 0, 69),
(66, 0, 0, 70),
(67, 0, 0, 71),
(68, 0, 0, 72),
(69, 0, 0, 73),
(70, 0, 0, 74),
(71, 0, 0, 75),
(72, 0, 0, 76),
(73, 0, 0, 77),
(74, 0, 0, 78),
(75, 0, 0, 79),
(76, 0, 0, 80),
(77, 0, 0, 81),
(78, 0, 0, 82),
(79, 0, 0, 83),
(80, 0, 0, 84),
(81, 0, 0, 85),
(82, 0, 0, 86),
(83, 0, 0, 87),
(84, 0, 0, 88),
(85, 0, 0, 89),
(86, 0, 0, 90),
(87, 0, 0, 91),
(88, 0, 0, 92),
(89, 0, 0, 93),
(90, 0, 0, 94),
(91, 0, 0, 95),
(92, 0, 0, 96),
(93, 0, 0, 97),
(94, 0, 0, 98),
(95, 0, 0, 99),
(96, 0, 0, 100),
(97, 0, 0, 101),
(98, 0, 0, 102),
(99, 0, 0, 103),
(100, 0, 0, 104),
(101, 0, 0, 105),
(102, 0, 0, 106),
(103, 0, 0, 107),
(104, 0, 0, 108),
(105, 0, 0, 109),
(106, 0, 0, 110),
(107, 0, 0, 111),
(108, 0, 0, 112),
(109, 0, 0, 113),
(110, 0, 0, 114),
(111, 0, 0, 115),
(112, 0, 0, 116),
(113, 0, 0, 117),
(114, 0, 0, 118),
(115, 0, 0, 119),
(116, 0, 0, 120),
(117, 0, 0, 121),
(118, 0, 0, 122),
(119, 0, 0, 123),
(120, 0, 0, 124),
(121, 0, 0, 125),
(122, 0, 0, 126),
(123, 0, 0, 127),
(124, 0, 0, 128),
(125, 0, 0, 129),
(126, 0, 0, 130),
(127, 0, 0, 131),
(128, 0, 0, 132),
(129, 0, 0, 133),
(130, 0, 0, 134),
(131, 0, 0, 135),
(132, 0, 0, 136),
(133, 0, 0, 137),
(134, 0, 0, 138),
(135, 0, 0, 139),
(136, 0, 0, 140),
(137, 0, 0, 141),
(138, 0, 0, 142),
(139, 0, 0, 143),
(140, 0, 0, 144),
(141, 0, 0, 145),
(142, 0, 0, 146),
(143, 0, 0, 147),
(144, 0, 0, 148),
(145, 0, 0, 149),
(146, 0, 0, 150),
(147, 0, 0, 151),
(148, 0, 0, 152),
(149, 0, 0, 153),
(150, 0, 0, 154),
(151, 0, 0, 155),
(152, 0, 0, 156),
(153, 0, 0, 157),
(154, 0, 0, 158),
(155, 0, 0, 159),
(156, 0, 0, 160),
(157, 0, 0, 161),
(158, 0, 0, 162),
(159, 0, 0, 163),
(160, 0, 0, 164),
(161, 0, 0, 165),
(162, 0, 0, 166),
(163, 0, 0, 167),
(164, 0, 0, 168),
(165, 0, 0, 169),
(166, 0, 0, 170),
(167, 0, 0, 171),
(168, 0, 0, 172),
(169, 0, 0, 173),
(170, 0, 0, 174),
(171, 0, 0, 175),
(172, 0, 0, 176),
(173, 0, 0, 177),
(174, 0, 0, 178),
(175, 0, 0, 179),
(176, 0, 0, 180),
(177, 0, 0, 181),
(178, 0, 0, 182),
(179, 0, 0, 183),
(180, 0, 0, 184),
(181, 0, 0, 185),
(182, 0, 0, 186),
(183, 0, 0, 187),
(184, 0, 0, 188),
(185, 0, 0, 189),
(186, 0, 0, 190),
(187, 0, 0, 191),
(188, 0, 0, 192),
(189, 0, 0, 193),
(190, 0, 0, 194),
(191, 0, 0, 195),
(192, 0, 0, 196),
(193, 0, 0, 197),
(194, 0, 0, 198),
(195, 0, 0, 199),
(196, 0, 0, 200),
(197, 1, 0, 201),
(198, 1, 0, 202);

-- --------------------------------------------------------

--
-- Estructura de tabla para la tabla `co_agr_arbolizacion`
--

CREATE TABLE `co_agr_arbolizacion` (
  `idArbolizacion` int(11) NOT NULL,
  `BosqueComestible` tinyint(1) DEFAULT NULL,
  `CercasVivas` tinyint(1) DEFAULT NULL,
  `BarreraRompeVientos` tinyint(1) DEFAULT NULL,
  `idSistemasAgroforestales` int(11) DEFAULT NULL
) ENGINE=InnoDB DEFAULT CHARSET=latin1;

--
-- Volcado de datos para la tabla `co_agr_arbolizacion`
--

INSERT INTO `co_agr_arbolizacion` (`idArbolizacion`, `BosqueComestible`, `CercasVivas`, `BarreraRompeVientos`, `idSistemasAgroforestales`) VALUES
(1, 1, 1, 1, 1),
(2, 1, 1, 1, 2),
(3, 1, 1, 1, 3),
(4, 1, 1, 1, 4),
(5, 1, 1, 1, 5),
(6, 1, 1, 1, 6),
(7, 1, 1, 1, 7),
(8, 1, 1, 1, 8),
(9, 1, 1, 1, 9),
(10, 1, 1, 1, 10),
(11, 1, 1, 1, 11),
(12, 1, 1, 1, 12),
(13, 0, 0, 0, 13),
(14, 0, 0, 0, 14),
(15, 0, 0, 0, 15),
(16, 0, 0, 0, 16),
(17, 0, 0, 0, 17),
(18, 0, 0, 0, 18),
(19, 0, 0, 0, 19),
(20, 0, 0, 0, 20),
(21, 0, 0, 0, 21),
(22, 0, 0, 0, 22),
(23, 0, 0, 0, 24),
(24, 0, 0, 0, 24),
(25, 0, 0, 0, 26),
(26, 0, 0, 0, 26),
(27, 0, 0, 0, 27),
(28, 0, 0, 0, 28),
(29, 0, 0, 0, 29),
(30, 0, 0, 0, 30),
(31, 0, 0, 0, 31),
(32, 0, 0, 0, 32),
(33, 0, 0, 0, 33),
(34, 0, 0, 0, 34),
(35, 0, 0, 0, 35),
(36, 0, 0, 0, 36),
(37, 0, 0, 0, 38),
(38, 0, 0, 0, 38),
(39, 0, 0, 0, 39),
(40, 0, 0, 0, 40),
(41, 0, 0, 0, 41),
(42, 0, 0, 0, 42),
(43, 0, 0, 0, 43),
(44, 0, 0, 0, 44),
(45, 0, 0, 0, 45),
(46, 0, 0, 0, 46),
(47, 0, 0, 0, 47),
(48, 0, 0, 0, 48),
(49, 0, 0, 0, 49),
(50, 0, 0, 0, 50),
(51, 0, 0, 0, 51),
(52, 0, 0, 0, 52),
(53, 0, 0, 0, 53),
(54, 0, 0, 0, 54),
(55, 0, 0, 0, 55),
(56, 0, 0, 0, 56),
(57, 0, 0, 0, 57),
(58, 0, 0, 0, 58),
(59, 0, 0, 0, 59),
(60, 0, 0, 0, 60),
(61, 0, 0, 0, 61),
(62, 0, 0, 0, 62),
(63, 0, 0, 0, 63),
(64, 0, 0, 0, 64),
(65, 0, 0, 0, 65),
(66, 0, 0, 0, 66),
(67, 0, 0, 0, 67),
(68, 0, 0, 0, 68),
(69, 0, 0, 0, 69),
(70, 0, 0, 0, 70),
(71, 0, 0, 0, 71),
(72, 0, 0, 0, 72),
(73, 0, 0, 0, 73),
(74, 0, 0, 0, 74),
(75, 0, 0, 0, 75),
(76, 0, 0, 0, 76),
(77, 0, 0, 0, 77),
(78, 0, 0, 0, 78),
(79, 0, 0, 0, 79),
(80, 0, 0, 0, 80),
(81, 0, 0, 0, 81),
(82, 0, 0, 0, 82),
(83, 0, 0, 0, 83),
(84, 0, 0, 0, 84),
(85, 0, 0, 0, 85),
(86, 0, 0, 0, 86),
(87, 0, 0, 0, 87),
(88, 0, 0, 0, 88),
(89, 0, 0, 0, 89),
(90, 0, 0, 0, 90),
(91, 0, 0, 0, 91),
(92, 0, 0, 0, 92),
(93, 0, 0, 0, 93),
(94, 0, 0, 0, 94),
(95, 0, 0, 0, 95),
(96, 0, 0, 0, 96),
(97, 0, 0, 0, 97),
(98, 0, 0, 0, 98),
(99, 0, 0, 0, 99),
(100, 0, 0, 0, 100),
(101, 0, 0, 0, 101),
(102, 0, 0, 0, 102),
(103, 0, 0, 0, 103),
(104, 0, 0, 0, 104),
(105, 0, 0, 0, 105),
(106, 0, 0, 0, 106),
(107, 0, 0, 0, 107),
(108, 0, 0, 0, 108),
(109, 0, 0, 0, 109),
(110, 0, 0, 0, 110),
(111, 0, 0, 0, 111),
(112, 0, 0, 0, 112),
(113, 0, 0, 0, 113),
(114, 0, 0, 0, 114),
(115, 0, 0, 0, 115),
(116, 0, 0, 0, 116),
(117, 0, 0, 0, 117),
(118, 0, 0, 0, 118),
(119, 0, 0, 0, 119),
(120, 0, 0, 0, 120),
(121, 0, 0, 0, 121),
(122, 0, 0, 0, 122),
(123, 0, 0, 0, 123),
(124, 0, 0, 0, 124),
(125, 0, 0, 0, 125),
(126, 0, 0, 0, 126),
(127, 0, 0, 0, 127),
(128, 0, 0, 0, 128),
(129, 0, 0, 0, 129),
(130, 0, 0, 0, 130),
(131, 0, 0, 0, 131),
(132, 0, 0, 0, 132),
(133, 0, 0, 0, 133),
(134, 0, 0, 0, 134),
(135, 0, 0, 0, 135),
(136, 0, 0, 0, 136),
(137, 0, 0, 0, 137),
(138, 0, 0, 0, 138),
(139, 0, 0, 0, 139),
(140, 0, 0, 0, 140),
(141, 0, 0, 0, 141),
(142, 0, 0, 0, 142),
(143, 0, 0, 0, 143),
(144, 0, 0, 0, 144),
(145, 0, 0, 0, 145),
(146, 0, 0, 0, 146),
(147, 0, 0, 0, 147),
(148, 0, 0, 0, 148),
(149, 0, 0, 0, 149),
(150, 0, 0, 0, 150),
(151, 0, 0, 0, 151),
(152, 0, 0, 0, 152),
(153, 0, 0, 0, 153),
(154, 0, 0, 0, 154),
(155, 0, 0, 0, 155),
(156, 0, 0, 0, 156),
(157, 0, 0, 0, 157),
(158, 0, 0, 0, 158),
(159, 0, 0, 0, 159),
(160, 0, 0, 0, 160),
(161, 0, 0, 0, 161),
(162, 0, 0, 0, 162),
(163, 0, 0, 0, 163),
(164, 0, 0, 0, 164),
(165, 0, 0, 0, 165),
(166, 0, 0, 0, 166),
(167, 0, 0, 0, 167),
(168, 0, 0, 0, 168),
(169, 0, 0, 0, 169),
(170, 0, 0, 0, 170),
(171, 0, 0, 0, 171),
(172, 0, 0, 0, 172),
(173, 0, 0, 0, 173),
(174, 0, 0, 0, 174),
(175, 0, 0, 0, 175),
(176, 0, 0, 0, 176),
(177, 0, 0, 0, 177),
(178, 0, 0, 0, 178),
(179, 0, 0, 0, 179),
(180, 0, 0, 0, 180),
(181, 0, 0, 0, 181),
(182, 0, 0, 0, 182),
(183, 0, 0, 0, 183),
(184, 0, 0, 0, 184),
(185, 0, 0, 0, 185),
(186, 0, 0, 0, 186),
(187, 1, 0, 0, 187),
(188, 1, 0, 0, 188);

-- --------------------------------------------------------

--
-- Estructura de tabla para la tabla `co_agr_areatrabajo`
--

CREATE TABLE `co_agr_areatrabajo` (
  `idAreaTrabajo` int(11) NOT NULL,
  `AgriUrbana` tinyint(1) DEFAULT NULL,
  `Azotea` tinyint(1) NOT NULL,
  `Balcon` tinyint(1) NOT NULL,
  `Traspatio` tinyint(1) NOT NULL,
  `Parques` tinyint(1) NOT NULL,
  `DerechoHumano` varchar(5) CHARACTER SET latin1 DEFAULT NULL,
  `idEntrevista` int(11) DEFAULT NULL
) ENGINE=InnoDB DEFAULT CHARSET=utf8;

--
-- Volcado de datos para la tabla `co_agr_areatrabajo`
--

INSERT INTO `co_agr_areatrabajo` (`idAreaTrabajo`, `AgriUrbana`, `Azotea`, `Balcon`, `Traspatio`, `Parques`, `DerechoHumano`, `idEntrevista`) VALUES
(1, 0, 0, 0, 0, 0, NULL, NULL),
(2, 1, 0, 0, 0, 0, '1', NULL),
(3, 1, 0, 0, 0, 0, '1', NULL),
(4, 1, 0, 0, 0, 0, '1', 33),
(5, 1, 0, 0, 0, 0, '1', 33),
(6, 1, 0, 0, 0, 0, '1', 34),
(7, 1, 0, 0, 0, 0, '1', 35),
(8, 1, 0, 0, 0, 0, '1', 36),
(9, 1, 0, 0, 0, 0, '1', 37),
(10, 1, 0, 0, 0, 0, '1', 38),
(11, 1, 0, 0, 0, 0, '1', 39),
(12, 0, 0, 0, 0, 0, '0', 40),
(13, 0, 0, 0, 0, 0, '0', 41),
(14, 0, 0, 0, 0, 0, '0', 42),
(15, 0, 0, 0, 0, 0, '0', 43),
(16, 0, 0, 0, 0, 0, '0', 45),
(17, 0, 0, 0, 0, 0, '0', 45),
(18, 0, 0, 0, 0, 0, '0', 46),
(19, 0, 0, 0, 0, 0, '0', 47),
(20, 0, 0, 0, 0, 0, '0', 49),
(21, 0, 0, 0, 0, 0, '0', 49),
(22, 0, 0, 0, 0, 0, '0', 51),
(23, 0, 0, 0, 0, 0, '0', 51),
(24, 0, 0, 0, 0, 0, '0', 52),
(25, 0, 0, 0, 0, 0, '0', 54),
(26, 0, 0, 0, 0, 0, '0', 54),
(27, 0, 0, 0, 0, 0, '0', 56),
(28, 0, 0, 0, 0, 0, '0', 56),
(29, 0, 0, 0, 0, 0, '0', 57),
(30, 0, 0, 0, 0, 0, '0', 58),
(31, 0, 0, 0, 0, 0, '0', 59),
(32, 0, 0, 0, 0, 0, '0', 60),
(33, 0, 0, 0, 0, 0, '0', 61),
(34, 0, 0, 0, 0, 0, '0', 62),
(35, 0, 0, 0, 0, 0, '0', 63),
(36, 0, 0, 0, 0, 0, '0', 65),
(37, 0, 0, 0, 0, 0, '0', 65),
(38, 0, 0, 0, 0, 0, '0', 66),
(39, 0, 0, 0, 0, 0, '0', 67),
(40, 0, 0, 0, 0, 0, '0', 68),
(41, 0, 0, 0, 0, 0, '0', 69),
(42, 0, 0, 0, 0, 0, '0', 70),
(43, 0, 0, 0, 0, 0, '0', 71),
(44, 0, 0, 0, 0, 0, '0', 72),
(45, 0, 0, 0, 0, 0, '0', 73),
(46, 0, 0, 0, 0, 0, '0', 74),
(47, 0, 0, 0, 0, 0, '0', 75),
(48, 0, 0, 0, 0, 0, '0', 76),
(49, 0, 0, 0, 0, 0, '0', 77),
(50, 0, 0, 0, 0, 0, '0', 78),
(51, 0, 0, 0, 0, 0, '0', 79),
(52, 0, 0, 0, 0, 0, '0', 80),
(53, 0, 0, 0, 0, 0, '0', 81),
(54, 0, 0, 0, 0, 0, '0', 83),
(55, 0, 0, 0, 0, 0, '0', 83),
(56, 0, 0, 0, 0, 0, '0', 84),
(57, 0, 0, 0, 0, 0, '0', 85),
(58, 0, 0, 0, 0, 0, '0', 86),
(59, 0, 0, 0, 0, 0, '0', 87),
(60, 0, 0, 0, 0, 0, '0', 88),
(61, 0, 0, 0, 0, 0, '0', 89),
(62, 0, 0, 0, 0, 0, '0', 90),
(63, 0, 0, 0, 0, 0, '0', 91),
(64, 0, 0, 0, 0, 0, '0', 92),
(65, 0, 0, 0, 0, 0, '0', 93),
(66, 0, 0, 0, 0, 0, '0', 94),
(67, 0, 0, 0, 0, 0, '0', 95),
(68, 0, 0, 0, 0, 0, '0', 96),
(69, 0, 0, 0, 0, 0, '0', 97),
(70, 0, 0, 0, 0, 0, '0', 98),
(71, 0, 0, 0, 0, 0, '0', 99),
(72, 0, 0, 0, 0, 0, '0', 100),
(73, 0, 0, 0, 0, 0, '0', 101),
(74, 0, 0, 0, 0, 0, '0', 102),
(75, 0, 0, 0, 0, 0, '0', 103),
(76, 0, 0, 0, 0, 0, '0', 104),
(77, 0, 0, 0, 0, 0, '0', 105),
(78, 0, 0, 0, 0, 0, '0', 106),
(79, 0, 0, 0, 0, 0, '0', 107),
(80, 0, 0, 0, 0, 0, '0', 108),
(81, 0, 0, 0, 0, 0, '0', 109),
(82, 0, 0, 0, 0, 0, '0', 110),
(83, 0, 0, 0, 0, 0, '0', 111),
(84, 0, 0, 0, 0, 0, '0', 112),
(85, 0, 0, 0, 0, 0, '0', 113),
(86, 0, 0, 0, 0, 0, '0', 114),
(87, 0, 0, 0, 0, 0, '0', 115),
(88, 0, 0, 0, 0, 0, '0', 116),
(89, 0, 0, 0, 0, 0, '0', 117),
(90, 0, 0, 0, 0, 0, '0', 118),
(91, 0, 0, 0, 0, 0, '0', 119),
(92, 0, 0, 0, 0, 0, '0', 120),
(93, 0, 0, 0, 0, 0, '0', 121),
(94, 0, 0, 0, 0, 0, '0', 122),
(95, 0, 0, 0, 0, 0, '0', 123),
(96, 0, 0, 0, 0, 0, '0', 124),
(97, 0, 0, 0, 0, 0, '0', 125),
(98, 1, 0, 0, 0, 0, '0', 126),
(99, 1, 0, 0, 0, 0, '0', 127),
(100, 0, 0, 0, 0, 0, '0', 128),
(101, 0, 0, 0, 0, 0, '0', 129),
(102, 1, 0, 0, 0, 0, '0', 130),
(103, 1, 0, 0, 0, 0, '0', 131),
(104, 0, 0, 0, 0, 0, '0', 132),
(105, 0, 0, 0, 0, 0, '0', 133),
(106, 0, 0, 0, 0, 0, '0', 134),
(107, 0, 0, 0, 0, 0, '0', 135),
(108, 0, 0, 0, 0, 0, '0', 136),
(109, 0, 0, 0, 0, 0, '0', 137),
(110, 0, 0, 0, 0, 0, '0', 138),
(111, 0, 0, 0, 0, 0, '0', 139),
(112, 0, 0, 0, 0, 0, '0', 140),
(113, 0, 0, 0, 0, 0, '0', 141),
(114, 0, 0, 0, 0, 0, '0', 142),
(115, 0, 0, 0, 0, 0, '0', 143),
(116, 0, 0, 0, 0, 0, '0', 144),
(117, 0, 0, 0, 0, 0, '0', 145),
(118, 0, 0, 0, 0, 0, '0', 146),
(119, 0, 0, 0, 0, 0, '0', 147),
(120, 0, 0, 0, 0, 0, '0', 148),
(121, 0, 0, 0, 0, 0, '0', 149),
(122, 0, 0, 0, 0, 0, '0', 150),
(123, 0, 0, 0, 0, 0, '0', 151),
(124, 0, 0, 0, 0, 0, '0', 152),
(125, 0, 0, 0, 0, 0, '0', 153),
(126, 0, 0, 0, 0, 0, '0', 154),
(127, 0, 0, 0, 0, 0, '0', 155),
(128, 0, 0, 0, 0, 0, '0', 156),
(129, 0, 0, 0, 0, 0, '0', 157),
(130, 0, 0, 0, 0, 0, '0', 158),
(131, 0, 0, 0, 0, 0, '0', 159),
(132, 0, 0, 0, 0, 0, '0', 160),
(133, 0, 0, 0, 0, 0, '0', 161),
(134, 0, 0, 0, 0, 0, '0', 162),
(135, 0, 0, 0, 0, 0, '0', 163),
(136, 0, 0, 0, 0, 0, '0', 164),
(137, 0, 0, 0, 0, 0, '0', 165),
(138, 0, 0, 0, 0, 0, '0', 166),
(139, 0, 0, 0, 0, 0, '0', 167),
(140, 0, 0, 0, 0, 0, '0', 168),
(141, 0, 0, 0, 0, 0, '0', 169),
(142, 0, 0, 0, 0, 0, '0', 170),
(143, 0, 0, 0, 0, 0, '0', 171),
(144, 0, 0, 0, 0, 0, '0', 172),
(145, 0, 0, 0, 0, 0, '0', 173),
(146, 0, 0, 0, 0, 0, '0', 174),
(147, 0, 0, 0, 0, 0, '0', 175),
(148, 0, 0, 0, 0, 0, '0', 176),
(149, 0, 0, 0, 0, 0, '0', 177),
(150, 0, 0, 0, 0, 0, '0', 178),
(151, 0, 0, 0, 0, 0, '0', 179),
(152, 0, 0, 0, 0, 0, '0', 180),
(153, 0, 0, 0, 0, 0, '0', 181),
(154, 0, 0, 0, 0, 0, '0', 182),
(155, 0, 0, 0, 0, 0, '0', 183),
(156, 0, 0, 0, 0, 0, '0', 184),
(157, 0, 0, 0, 0, 0, '0', 185),
(158, 0, 0, 0, 0, 0, '0', 186),
(159, 0, 0, 0, 0, 0, '0', 187),
(160, 0, 0, 0, 0, 0, '0', 188),
(161, 0, 0, 0, 0, 0, '0', 189),
(162, 0, 0, 0, 0, 0, '0', 190),
(163, 0, 0, 0, 0, 0, '0', 191),
(164, 0, 0, 0, 0, 0, '0', 192),
(165, 0, 0, 0, 0, 0, '0', 193),
(166, 0, 0, 0, 0, 0, '0', 194),
(167, 0, 0, 0, 0, 0, '0', 195),
(168, 0, 0, 0, 0, 0, '0', 196),
(169, 0, 0, 0, 0, 0, '0', 197),
(170, 0, 0, 0, 0, 0, '0', 198),
(171, 0, 0, 0, 0, 0, '0', 199),
(172, 0, 0, 0, 0, 0, '0', 200),
(173, 0, 0, 0, 0, 0, '0', 201),
(174, 0, 0, 0, 0, 0, '0', 202),
(175, 0, 0, 0, 0, 0, '0', 203),
(176, 0, 0, 0, 0, 0, '0', 204),
(177, 0, 0, 0, 0, 0, '0', 205),
(178, 0, 0, 0, 0, 0, '0', 206),
(179, 0, 0, 0, 0, 0, '0', 207),
(180, 0, 0, 0, 0, 0, '0', 208),
(181, 0, 0, 0, 0, 0, '0', 209),
(182, 0, 0, 0, 0, 0, '0', 210),
(183, 0, 0, 0, 0, 0, '0', 211),
(184, 0, 0, 0, 0, 0, '0', 212),
(185, 0, 0, 0, 0, 0, '0', 213),
(186, 1, 0, 0, 0, 0, '0', 214),
(187, 1, 0, 0, 0, 0, '0', 215);

-- --------------------------------------------------------

--
-- Estructura de tabla para la tabla `co_agr_contacto`
--

CREATE TABLE `co_agr_contacto` (
  `idContacto` int(11) NOT NULL,
  `Nombre` varchar(70) CHARACTER SET utf8 COLLATE utf8_bin DEFAULT NULL,
  `Correo` varchar(70) CHARACTER SET latin1 DEFAULT NULL,
  `Telefono` varchar(70) DEFAULT NULL,
  `idEntrevista` int(11) DEFAULT NULL
) ENGINE=InnoDB DEFAULT CHARSET=utf8;

--
-- Volcado de datos para la tabla `co_agr_contacto`
--

INSERT INTO `co_agr_contacto` (`idContacto`, `Nombre`, `Correo`, `Telefono`, `idEntrevista`) VALUES
(33, '', '', '', 66),
(34, '', '', '', 67),
(35, '', '', '', 67),
(36, '', '', '', 68),
(37, '', '', '', 69),
(38, '', '', '', 70),
(39, '', '', '', 71),
(40, '', '', '', 72),
(41, '', '', '', 73),
(42, '', '', '', 75),
(43, '', '', '', 76),
(44, '', '', '', 77),
(45, '', '', '', 78),
(46, '', '', '', 79),
(47, '', '', '', 81),
(48, '', '', '', 83),
(49, '', '', '', 83),
(50, '', '', '', 84),
(51, '', '', '', 84),
(52, '', '', '', 86),
(53, '', '', '', 87),
(54, '', '', '', 87),
(55, '', '', '', 88),
(56, '', '', '', 89),
(57, '', '', '', 89),
(58, '', '', '', 90),
(59, '', '', '', 91),
(60, '', '', '', 92),
(61, '', '', '', 93),
(62, '', '', '', 94),
(63, '', '', '', 95),
(64, '', '', '', 96),
(65, '', '', '', 97),
(66, '', '', '', 98),
(67, '', '', '', 99),
(68, '', '', '', 100),
(69, '', '', '', 101),
(70, '', '', '', 102),
(71, '', '', '', 103),
(72, '', '', '', 104),
(73, '', '', '', 105),
(74, '', '', '', 106),
(75, '', '', '', 107),
(76, '', '', '', 109),
(77, '', '', '', 111),
(78, '', '', '', 112),
(79, '', '', '', 112),
(80, '', '', '', 113),
(81, '', '', '', 113),
(82, '', '', '', 114),
(83, '', '', '', 115),
(84, '', '', '', 116),
(85, '', '', '', 117),
(86, '', '', '', 118),
(87, '', '', '', 119),
(88, '', '', '', 120),
(89, '', '', '', 121),
(90, '', '', '', 122),
(91, '', '', '', 123),
(92, '', '', '', 124),
(93, '', '', '', 125),
(94, '', '', '', 126),
(95, '', '', '', 127),
(96, '', '', '', 128),
(97, '', '', '', 129),
(98, '', '', '', 130),
(99, '', '', '', 131),
(100, '', '', '', 132),
(101, '', '', '', 133),
(102, '', '', '', 134),
(103, '', '', '', 135),
(104, '', '', '', 136),
(105, '', '', '', 137),
(106, '', '', '', 138),
(107, '', '', '', 139),
(108, '', '', '', 140),
(109, '', '', '', 141),
(110, '', '', '', 142),
(111, '', '', '', 143),
(112, '', '', '', 144),
(113, '', '', '', 145),
(114, '', '', '', 146),
(115, '', '', '', 147),
(116, '', '', '', 148),
(117, '', '', '', 149),
(118, '', '', '', 150),
(119, '', '', '', 151),
(120, '', '', '', 152),
(121, '', '', '', 153),
(122, '', '', '', 154),
(123, '', '', '', 155),
(124, '', '', '', 156),
(125, '', '', '', 157),
(126, '', '', '', 158),
(127, '', '', '', 159),
(128, '', '', '', 160),
(129, '', '', '', 161),
(130, '', '', '', 162),
(131, '', '', '', 163),
(132, '', '', '', 164),
(133, '', '', '', 165),
(134, '', '', '', 166),
(135, '', '', '', 167),
(136, '', '', '', 168),
(137, '', '', '', 169),
(138, '', '', '', 170),
(139, '', '', '', 171),
(140, '', '', '', 172),
(141, '', '', '', 173),
(142, '', '', '', 174),
(143, '', '', '', 175),
(144, '', '', '', 176),
(145, '', '', '', 177),
(146, '', '', '', 178),
(147, '', '', '', 179),
(148, '', '', '', 180),
(149, '', '', '', 181),
(150, '', '', '', 182),
(151, '', '', '', 183),
(152, '', '', '', 184),
(153, '', '', '', 185),
(154, '', '', '', 186),
(155, '', '', '', 187),
(156, '', '', '', 188),
(157, '', '', '', 189),
(158, '', '', '', 190),
(159, '', '', '', 191),
(160, '', '', '', 192),
(161, '', '', '', 193),
(162, '', '', '', 194),
(163, '', '', '', 195),
(164, '', '', '', 196),
(165, '', '', '', 197),
(166, '', '', '', 198),
(167, '', '', '', 199),
(168, '', '', '', 200),
(169, '', '', '', 201),
(170, '', '', '', 202),
(171, '', '', '', 203),
(172, '', '', '', 204),
(173, '', '', '', 205),
(174, '', '', '', 206),
(175, '', '', '', 207),
(176, '', '', '', 208),
(177, '', '', '', 209),
(178, '', '', '', 210),
(179, '', '', '', 211),
(180, '', '', '', 212),
(181, '', '', '', 213),
(182, 'Beto', 'correo@correo.com', '12345', 214),
(183, 'Beto', 'correo@correo.com', '12345', 215),
(186, 'carlos ', 'juan', '748596', 239),
(187, 'csd', 'csd', '45826', 239),
(188, '', '', '', 239),
(189, 'carlos ', 'juan', '748596', 239),
(190, 'csd', 'csd', '45826', 239),
(191, 'csd', 'csd', 'csd', 239),
(192, 'csd', 'csd', 'csd', 239),
(193, 'de', 'dew', 'dwe', 239),
(194, 'ffer', 'fer', 'fer', 239),
(195, 'ffer', 'fer', 'fer', 239);

-- --------------------------------------------------------

--
-- Estructura de tabla para la tabla `co_agr_cooperativa`
--

CREATE TABLE `co_agr_cooperativa` (
  `idCooperativa` int(11) NOT NULL,
  `Consumo` tinyint(1) DEFAULT NULL,
  `Credito` tinyint(1) DEFAULT NULL,
  `Servicios` tinyint(1) DEFAULT NULL,
  `IdEconomia` int(11) DEFAULT NULL
) ENGINE=InnoDB DEFAULT CHARSET=utf8;

--
-- Volcado de datos para la tabla `co_agr_cooperativa`
--

INSERT INTO `co_agr_cooperativa` (`idCooperativa`, `Consumo`, `Credito`, `Servicios`, `IdEconomia`) VALUES
(1, 1, 1, 1, 6),
(2, 1, 1, 1, 6),
(3, 1, 1, 1, 11),
(4, 1, 1, 1, 12),
(5, 1, 1, 1, 13),
(6, 1, 1, 1, 14),
(7, 1, 1, 1, 15),
(8, 1, 1, 1, 16),
(9, 1, 1, 1, 17),
(10, 1, 1, 1, 18),
(11, 1, 1, 1, 19),
(12, 1, 1, 1, 20),
(13, 0, 0, 0, 21),
(14, 0, 0, 0, 22),
(15, 0, 0, 0, 24),
(16, 0, 0, 0, 24),
(17, 0, 0, 0, 25),
(18, 0, 0, 0, 26),
(19, 0, 0, 0, 27),
(20, 0, 0, 0, 28),
(21, 0, 0, 0, 29),
(22, 0, 0, 0, 30),
(23, 0, 0, 0, 32),
(24, 0, 0, 0, 32),
(25, 0, 0, 0, 34),
(26, 0, 0, 0, 34),
(27, 0, 0, 0, 35),
(28, 0, 0, 0, 37),
(29, 0, 0, 0, 37),
(30, 0, 0, 0, 38),
(31, 0, 0, 0, 39),
(32, 0, 0, 0, 40),
(33, 0, 0, 0, 41),
(34, 0, 0, 0, 42),
(35, 0, 0, 0, 43),
(36, 0, 0, 0, 44),
(37, 0, 0, 0, 46),
(38, 0, 0, 0, 46),
(39, 0, 0, 0, 47),
(40, 0, 0, 0, 48),
(41, 0, 0, 0, 49),
(42, 0, 0, 0, 50),
(43, 0, 0, 0, 51),
(44, 0, 0, 0, 52),
(45, 0, 0, 0, 53),
(46, 0, 0, 0, 54),
(47, 0, 0, 0, 55),
(48, 0, 0, 0, 56),
(49, 0, 0, 0, 57),
(50, 0, 0, 0, 58),
(51, 0, 0, 0, 59),
(52, 0, 0, 0, 60),
(53, 0, 0, 0, 61),
(54, 0, 0, 0, 62),
(55, 0, 0, 0, 64),
(56, 0, 0, 0, 64),
(57, 0, 0, 0, 65),
(58, 0, 0, 0, 66),
(59, 0, 0, 0, 67),
(60, 0, 0, 0, 68),
(61, 0, 0, 0, 69),
(62, 0, 0, 0, 70),
(63, 0, 0, 0, 71),
(64, 0, 0, 0, 72),
(65, 0, 0, 0, 73),
(66, 0, 0, 0, 74),
(67, 0, 0, 0, 75),
(68, 0, 0, 0, 76),
(69, 0, 0, 0, 77),
(70, 0, 0, 0, 78),
(71, 0, 0, 0, 79),
(72, 0, 0, 0, 80),
(73, 0, 0, 0, 81),
(74, 0, 0, 0, 82),
(75, 0, 0, 0, 83),
(76, 0, 0, 0, 84),
(77, 0, 0, 0, 85),
(78, 0, 0, 0, 86),
(79, 0, 0, 0, 87),
(80, 0, 0, 0, 88),
(81, 0, 0, 0, 89),
(82, 0, 0, 0, 90),
(83, 0, 0, 0, 91),
(84, 0, 0, 0, 92),
(85, 0, 0, 0, 93),
(86, 0, 0, 0, 94),
(87, 0, 0, 0, 95),
(88, 0, 0, 0, 96),
(89, 0, 0, 0, 97),
(90, 0, 0, 0, 98),
(91, 0, 0, 0, 99),
(92, 0, 0, 0, 100),
(93, 0, 0, 0, 101),
(94, 0, 0, 0, 102),
(95, 0, 0, 0, 103),
(96, 0, 0, 0, 104),
(97, 0, 0, 0, 105),
(98, 0, 0, 0, 106),
(99, 0, 0, 0, 107),
(100, 0, 0, 0, 108),
(101, 0, 0, 0, 109),
(102, 0, 0, 0, 110),
(103, 0, 0, 0, 111),
(104, 0, 0, 0, 112),
(105, 0, 0, 0, 113),
(106, 0, 0, 0, 114),
(107, 0, 0, 0, 115),
(108, 0, 0, 0, 116),
(109, 0, 0, 0, 117),
(110, 0, 0, 0, 118),
(111, 0, 0, 0, 119),
(112, 0, 0, 0, 120),
(113, 0, 0, 0, 121),
(114, 0, 0, 0, 122),
(115, 0, 0, 0, 123),
(116, 0, 0, 0, 124),
(117, 0, 0, 0, 125),
(118, 0, 0, 0, 126),
(119, 0, 0, 0, 127),
(120, 0, 0, 0, 128),
(121, 0, 0, 0, 129),
(122, 0, 0, 0, 130),
(123, 0, 0, 0, 131),
(124, 0, 0, 0, 132),
(125, 0, 0, 0, 133),
(126, 0, 0, 0, 134),
(127, 0, 0, 0, 135),
(128, 0, 0, 0, 136),
(129, 0, 0, 0, 137),
(130, 0, 0, 0, 138),
(131, 0, 0, 0, 139),
(132, 0, 0, 0, 140),
(133, 0, 0, 0, 141),
(134, 0, 0, 0, 142),
(135, 0, 0, 0, 143),
(136, 0, 0, 0, 144),
(137, 0, 0, 0, 145),
(138, 0, 0, 0, 146),
(139, 0, 0, 0, 147),
(140, 0, 0, 0, 148),
(141, 0, 0, 0, 149),
(142, 0, 0, 0, 150),
(143, 0, 0, 0, 151),
(144, 0, 0, 0, 152),
(145, 0, 0, 0, 153),
(146, 0, 0, 0, 154),
(147, 0, 0, 0, 155),
(148, 0, 0, 0, 156),
(149, 0, 0, 0, 157),
(150, 0, 0, 0, 158),
(151, 0, 0, 0, 159),
(152, 0, 0, 0, 160),
(153, 0, 0, 0, 161),
(154, 0, 0, 0, 162),
(155, 0, 0, 0, 163),
(156, 0, 0, 0, 164),
(157, 0, 0, 0, 165),
(158, 0, 0, 0, 166),
(159, 0, 0, 0, 167),
(160, 0, 0, 0, 168),
(161, 0, 0, 0, 169),
(162, 0, 0, 0, 170),
(163, 0, 0, 0, 171),
(164, 0, 0, 0, 172),
(165, 0, 0, 0, 173),
(166, 0, 0, 0, 174),
(167, 0, 0, 0, 175),
(168, 0, 0, 0, 176),
(169, 0, 0, 0, 177),
(170, 0, 0, 0, 178),
(171, 0, 0, 0, 179),
(172, 0, 0, 0, 180),
(173, 0, 0, 0, 181),
(174, 0, 0, 0, 182),
(175, 0, 0, 0, 183),
(176, 0, 0, 0, 184),
(177, 0, 0, 0, 185),
(178, 0, 0, 0, 186),
(179, 0, 0, 0, 187),
(180, 0, 0, 0, 188),
(181, 0, 0, 0, 189),
(182, 0, 0, 0, 190),
(183, 0, 0, 0, 191),
(184, 0, 0, 0, 192),
(185, 0, 0, 0, 193),
(186, 0, 0, 0, 194),
(187, 1, 0, 0, 195),
(188, 1, 0, 0, 196);

-- --------------------------------------------------------

--
-- Estructura de tabla para la tabla `co_agr_cooperativa_colectivo`
--

CREATE TABLE `co_agr_cooperativa_colectivo` (
  `idCooperativaColectivo` int(45) NOT NULL,
  `Consumo` tinyint(1) DEFAULT NULL,
  `Produccion` tinyint(1) DEFAULT NULL,
  `OtroCooperativaColectivo` tinyint(1) DEFAULT NULL,
  `IdTipoColectivoOrganizacion` int(45) NOT NULL
) ENGINE=InnoDB DEFAULT CHARSET=utf8 COLLATE=utf8_bin;

-- --------------------------------------------------------

--
-- Estructura de tabla para la tabla `co_agr_desarollolocal`
--

CREATE TABLE `co_agr_desarollolocal` (
  `idDesarrolloLocal` int(11) NOT NULL,
  `AcomProyectos` tinyint(1) DEFAULT NULL,
  `DesarrolloProyectProduc` tinyint(1) DEFAULT NULL,
  `OrganizacionAgriculturales` tinyint(1) DEFAULT NULL,
  `ProgramaGobierno` tinyint(1) DEFAULT NULL,
  `NucleoAgrario` tinyint(1) DEFAULT NULL,
  `Otro` varchar(120) CHARACTER SET latin1 DEFAULT NULL,
  `idAreaTrabajo` int(11) DEFAULT NULL
) ENGINE=InnoDB DEFAULT CHARSET=utf8;

--
-- Volcado de datos para la tabla `co_agr_desarollolocal`
--

INSERT INTO `co_agr_desarollolocal` (`idDesarrolloLocal`, `AcomProyectos`, `DesarrolloProyectProduc`, `OrganizacionAgriculturales`, `ProgramaGobierno`, `NucleoAgrario`, `Otro`, `idAreaTrabajo`) VALUES
(1, 1, NULL, NULL, NULL, NULL, NULL, NULL),
(2, 1, 1, NULL, NULL, NULL, NULL, NULL),
(3, 1, 1, NULL, 1, NULL, NULL, NULL),
(4, 1, 1, NULL, 1, 1, NULL, NULL),
(5, 1, 1, NULL, 1, 1, 'csddsc', NULL),
(6, 1, 1, 1, 1, 1, NULL, NULL),
(7, 1, 1, 1, 1, 1, 'csddsc', NULL),
(8, 1, 1, 1, 1, 1, 'csddsc', 33),
(9, 1, 1, 1, 1, 1, 'csddsc', 33),
(10, 1, 1, 1, 1, 1, 'Desarrollo Local', 34),
(11, 1, 1, 1, 1, 1, 'Desarrollo Local', 35),
(12, 1, 1, 1, 1, 1, 'Desarrollo Local', 36),
(13, 1, 1, 1, 1, 1, 'Desarrollo Local', 37),
(14, 1, 1, 1, 1, 1, 'Desarrollo Local', 38),
(15, 1, 1, 1, 1, 1, 'Desarrollo Local', 39),
(16, 0, 0, 0, 0, 0, '', 40),
(17, 0, 0, 0, 0, 0, '', 41),
(18, 0, 0, 0, 0, 0, '', 43),
(19, 0, 0, 0, 0, 0, '', 43),
(20, 0, 0, 0, 0, 0, '', 45),
(21, 0, 0, 0, 0, 0, '', 45),
(22, 0, 0, 0, 0, 0, '', 46),
(23, 0, 0, 0, 0, 0, '', 47),
(24, 0, 0, 0, 0, 0, '', 49),
(25, 0, 0, 0, 0, 0, '', 49),
(26, 0, 0, 0, 0, 0, '', 51),
(27, 0, 0, 0, 0, 0, '', 51),
(28, 0, 0, 0, 0, 0, '', 54),
(29, 0, 0, 0, 0, 0, '', 54),
(30, 0, 0, 0, 0, 0, '', 54),
(31, 0, 0, 0, 0, 0, '', 56),
(32, 0, 0, 0, 0, 0, '', 56),
(33, 0, 0, 0, 0, 0, '', 57),
(34, 0, 0, 0, 0, 0, '', 58),
(35, 0, 0, 0, 0, 0, '', 59),
(36, 0, 0, 0, 0, 0, '', 60),
(37, 0, 0, 0, 0, 0, '', 61),
(38, 0, 0, 0, 0, 0, '', 62),
(39, 0, 0, 0, 0, 0, '', 63),
(40, 0, 0, 0, 0, 0, '', 65),
(41, 0, 0, 0, 0, 0, '', 65),
(42, 0, 0, 0, 0, 0, '', 66),
(43, 0, 0, 0, 0, 0, '', 67),
(44, 0, 0, 0, 0, 0, '', 68),
(45, 0, 0, 0, 0, 0, '', 69),
(46, 0, 0, 0, 0, 0, '', 70),
(47, 0, 0, 0, 0, 0, '', 71),
(48, 0, 0, 0, 0, 0, '', 72),
(49, 0, 0, 0, 0, 0, '', 73),
(50, 0, 0, 0, 0, 0, '', 74),
(51, 0, 0, 0, 0, 0, '', 75),
(52, 0, 0, 0, 0, 0, '', 76),
(53, 0, 0, 0, 0, 0, '', 77),
(54, 0, 0, 0, 0, 0, '', 78),
(55, 0, 0, 0, 0, 0, '', 79),
(56, 0, 0, 0, 0, 0, '', 80),
(57, 0, 0, 0, 0, 0, '', 81),
(58, 0, 0, 0, 0, 0, '', 83),
(59, 0, 0, 0, 0, 0, '', 83),
(60, 0, 0, 0, 0, 0, '', 84),
(61, 0, 0, 0, 0, 0, '', 85),
(62, 0, 0, 0, 0, 0, '', 86),
(63, 0, 0, 0, 0, 0, '', 87),
(64, 0, 0, 0, 0, 0, '', 88),
(65, 0, 0, 0, 0, 0, '', 89),
(66, 0, 0, 0, 0, 0, '', 90),
(67, 0, 0, 0, 0, 0, '', 91),
(68, 0, 0, 0, 0, 0, '', 92),
(69, 0, 0, 0, 0, 0, '', 93),
(70, 0, 0, 0, 0, 0, '', 94),
(71, 0, 0, 0, 0, 0, '', 95),
(72, 0, 0, 0, 0, 0, '', 96),
(73, 0, 0, 0, 0, 0, '', 97),
(74, 0, 0, 0, 0, 0, '', 98),
(75, 0, 0, 0, 0, 0, '', 99),
(76, 0, 0, 0, 0, 0, '', 100),
(77, 0, 0, 0, 0, 0, '', 101),
(78, 0, 0, 0, 0, 0, '', 102),
(79, 0, 0, 0, 0, 0, '', 103),
(80, 0, 0, 0, 0, 0, '', 104),
(81, 0, 0, 0, 0, 0, '', 105),
(82, 0, 0, 0, 0, 0, '', 106),
(83, 0, 0, 0, 0, 0, '', 107),
(84, 0, 0, 0, 0, 0, '', 108),
(85, 0, 0, 0, 0, 0, '', 109),
(86, 0, 0, 0, 0, 0, '', 110),
(87, 0, 0, 0, 0, 0, '', 111),
(88, 0, 0, 0, 0, 0, '', 112),
(89, 0, 0, 0, 0, 0, '', 113),
(90, 0, 0, 0, 0, 0, '', 114),
(91, 0, 0, 0, 0, 0, '', 115),
(92, 0, 0, 0, 0, 0, '', 116),
(93, 0, 0, 0, 0, 0, '', 117),
(94, 0, 0, 0, 0, 0, '', 118),
(95, 0, 0, 0, 0, 0, '', 119),
(96, 0, 0, 0, 0, 0, '', 120),
(97, 0, 0, 0, 0, 0, '', 121),
(98, 0, 0, 0, 0, 0, '', 122),
(99, 0, 0, 0, 0, 0, '', 123),
(100, 0, 0, 0, 0, 0, '', 124),
(101, 0, 0, 0, 0, 0, '', 125),
(102, 0, 0, 0, 0, 0, '', 126),
(103, 0, 0, 0, 0, 0, '', 127),
(104, 0, 0, 0, 0, 0, '', 128),
(105, 0, 0, 0, 0, 0, '', 129),
(106, 0, 0, 0, 0, 0, '', 130),
(107, 0, 0, 0, 0, 0, '', 131),
(108, 0, 0, 0, 0, 0, '', 132),
(109, 0, 0, 0, 0, 0, '', 133),
(110, 0, 0, 0, 0, 0, '', 134),
(111, 0, 0, 0, 0, 0, '', 135),
(112, 0, 0, 0, 0, 0, '', 136),
(113, 0, 0, 0, 0, 0, '', 137),
(114, 0, 0, 0, 0, 0, '', 138),
(115, 0, 0, 0, 0, 0, '', 139),
(116, 0, 0, 0, 0, 0, '', 140),
(117, 0, 0, 0, 0, 0, '', 141),
(118, 0, 0, 0, 0, 0, '', 142),
(119, 0, 0, 0, 0, 0, '', 143),
(120, 0, 0, 0, 0, 0, '', 144),
(121, 0, 0, 0, 0, 0, '', 145),
(122, 0, 0, 0, 0, 0, '1', 146),
(123, 0, 0, 0, 0, 0, '1', 147),
(124, 0, 0, 0, 0, 0, '1', 148),
(125, 0, 0, 0, 0, 0, '1', 149),
(126, 0, 0, 0, 0, 0, '1', 150),
(127, 0, 0, 0, 0, 0, '1', 151),
(128, 0, 0, 0, 0, 0, '1', 152),
(129, 0, 0, 0, 0, 0, '1', 153),
(130, 0, 0, 0, 0, 0, '1', 154),
(131, 0, 0, 0, 0, 0, '1', 155),
(132, 0, 0, 0, 0, 0, '1', 156),
(133, 0, 0, 0, 0, 0, '1', 157),
(134, 0, 0, 0, 0, 0, '1', 158),
(135, 0, 0, 0, 0, 0, '1', 159),
(136, 0, 0, 0, 0, 0, '1', 160),
(137, 0, 0, 0, 0, 0, '1', 161),
(138, 0, 0, 0, 0, 0, '1', 162),
(139, 0, 0, 0, 0, 0, '1', 163),
(140, 0, 0, 0, 0, 0, '1', 164),
(141, 0, 0, 0, 0, 0, '1', 165),
(142, 0, 0, 0, 0, 0, '1', 166),
(143, 0, 0, 0, 0, 0, '1', 167),
(144, 0, 0, 0, 0, 0, '1', 168),
(145, 0, 0, 0, 0, 0, '1', 169),
(146, 0, 0, 0, 0, 0, '1', 170),
(147, 0, 0, 0, 0, 0, '1', 171),
(148, 0, 0, 0, 0, 0, '1', 172),
(149, 0, 0, 0, 0, 0, '1', 173),
(150, 0, 0, 0, 0, 0, '1', 174),
(151, 0, 0, 0, 0, 0, '1', 175),
(152, 0, 0, 0, 0, 0, '1', 176),
(153, 0, 0, 0, 0, 0, '1', 177),
(154, 0, 0, 0, 0, 0, '1', 178),
(155, 0, 0, 0, 0, 0, '1', 179),
(156, 0, 0, 0, 0, 0, '1', 180),
(157, 0, 0, 0, 0, 0, '1', 181),
(158, 0, 1, 0, 0, 0, 'Desarrollo Local', 182),
(159, 0, 1, 0, 0, 0, 'Desarrollo Local', 183),
(160, 0, 1, 0, 0, 0, 'Desarrollo Local', 184),
(161, 0, 1, 0, 0, 0, 'Desarrollo Local', 185),
(162, 0, 1, 0, 0, 0, 'Desarrollo Local', 186),
(163, 0, 1, 0, 0, 0, 'Desarrollo Local', 187),
(164, 0, 1, 0, 0, 0, 'Desarrollo Local', 188),
(165, 0, 1, 0, 0, 0, 'Desarrollo Local', 189),
(166, 0, 0, 0, 0, 0, '', 190),
(167, 0, 0, 0, 0, 0, '', 191),
(168, 0, 0, 0, 0, 0, '', 192),
(169, 0, 0, 0, 0, 0, '', 193),
(170, 0, 0, 0, 0, 0, '', 194),
(171, 0, 0, 0, 0, 0, '', 195),
(172, 0, 0, 0, 0, 0, '', 196),
(173, 0, 0, 0, 0, 0, '', 197),
(174, 0, 0, 0, 0, 0, '', 198),
(175, 0, 0, 0, 0, 0, '', 199),
(176, 0, 0, 0, 0, 0, '', 200),
(177, 0, 0, 0, 0, 0, '', 201),
(178, 0, 0, 0, 0, 0, '', 202),
(179, 0, 0, 0, 0, 0, '', 203),
(180, 0, 0, 0, 0, 0, '', 204),
(181, 0, 0, 0, 0, 0, '', 205),
(182, 0, 0, 0, 0, 0, '', 206),
(183, 0, 0, 0, 0, 0, '', 207),
(184, 0, 0, 0, 0, 0, '', 208),
(185, 0, 0, 0, 0, 0, '', 209),
(186, 0, 0, 0, 0, 0, '', 210),
(187, 0, 0, 0, 0, 0, '', 211),
(188, 1, 0, 0, 0, 0, '', 212),
(189, 1, 0, 0, 0, 0, '', 213),
(190, 0, 0, 1, 1, 0, '', 214),
(191, 0, 0, 1, 1, 0, '', 215);

-- --------------------------------------------------------

--
-- Estructura de tabla para la tabla `co_agr_economia`
--

CREATE TABLE `co_agr_economia` (
  `IdEconomia` int(11) NOT NULL,
  `AutoConsumo` tinyint(1) DEFAULT NULL,
  `CertificaParticipativa` tinyint(1) DEFAULT NULL,
  `CertificacionTerceraParte` tinyint(1) DEFAULT NULL,
  `ComercioLocal` tinyint(1) DEFAULT NULL,
  `ComercioRegional` tinyint(1) DEFAULT NULL,
  `EmpresaProducInsumo` tinyint(1) DEFAULT NULL,
  `IniciativaIntercambio` tinyint(1) DEFAULT NULL,
  `MercadoAlternativo` tinyint(1) DEFAULT NULL,
  `SistemaGesta` tinyint(1) DEFAULT NULL,
  `TianguisOrganico` tinyint(1) DEFAULT NULL,
  `Otro` varchar(120) DEFAULT NULL,
  `idAreaTrabajo` int(11) DEFAULT NULL
) ENGINE=InnoDB DEFAULT CHARSET=utf8;

--
-- Volcado de datos para la tabla `co_agr_economia`
--

INSERT INTO `co_agr_economia` (`IdEconomia`, `AutoConsumo`, `CertificaParticipativa`, `CertificacionTerceraParte`, `ComercioLocal`, `ComercioRegional`, `EmpresaProducInsumo`, `IniciativaIntercambio`, `MercadoAlternativo`, `SistemaGesta`, `TianguisOrganico`, `Otro`, `idAreaTrabajo`) VALUES
(1, 1, 1, NULL, NULL, NULL, NULL, NULL, NULL, NULL, NULL, NULL, NULL),
(2, 1, 1, NULL, NULL, NULL, NULL, NULL, NULL, NULL, NULL, NULL, NULL),
(3, 1, 1, NULL, NULL, NULL, NULL, NULL, NULL, NULL, NULL, NULL, NULL),
(4, 1, 1, 1, NULL, NULL, NULL, NULL, NULL, NULL, NULL, NULL, NULL),
(5, 1, 1, 1, 1, 1, NULL, NULL, NULL, NULL, NULL, NULL, NULL),
(6, 1, 1, 1, 1, 1, 1, 1, 1, 1, 1, 'economia', 33),
(7, 1, 1, 1, 1, 1, 1, 1, 1, 1, 1, 'kyuj', 33),
(8, 1, 1, 1, 1, 1, 1, 1, 1, 1, 1, 'kyuj', 33),
(9, 1, 1, 1, 1, 1, 1, 1, 1, 1, 1, 'kyuj', 33),
(10, 1, 1, 1, 1, 1, 1, 1, 1, 1, 1, 'kyuj', 33),
(11, 1, 1, 1, 1, 1, 1, 1, 1, 1, 1, 'kyuj', 33),
(12, 1, 1, 1, 1, 1, 1, 1, 1, 1, 1, 'kyuj', 33),
(13, 1, 1, 1, 1, 1, 1, 1, 1, 1, 1, 'kyuj', 33),
(14, 1, 1, 1, 1, 1, 1, 1, 1, 1, 1, 'enomia', 33),
(15, 1, 1, 1, 1, 1, 1, 1, 1, 1, 1, 'Economia', 34),
(16, 1, 1, 1, 1, 1, 1, 1, 1, 1, 1, 'Economia', 35),
(17, 1, 1, 1, 1, 1, 1, 1, 1, 1, 1, 'Economia', 36),
(18, 1, 1, 1, 1, 1, 1, 1, 1, 1, 1, 'Economia', 37),
(19, 1, 1, 1, 1, 1, 1, 1, 1, 1, 1, 'Economia', 38),
(20, 1, 1, 1, 1, 1, 1, 1, 1, 1, 1, 'Economia', 39),
(21, 0, 0, 0, 0, 0, 0, 0, 0, 0, 0, '', 40),
(22, 0, 0, 0, 0, 0, 0, 0, 0, 0, 0, '', 41),
(23, 0, 0, 0, 0, 0, 0, 0, 0, 0, 0, '', 43),
(24, 0, 0, 0, 0, 0, 0, 0, 0, 0, 0, '', 43),
(25, 0, 0, 0, 0, 0, 0, 0, 0, 0, 0, '', 45),
(26, 0, 0, 0, 0, 0, 0, 0, 0, 0, 0, '', 45),
(27, 0, 0, 0, 0, 0, 0, 0, 0, 0, 0, '', 46),
(28, 0, 0, 0, 0, 0, 0, 0, 0, 0, 0, '', 47),
(29, 0, 0, 0, 0, 0, 0, 0, 0, 0, 0, '', 49),
(30, 0, 0, 0, 0, 0, 0, 0, 0, 0, 0, '', 49),
(31, 0, 0, 0, 0, 0, 0, 0, 0, 0, 0, '', 51),
(32, 0, 0, 0, 0, 0, 0, 0, 0, 0, 0, '', 51),
(33, 0, 0, 0, 0, 0, 0, 0, 0, 0, 0, '', 54),
(34, 0, 0, 0, 0, 0, 0, 0, 0, 0, 0, '', 54),
(35, 0, 0, 0, 0, 0, 0, 0, 0, 0, 0, '', 54),
(36, 0, 0, 0, 0, 0, 0, 0, 0, 0, 0, '', 56),
(37, 0, 0, 0, 0, 0, 0, 0, 0, 0, 0, '', 57),
(38, 0, 0, 0, 0, 0, 0, 0, 0, 0, 0, '', 57),
(39, 0, 0, 0, 0, 0, 0, 0, 0, 0, 0, '', 58),
(40, 0, 0, 0, 0, 0, 0, 0, 0, 0, 0, '', 59),
(41, 0, 0, 0, 0, 0, 0, 0, 0, 0, 0, '', 60),
(42, 0, 0, 0, 0, 0, 0, 0, 0, 0, 0, '', 61),
(43, 0, 0, 0, 0, 0, 0, 0, 0, 0, 0, '', 62),
(44, 0, 0, 0, 0, 0, 0, 0, 0, 0, 0, '', 63),
(45, 0, 0, 0, 0, 0, 0, 0, 0, 0, 0, '', 65),
(46, 0, 0, 0, 0, 0, 0, 0, 0, 0, 0, '', 65),
(47, 0, 0, 0, 0, 0, 0, 0, 0, 0, 0, '', 66),
(48, 0, 0, 0, 0, 0, 0, 0, 0, 0, 0, '', 67),
(49, 0, 0, 0, 0, 0, 0, 0, 0, 0, 0, '', 68),
(50, 0, 0, 0, 0, 0, 0, 0, 0, 0, 0, '', 69),
(51, 0, 0, 0, 0, 0, 0, 0, 0, 0, 0, '', 70),
(52, 0, 0, 0, 0, 0, 0, 0, 0, 0, 0, '', 71),
(53, 0, 0, 0, 0, 0, 0, 0, 0, 0, 0, '', 72),
(54, 0, 0, 0, 0, 0, 0, 0, 0, 0, 0, '', 73),
(55, 0, 0, 0, 0, 0, 0, 0, 0, 0, 0, '', 74),
(56, 0, 0, 0, 0, 0, 0, 0, 0, 0, 0, '', 75),
(57, 0, 0, 0, 0, 0, 0, 0, 0, 0, 0, '', 76),
(58, 0, 0, 0, 0, 0, 0, 0, 0, 0, 0, '', 77),
(59, 0, 0, 0, 0, 0, 0, 0, 0, 0, 0, '', 78),
(60, 0, 0, 0, 0, 0, 0, 0, 0, 0, 0, '', 79),
(61, 0, 0, 0, 0, 0, 0, 0, 0, 0, 0, '', 80),
(62, 0, 0, 0, 0, 0, 0, 0, 0, 0, 0, '', 81),
(63, 0, 0, 0, 0, 0, 0, 0, 0, 0, 0, '', 83),
(64, 0, 0, 0, 0, 0, 0, 0, 0, 0, 0, '', 83),
(65, 0, 0, 0, 0, 0, 0, 0, 0, 0, 0, '', 84),
(66, 0, 0, 0, 0, 0, 0, 0, 0, 0, 0, '', 85),
(67, 0, 0, 0, 0, 0, 0, 0, 0, 0, 0, '', 86),
(68, 0, 0, 0, 0, 0, 0, 0, 0, 0, 0, '', 87),
(69, 0, 0, 0, 0, 0, 0, 0, 0, 0, 0, '', 89),
(70, 0, 0, 0, 0, 0, 0, 0, 0, 0, 0, '', 89),
(71, 0, 0, 0, 0, 0, 0, 0, 0, 0, 0, '', 90),
(72, 0, 0, 0, 0, 0, 0, 0, 0, 0, 0, '', 91),
(73, 0, 0, 0, 0, 0, 0, 0, 0, 0, 0, '', 92),
(74, 0, 0, 0, 0, 0, 0, 0, 0, 0, 0, '', 93),
(75, 0, 0, 0, 0, 0, 0, 0, 0, 0, 0, '', 94),
(76, 0, 0, 0, 0, 0, 0, 0, 0, 0, 0, '', 95),
(77, 0, 0, 0, 0, 0, 0, 0, 0, 0, 0, '', 96),
(78, 0, 0, 0, 0, 0, 0, 0, 0, 0, 0, '', 97),
(79, 0, 0, 0, 0, 0, 0, 0, 0, 0, 0, '', 98),
(80, 0, 0, 0, 0, 0, 0, 0, 0, 0, 0, '', 99),
(81, 0, 0, 0, 0, 0, 0, 0, 0, 0, 0, '', 100),
(82, 0, 0, 0, 0, 0, 0, 0, 0, 0, 0, '', 101),
(83, 0, 0, 0, 0, 0, 0, 0, 0, 0, 0, '', 102),
(84, 0, 0, 0, 0, 0, 0, 0, 0, 0, 0, '', 103),
(85, 0, 0, 0, 0, 0, 0, 0, 0, 0, 0, '', 104),
(86, 0, 0, 0, 0, 0, 0, 0, 0, 0, 0, '', 105),
(87, 0, 0, 0, 0, 0, 0, 0, 0, 0, 0, '', 106),
(88, 0, 0, 0, 0, 0, 0, 0, 0, 0, 0, '', 107),
(89, 0, 0, 0, 0, 0, 0, 0, 0, 0, 0, '', 108),
(90, 0, 0, 0, 0, 0, 0, 0, 0, 0, 0, '', 110),
(91, 0, 0, 0, 0, 0, 0, 0, 0, 0, 0, '', 110),
(92, 0, 0, 0, 0, 0, 0, 0, 0, 0, 0, '', 111),
(93, 0, 0, 0, 0, 0, 0, 0, 0, 0, 0, '', 112),
(94, 0, 0, 0, 0, 0, 0, 0, 0, 0, 0, '', 113),
(95, 0, 0, 0, 0, 0, 0, 0, 0, 0, 0, '', 114),
(96, 0, 0, 0, 0, 0, 0, 0, 0, 0, 0, '', 115),
(97, 0, 0, 0, 0, 0, 0, 0, 0, 0, 0, '', 116),
(98, 0, 0, 0, 0, 0, 0, 0, 0, 0, 0, '', 117),
(99, 0, 0, 0, 0, 0, 0, 0, 0, 0, 0, '', 118),
(100, 0, 0, 0, 0, 0, 0, 0, 0, 0, 0, '', 119),
(101, 0, 0, 0, 0, 0, 0, 0, 0, 0, 0, '', 120),
(102, 0, 0, 0, 0, 0, 0, 0, 0, 0, 0, '', 121),
(103, 0, 0, 0, 0, 0, 0, 0, 0, 0, 0, '', 122),
(104, 0, 0, 0, 0, 0, 0, 0, 0, 0, 0, '', 123),
(105, 0, 0, 0, 0, 0, 0, 0, 0, 0, 0, '', 124),
(106, 0, 0, 0, 0, 0, 0, 0, 0, 0, 0, '', 125),
(107, 0, 0, 0, 0, 0, 0, 0, 0, 0, 0, '', 126),
(108, 0, 0, 0, 0, 0, 0, 0, 0, 0, 0, '', 127),
(109, 0, 0, 0, 0, 0, 0, 0, 0, 0, 0, '', 128),
(110, 0, 0, 0, 0, 0, 0, 0, 0, 0, 0, '', 129),
(111, 0, 0, 0, 0, 0, 0, 0, 0, 0, 0, '', 130),
(112, 0, 0, 0, 0, 0, 0, 0, 0, 0, 0, '', 131),
(113, 0, 0, 0, 0, 0, 0, 0, 0, 0, 0, '', 132),
(114, 0, 0, 0, 0, 0, 0, 0, 0, 0, 0, '', 133),
(115, 0, 0, 0, 0, 0, 0, 0, 0, 0, 0, '', 134),
(116, 0, 0, 0, 0, 0, 0, 0, 0, 0, 0, '', 135),
(117, 0, 0, 0, 0, 0, 0, 0, 0, 0, 0, '', 136),
(118, 0, 0, 0, 0, 0, 0, 0, 0, 0, 0, '', 137),
(119, 0, 0, 0, 0, 0, 0, 0, 0, 0, 0, '', 138),
(120, 0, 0, 0, 0, 0, 0, 0, 0, 0, 0, '', 139),
(121, 0, 0, 0, 0, 0, 0, 0, 0, 0, 0, '', 140),
(122, 0, 0, 0, 0, 0, 0, 0, 0, 0, 0, '', 141),
(123, 0, 0, 0, 0, 0, 0, 0, 0, 0, 0, '', 142),
(124, 0, 0, 0, 0, 0, 0, 0, 0, 0, 0, '', 143),
(125, 0, 0, 0, 0, 0, 0, 0, 0, 0, 0, '', 144),
(126, 0, 0, 0, 0, 0, 0, 0, 0, 0, 0, '', 145),
(127, 0, 0, 0, 0, 0, 0, 0, 0, 0, 0, '1', 146),
(128, 0, 0, 0, 0, 0, 0, 0, 0, 0, 0, '1', 147),
(129, 0, 0, 0, 0, 0, 0, 0, 0, 0, 0, '1', 148),
(130, 0, 0, 0, 0, 0, 0, 0, 0, 0, 0, '1', 149),
(131, 0, 0, 0, 0, 0, 0, 0, 0, 0, 0, '1', 150),
(132, 0, 0, 0, 0, 0, 0, 0, 0, 0, 0, '1', 151),
(133, 0, 0, 0, 0, 0, 0, 0, 0, 0, 0, '1', 152),
(134, 0, 0, 0, 0, 0, 0, 0, 0, 0, 0, '1', 153),
(135, 0, 0, 0, 0, 0, 0, 0, 0, 0, 0, '1', 154),
(136, 0, 0, 0, 0, 0, 0, 0, 0, 0, 0, '1', 155),
(137, 0, 0, 0, 0, 0, 0, 0, 0, 0, 0, '1', 156),
(138, 0, 0, 0, 0, 0, 0, 0, 0, 0, 0, '1', 157),
(139, 0, 0, 0, 0, 0, 0, 0, 0, 0, 0, '1', 158),
(140, 0, 0, 0, 0, 0, 0, 0, 0, 0, 0, '1', 159),
(141, 0, 0, 0, 0, 0, 0, 0, 0, 0, 0, '1', 160),
(142, 0, 0, 0, 0, 0, 0, 0, 0, 0, 0, '1', 161),
(143, 0, 0, 0, 0, 0, 0, 0, 0, 0, 0, '1', 162),
(144, 0, 0, 0, 0, 0, 0, 0, 0, 0, 0, '1', 163),
(145, 0, 0, 0, 0, 0, 0, 0, 0, 0, 0, '1', 164),
(146, 0, 0, 0, 0, 0, 0, 0, 0, 0, 0, '1', 165),
(147, 0, 0, 0, 0, 0, 0, 0, 0, 0, 0, '1', 166),
(148, 0, 0, 0, 0, 0, 0, 0, 0, 0, 0, '1', 167),
(149, 0, 0, 0, 0, 0, 0, 0, 0, 0, 0, '1', 168),
(150, 0, 0, 0, 0, 0, 0, 0, 0, 0, 0, '1', 169),
(151, 0, 0, 0, 0, 0, 0, 0, 0, 0, 0, '1', 170),
(152, 0, 0, 0, 0, 0, 0, 0, 0, 0, 0, '1', 171),
(153, 0, 0, 0, 0, 0, 0, 0, 0, 0, 0, '1', 172),
(154, 0, 0, 0, 0, 0, 0, 0, 0, 0, 0, '1', 173),
(155, 0, 0, 0, 0, 0, 0, 0, 0, 0, 0, '1', 174),
(156, 0, 0, 0, 0, 0, 0, 0, 0, 0, 0, '1', 175),
(157, 0, 0, 0, 0, 0, 0, 0, 0, 0, 0, '1', 176),
(158, 0, 0, 0, 0, 0, 0, 0, 0, 0, 0, '1', 177),
(159, 0, 0, 0, 0, 0, 0, 0, 0, 0, 0, '1', 178),
(160, 0, 0, 0, 0, 0, 0, 0, 0, 0, 0, '1', 179),
(161, 0, 0, 0, 0, 0, 0, 0, 0, 0, 0, '1', 180),
(162, 0, 0, 0, 0, 0, 0, 0, 0, 0, 0, '1', 181),
(163, 0, 0, 0, 0, 0, 1, 1, 0, 0, 0, 'Economia', 182),
(164, 0, 0, 0, 0, 0, 1, 1, 0, 0, 0, 'Economia', 183),
(165, 0, 0, 0, 0, 0, 1, 1, 0, 0, 0, 'Economia', 184),
(166, 0, 0, 0, 0, 0, 1, 1, 0, 0, 0, 'Economia', 185),
(167, 0, 0, 0, 0, 0, 1, 1, 0, 0, 0, 'Economia', 186),
(168, 0, 0, 0, 0, 0, 1, 1, 0, 0, 0, 'Economia', 187),
(169, 0, 0, 0, 0, 0, 1, 1, 0, 0, 0, 'Economia', 188),
(170, 0, 0, 0, 0, 0, 1, 1, 0, 0, 0, 'Economia', 189),
(171, 0, 0, 1, 0, 0, 0, 0, 0, 0, 0, '', 190),
(172, 0, 0, 1, 0, 0, 0, 0, 0, 0, 0, '', 191),
(173, 0, 0, 0, 0, 0, 0, 0, 0, 0, 0, '', 192),
(174, 0, 0, 0, 0, 0, 0, 0, 0, 0, 0, '', 193),
(175, 0, 0, 0, 0, 0, 0, 0, 0, 0, 0, '', 194),
(176, 0, 0, 0, 0, 0, 0, 0, 0, 0, 0, '', 195),
(177, 0, 0, 0, 0, 0, 0, 0, 0, 0, 0, '', 196),
(178, 0, 0, 0, 0, 0, 0, 0, 0, 0, 0, '', 197),
(179, 0, 0, 0, 0, 0, 0, 0, 0, 0, 0, '', 198),
(180, 0, 0, 0, 0, 0, 0, 0, 0, 0, 0, '', 199),
(181, 0, 0, 0, 0, 0, 0, 1, 0, 0, 0, '', 200),
(182, 0, 0, 0, 0, 0, 0, 1, 0, 0, 0, '', 201),
(183, 0, 0, 0, 0, 0, 0, 0, 0, 0, 0, '', 202),
(184, 0, 0, 0, 0, 0, 0, 0, 0, 0, 0, '', 203),
(185, 0, 0, 0, 0, 0, 0, 0, 0, 0, 0, '', 204),
(186, 0, 0, 0, 0, 0, 0, 0, 0, 0, 0, '', 205),
(187, 0, 0, 0, 0, 0, 0, 0, 0, 0, 0, '', 206),
(188, 0, 0, 0, 0, 0, 0, 0, 0, 0, 0, '', 207),
(189, 0, 0, 0, 0, 0, 0, 0, 0, 0, 0, '', 208),
(190, 0, 0, 0, 0, 0, 0, 0, 0, 0, 0, '', 209),
(191, 0, 0, 0, 0, 0, 0, 0, 0, 0, 0, '', 210),
(192, 0, 0, 0, 0, 0, 0, 0, 0, 0, 0, '', 211),
(193, 0, 0, 0, 1, 0, 0, 0, 0, 0, 0, '', 212),
(194, 0, 0, 0, 1, 0, 0, 0, 0, 0, 0, '', 213),
(195, 0, 0, 1, 0, 0, 1, 0, 0, 0, 0, '', 214),
(196, 0, 0, 1, 0, 0, 1, 0, 0, 0, 0, '', 215);

-- --------------------------------------------------------

--
-- Estructura de tabla para la tabla `co_agr_educacion`
--

CREATE TABLE `co_agr_educacion` (
  `idEducacion` int(11) NOT NULL,
  `EscuelaCampesina` tinyint(1) DEFAULT NULL,
  `EscuelaIndigena` tinyint(1) DEFAULT NULL,
  `FormacionTecnico` tinyint(1) DEFAULT NULL,
  `ComuniAprende` tinyint(1) DEFAULT NULL,
  `IniciativaCampesina` tinyint(1) DEFAULT NULL,
  `Otro` varchar(100) DEFAULT NULL,
  `idAreaTrabajo` int(11) DEFAULT NULL
) ENGINE=InnoDB DEFAULT CHARSET=utf8;

--
-- Volcado de datos para la tabla `co_agr_educacion`
--

INSERT INTO `co_agr_educacion` (`idEducacion`, `EscuelaCampesina`, `EscuelaIndigena`, `FormacionTecnico`, `ComuniAprende`, `IniciativaCampesina`, `Otro`, `idAreaTrabajo`) VALUES
(1, NULL, NULL, NULL, NULL, NULL, NULL, NULL),
(2, 1, NULL, NULL, NULL, NULL, NULL, NULL),
(3, 1, NULL, 1, NULL, NULL, NULL, NULL),
(4, 1, NULL, 1, NULL, NULL, NULL, NULL),
(5, 1, NULL, 1, NULL, NULL, NULL, NULL),
(6, 1, NULL, 1, NULL, 1, NULL, NULL),
(7, 1, NULL, 1, NULL, 1, 'educacion', NULL),
(8, 1, NULL, 1, NULL, 1, 'educacion', 33),
(9, 1, NULL, 1, NULL, 1, 'educacion', 33),
(10, 1, NULL, 1, NULL, 1, 'Educacion', 33),
(11, 1, NULL, 1, NULL, 1, 'EducaciÃ³n', 34),
(12, 1, NULL, 1, NULL, 1, 'EducaciÃ³n', 35),
(13, 1, NULL, 1, NULL, 1, 'EducaciÃ³n', 36),
(14, 1, NULL, 1, NULL, 1, 'EducaciÃ³n', 37),
(15, 1, NULL, 1, NULL, 1, 'EducaciÃ³n', 38),
(16, 1, NULL, 1, NULL, 1, 'EducaciÃ³n', 39),
(17, 0, NULL, 0, NULL, 0, '', 40),
(18, 0, NULL, 0, NULL, 0, '', 41),
(19, 0, NULL, 0, NULL, 0, '', 43),
(20, 0, NULL, 0, NULL, 0, '', 43),
(21, 0, NULL, 0, NULL, 0, '', 45),
(22, 0, NULL, 0, NULL, 0, '', 45),
(23, 0, NULL, 0, NULL, 0, '', 46),
(24, 0, NULL, 0, NULL, 0, '', 47),
(25, 0, NULL, 0, NULL, 0, '', 49),
(26, 0, NULL, 0, NULL, 0, '', 49),
(27, 0, NULL, 0, NULL, 0, '', 51),
(28, 0, NULL, 0, NULL, 0, '', 51),
(29, 0, NULL, 0, NULL, 0, '', 54),
(30, 0, NULL, 0, NULL, 0, '', 54),
(31, 0, NULL, 0, NULL, 0, '', 54),
(32, 0, NULL, 0, NULL, 0, '', 57),
(33, 0, NULL, 0, NULL, 0, '', 57),
(34, 0, NULL, 0, NULL, 0, '', 57),
(35, 0, NULL, 0, NULL, 0, '', 58),
(36, 0, NULL, 0, NULL, 0, '', 59),
(37, 0, NULL, 0, NULL, 0, '', 60),
(38, 0, NULL, 0, NULL, 0, '', 61),
(39, 0, NULL, 0, NULL, 0, '', 62),
(40, 0, NULL, 0, NULL, 0, '', 63),
(41, 0, NULL, 0, NULL, 0, '', 65),
(42, 0, NULL, 0, NULL, 0, '', 65),
(43, 0, NULL, 0, NULL, 0, '', 67),
(44, 0, NULL, 0, NULL, 0, '', 67),
(45, 0, NULL, 0, NULL, 0, '', 68),
(46, 0, NULL, 0, NULL, 0, '', 69),
(47, 0, NULL, 0, NULL, 0, '', 70),
(48, 0, NULL, 0, NULL, 0, '', 71),
(49, 0, NULL, 0, NULL, 0, '', 72),
(50, 0, NULL, 0, NULL, 0, '', 73),
(51, 0, NULL, 0, NULL, 0, '', 74),
(52, 0, NULL, 0, NULL, 0, '', 75),
(53, 0, NULL, 0, NULL, 0, '', 76),
(54, 0, NULL, 0, NULL, 0, '', 77),
(55, 0, NULL, 0, NULL, 0, '', 78),
(56, 0, NULL, 0, NULL, 0, '', 80),
(57, 0, NULL, 0, NULL, 0, '', 80),
(58, 0, NULL, 0, NULL, 0, '', 81),
(59, 0, NULL, 0, NULL, 0, '', 83),
(60, 0, NULL, 0, NULL, 0, '', 83),
(61, 0, NULL, 0, NULL, 0, '', 84),
(62, 0, NULL, 0, NULL, 0, '', 86),
(63, 0, NULL, 0, NULL, 0, '', 87),
(64, 0, NULL, 0, NULL, 0, '', 87),
(65, 0, NULL, 0, NULL, 0, '', 89),
(66, 0, NULL, 0, NULL, 0, '', 89),
(67, 0, NULL, 0, NULL, 0, '', 90),
(68, 0, NULL, 0, NULL, 0, '', 91),
(69, 0, NULL, 0, NULL, 0, '', 92),
(70, 0, NULL, 0, NULL, 0, '', 93),
(71, 0, NULL, 0, NULL, 0, '', 94),
(72, 0, NULL, 0, NULL, 0, '', 95),
(73, 0, NULL, 0, NULL, 0, '', 96),
(74, 0, NULL, 0, NULL, 0, '', 97),
(75, 0, NULL, 0, NULL, 0, '', 98),
(76, 0, NULL, 0, NULL, 0, '', 99),
(77, 0, NULL, 0, NULL, 0, '', 100),
(78, 0, NULL, 0, NULL, 0, '', 101),
(79, 0, NULL, 0, NULL, 0, '', 102),
(80, 0, NULL, 0, NULL, 0, '', 103),
(81, 0, NULL, 0, NULL, 0, '', 104),
(82, 0, NULL, 0, NULL, 0, '', 105),
(83, 0, NULL, 0, NULL, 0, '', 106),
(84, 0, NULL, 0, NULL, 0, '', 107),
(85, 0, NULL, 0, NULL, 0, '', 108),
(86, 0, NULL, 0, NULL, 0, '', 110),
(87, 0, NULL, 0, NULL, 0, '', 110),
(88, 0, NULL, 0, NULL, 0, '', 111),
(89, 0, NULL, 0, NULL, 0, '', 112),
(90, 0, NULL, 0, NULL, 0, '', 113),
(91, 0, NULL, 0, NULL, 0, '', 114),
(92, 0, NULL, 0, NULL, 0, '', 115),
(93, 0, NULL, 0, NULL, 0, '', 116),
(94, 0, NULL, 0, NULL, 0, '', 117),
(95, 0, NULL, 0, NULL, 0, '', 118),
(96, 0, NULL, 0, NULL, 0, '', 119),
(97, 0, NULL, 0, NULL, 0, '', 120),
(98, 0, NULL, 0, NULL, 0, '', 121),
(99, 0, NULL, 0, NULL, 0, '', 122),
(100, 0, NULL, 0, NULL, 0, '', 123),
(101, 0, NULL, 0, NULL, 0, '', 124),
(102, 0, NULL, 0, NULL, 0, '', 125),
(103, 0, NULL, 0, NULL, 0, '', 126),
(104, 0, NULL, 0, NULL, 0, '', 127),
(105, 0, NULL, 0, NULL, 0, '', 128),
(106, 0, NULL, 0, NULL, 0, '', 129),
(107, 0, NULL, 0, NULL, 0, '', 130),
(108, 0, NULL, 0, NULL, 0, '', 131),
(109, 0, NULL, 0, NULL, 0, '', 132),
(110, 0, NULL, 0, NULL, 0, '', 133),
(111, 0, NULL, 0, NULL, 0, '', 134),
(112, 0, NULL, 0, NULL, 0, '', 135),
(113, 0, NULL, 0, NULL, 0, '', 136),
(114, 0, NULL, 0, NULL, 0, '', 137),
(115, 0, NULL, 0, NULL, 0, '', 138),
(116, 0, NULL, 0, NULL, 0, '', 139),
(117, 0, NULL, 0, NULL, 0, '', 140),
(118, 0, NULL, 0, NULL, 0, '', 141),
(119, 0, NULL, 0, NULL, 0, '', 142),
(120, 0, NULL, 0, NULL, 0, '', 143),
(121, 0, NULL, 0, NULL, 0, '', 144),
(122, 0, NULL, 0, NULL, 0, '', 145),
(123, 0, NULL, 0, NULL, 0, '', 146),
(124, 0, NULL, 0, NULL, 0, '', 147),
(125, 0, NULL, 0, NULL, 0, '', 148),
(126, 0, NULL, 0, NULL, 0, '', 149),
(127, 0, NULL, 0, NULL, 0, '1', 150),
(128, 0, NULL, 0, NULL, 0, '1', 151),
(129, 0, NULL, 0, NULL, 0, '1', 152),
(130, 0, NULL, 0, NULL, 0, '1', 153),
(131, 0, NULL, 0, NULL, 0, '1', 154),
(132, 0, NULL, 0, NULL, 0, '1', 155),
(133, 0, NULL, 0, NULL, 0, '1', 156),
(134, 0, NULL, 0, NULL, 0, '1', 157),
(135, 0, NULL, 0, NULL, 0, '1', 158),
(136, 0, NULL, 0, NULL, 0, '1', 159),
(137, 0, NULL, 0, NULL, 0, '1', 160),
(138, 0, NULL, 0, NULL, 0, '1', 161),
(139, 0, NULL, 0, NULL, 0, '1', 162),
(140, 0, NULL, 0, NULL, 0, '1', 163),
(141, 0, NULL, 0, NULL, 0, '1', 164),
(142, 0, NULL, 0, NULL, 0, '1', 165),
(143, 0, NULL, 0, NULL, 0, '1', 166),
(144, 0, NULL, 0, NULL, 0, '1', 167),
(145, 0, NULL, 0, NULL, 0, '1', 168),
(146, 0, NULL, 0, NULL, 0, '1', 169),
(147, 0, NULL, 0, NULL, 0, '1', 170),
(148, 0, NULL, 0, NULL, 0, '1', 171),
(149, 0, NULL, 0, NULL, 0, '1', 172),
(150, 0, NULL, 0, NULL, 0, '1', 173),
(151, 0, NULL, 0, NULL, 0, '1', 174),
(152, 0, NULL, 0, NULL, 0, '1', 175),
(153, 0, NULL, 0, NULL, 0, '1', 176),
(154, 0, NULL, 0, NULL, 0, '1', 177),
(155, 0, NULL, 0, NULL, 0, '1', 178),
(156, 0, NULL, 0, NULL, 0, '1', 179),
(157, 0, NULL, 0, NULL, 0, '1', 180),
(158, 0, NULL, 0, NULL, 0, '1', 181),
(159, 0, NULL, 0, NULL, 0, 'EducaciÃ³n', 182),
(160, 0, NULL, 0, NULL, 0, 'EducaciÃ³n', 183),
(161, 0, NULL, 0, NULL, 0, 'EducaciÃ³n', 184),
(162, 0, NULL, 0, NULL, 0, 'EducaciÃ³n', 185),
(163, 0, NULL, 0, NULL, 0, 'EducaciÃ³n', 186),
(164, 0, NULL, 0, NULL, 0, 'EducaciÃ³n', 187),
(165, 0, NULL, 0, NULL, 0, 'EducaciÃ³n', 188),
(166, 0, NULL, 0, NULL, 0, 'EducaciÃ³n', 189),
(167, 0, NULL, 0, NULL, 0, '', 190),
(168, 0, NULL, 0, NULL, 0, '', 191),
(169, 0, NULL, 0, NULL, 0, '', 192),
(170, 0, NULL, 0, NULL, 0, '', 193),
(171, 0, NULL, 0, NULL, 0, '', 194),
(172, 0, NULL, 0, NULL, 0, '', 195),
(173, 0, NULL, 0, NULL, 0, '', 196),
(174, 0, NULL, 0, NULL, 0, '', 197),
(175, 0, NULL, 0, NULL, 0, '', 198),
(176, 0, NULL, 0, NULL, 0, '', 199),
(177, 0, NULL, 0, NULL, 0, '', 200),
(178, 0, NULL, 0, NULL, 0, '', 201),
(179, 0, NULL, 0, NULL, 0, '', 202),
(180, 0, NULL, 0, NULL, 0, '', 203),
(181, 0, NULL, 0, NULL, 0, '', 204),
(182, 0, NULL, 0, NULL, 0, '', 205),
(183, 0, NULL, 0, NULL, 0, '', 206),
(184, 0, NULL, 0, NULL, 0, '', 207),
(185, 0, NULL, 0, NULL, 0, '', 208),
(186, 0, NULL, 0, NULL, 0, '', 209),
(187, 0, NULL, 0, NULL, 0, '', 210),
(188, 0, NULL, 0, NULL, 0, '', 211),
(189, 0, NULL, 0, NULL, 0, '', 212),
(190, 0, NULL, 0, NULL, 0, '', 213),
(191, 0, NULL, 1, NULL, 1, '', 214),
(192, 0, NULL, 1, NULL, 1, '', 215);

-- --------------------------------------------------------

--
-- Estructura de tabla para la tabla `co_agr_educacionformal`
--

CREATE TABLE `co_agr_educacionformal` (
  `Basica` tinyint(1) DEFAULT NULL,
  `MediaSuperior` tinyint(1) DEFAULT NULL,
  `Superior` tinyint(1) DEFAULT NULL,
  `idEducacionFormal` int(45) NOT NULL,
  `idEducacion` int(45) NOT NULL
) ENGINE=InnoDB DEFAULT CHARSET=utf8 COLLATE=utf8_bin;

-- --------------------------------------------------------

--
-- Estructura de tabla para la tabla `co_agr_empresa_colectivo`
--

CREATE TABLE `co_agr_empresa_colectivo` (
  `idEmpresaColectivo` int(45) NOT NULL,
  `Social` tinyint(1) DEFAULT NULL,
  `Privada` tinyint(1) DEFAULT NULL,
  `idTipoColectivoOrganizacion` int(45) NOT NULL
) ENGINE=InnoDB DEFAULT CHARSET=utf8 COLLATE=utf8_bin;

-- --------------------------------------------------------

--
-- Estructura de tabla para la tabla `co_agr_entrevista`
--

CREATE TABLE `co_agr_entrevista` (
  `idEntrevista` int(30) NOT NULL,
  `NombreGrupo` varchar(45) CHARACTER SET latin1 DEFAULT NULL,
  `NombreRepresentante` varchar(45) CHARACTER SET latin1 DEFAULT NULL,
  `Correo` varchar(45) CHARACTER SET latin1 DEFAULT NULL,
  `SitioWebPerfil` varchar(45) CHARACTER SET latin1 DEFAULT NULL,
  `SitioFacebook` varchar(45) DEFAULT NULL,
  `Direccion` varchar(45) CHARACTER SET latin1 DEFAULT NULL,
  `CodigoPostal` varchar(45) CHARACTER SET latin1 DEFAULT NULL,
  `idUser` int(11) DEFAULT NULL,
  `nombreUsuario` varchar(50) DEFAULT NULL
) ENGINE=InnoDB DEFAULT CHARSET=utf8;

--
-- Volcado de datos para la tabla `co_agr_entrevista`
--

INSERT INTO `co_agr_entrevista` (`idEntrevista`, `NombreGrupo`, `NombreRepresentante`, `Correo`, `SitioWebPerfil`, `SitioFacebook`, `Direccion`, `CodigoPostal`, `idUser`, `nombreUsuario`) VALUES
(33, 'juan', 'dwq', 'vdfv@hotmail.com', 'sitio de muestra', NULL, 'vdsv', '78549', NULL, '0'),
(34, 'muestra ', 'juan ', 'vdfv@hotmail.com', 'muestra de  pagina ', NULL, 'limones', '78549', NULL, '0'),
(35, 'muestra ', 'juan ', 'vdfv@hotmail.com', 'muestra de  pagina ', NULL, 'limones', '78549', NULL, '0'),
(36, 'muestra ', 'juan ', 'vdfv@hotmail.com', 'muestra de  pagina ', NULL, 'limones', '78549', NULL, '0'),
(37, 'muestra ', 'juan ', 'vdfv@hotmail.com', 'muestra de  pagina ', NULL, 'limones', '78549', NULL, '0'),
(38, 'muestra ', 'juan ', 'vdfv@hotmail.com', 'muestra de  pagina ', NULL, 'limones', '78549', NULL, '0'),
(39, 'muestra ', 'juan ', 'vdfv@hotmail.com', 'muestra de  pagina ', NULL, 'limones', '78549', NULL, '0'),
(40, '', '', '', '', NULL, '', '', NULL, '0'),
(41, '', '', '', '', NULL, '', '', NULL, '0'),
(42, '', '', '', '', NULL, '', '', NULL, '0'),
(43, '', '', '', '', NULL, '', '', NULL, '0'),
(44, '', '', '', '', NULL, '', '', NULL, '0'),
(45, '', '', '', '', NULL, '', '', NULL, '0'),
(46, 'csd', '', '', '', NULL, '', '', NULL, '0'),
(47, 'csd', '', '', '', NULL, '', '', NULL, '0'),
(48, 'csd', '', '', '', NULL, '', '', NULL, '0'),
(49, 'csd', '', '', '', NULL, '', '', NULL, '0'),
(50, 'csd', '', '', '', NULL, '', '', NULL, '0'),
(51, 'csd', '', '', '', NULL, '', '', NULL, '0'),
(52, 'csd', '', '', '', NULL, '', '', NULL, '0'),
(53, 'csd', '', '', '', NULL, '', '', NULL, '0'),
(54, 'csd', '', '', '', NULL, '', '', NULL, '0'),
(55, 'csd', '', '', '', NULL, '', '', NULL, '0'),
(56, 'csd', '', '', '', NULL, '', '', NULL, '0'),
(57, 'csd', '', '', '', NULL, '', '', NULL, '0'),
(58, 'csddccsd', '', '', '', NULL, '', '', NULL, '0'),
(59, 'csddccsd', '', '', '', NULL, '', '', NULL, '0'),
(60, 'casc', '', 'vdfv@hotmail.com', '', NULL, 'vdsv', '', NULL, '0'),
(61, 'casc', '', 'vdfv@hotmail.com', '', NULL, 'vdsv', '', NULL, '0'),
(62, 'dcwfref', '', '', '', NULL, '', '', NULL, '0'),
(63, 'dcwfref', '', '', '', NULL, '', '', NULL, '0'),
(64, 'dcwfref', '', '', '', NULL, '', '', NULL, '0'),
(65, 'dcwfref', '', '', '', NULL, '', '', NULL, '0'),
(66, 'dcwfref', '', '', '', NULL, '', '', NULL, '0'),
(67, 'dcwfref', '', '', '', NULL, '', '', NULL, '0'),
(68, 'svd', '', '', '', NULL, '', '', NULL, '0'),
(69, 'svd', '', '', '', NULL, '', '', NULL, '0'),
(70, 'vfcsd', '', '', '', NULL, '', '', NULL, '0'),
(71, 'vfcsd', '', '', '', NULL, '', '', NULL, '0'),
(72, '', '', '', '', NULL, '', '', NULL, '0'),
(73, '', '', '', '', NULL, '', '', NULL, '0'),
(74, '', '', '', '', NULL, '', '', NULL, '0'),
(75, '', '', '', '', NULL, '', '', NULL, '0'),
(76, '', '', '', '', NULL, '', '', NULL, '0'),
(77, '', '', '', '', NULL, '', '', NULL, '0'),
(78, '', '', '', '', NULL, '', '', NULL, '0'),
(79, 'cs', '', '', '', NULL, '', '', NULL, '0'),
(80, '', '', '', '', NULL, '', '', NULL, '0'),
(81, 'cs', 'csd', '', '', NULL, '', '', NULL, '0'),
(82, 'cs', '', '', '', NULL, '', '', NULL, '0'),
(83, 'cs', 'csd', 'csd', '', NULL, '', '', NULL, '0'),
(84, 'cs', 'csd', '', '', NULL, '', '', NULL, '0'),
(85, 'cs', 'csd', 'csd', '', NULL, '', '', NULL, '0'),
(86, 'cs', 'csd', 'csd', 'cs', NULL, '', '', NULL, '0'),
(87, 'cs', 'csd', 'csd', 'cs', NULL, '', '', NULL, '0'),
(88, 'cs', 'csd', 'csd', 'cs', NULL, '', '', NULL, '0'),
(89, 'cs', 'csd', 'csd', 'cs', NULL, '', '', NULL, '0'),
(90, 'vdf', 'vdf', 'vdfv@hotmail.com', 'dfv', NULL, 'vdsv', '8955', NULL, '0'),
(91, 'vdf', 'vdf', 'vdfv@hotmail.com', 'dfv', NULL, 'vdsv', '8955', NULL, '0'),
(92, 'adxac', '', '', '', NULL, '', '', NULL, '0'),
(93, 'adxac', '', '', '', NULL, '', '', NULL, '0'),
(94, 'adxac', '', '', '', NULL, '', '', NULL, '0'),
(95, 'adxac', '', '', '', NULL, '', '', NULL, '0'),
(96, 'adxac', '', '', '', NULL, '', '', NULL, '0'),
(97, 'adxac', '', '', '', NULL, '', '', NULL, '0'),
(98, 'ewfe', '', '', '', NULL, '', '', NULL, '0'),
(99, 'ewfe', '', '', '', NULL, '', '', NULL, '0'),
(100, 'ewfe', '', '', '', NULL, '', '', NULL, '0'),
(101, 'ewfe', '', '', '', NULL, '', '', NULL, '0'),
(102, 'ewfe', '', '', '', NULL, '', '', NULL, '0'),
(103, 'ewfe', '', '', '', NULL, '', '', NULL, '0'),
(104, 'ewfe', '', '', '', NULL, '', '', NULL, '0'),
(105, 'ewfe', '', '', '', NULL, '', '', NULL, '0'),
(106, 'ewfe', '', '', '', NULL, '', '', NULL, '0'),
(107, 'ewfe', '', '', '', NULL, '', '', NULL, '0'),
(108, 'ewfe', '', '', '', NULL, '', '', NULL, '0'),
(109, 'ewfe', '', '', '', NULL, '', '', NULL, '0'),
(110, 'ewfe', '', '', '', NULL, '', '', NULL, '0'),
(111, 'ewfe', '', '', '', NULL, '', '', NULL, '0'),
(112, 'ewfe', '', '', '', NULL, '', '', NULL, '0'),
(113, 'ewfe', '', '', '', NULL, '', '', NULL, '0'),
(114, 'muestras ', '', '', '', NULL, '', '', NULL, '0'),
(115, 'muestras ', '', '', '', NULL, '', '', NULL, '0'),
(116, 'casa', '', '', '', NULL, '', '', NULL, '0'),
(117, 'casa', '', '', '', NULL, '', '', NULL, '0'),
(118, 'csdd', '', '', '', NULL, '', '', NULL, '0'),
(119, 'csdd', '', '', '', NULL, '', '', NULL, '0'),
(120, 'vsd', 'cas', 'vdfv@hotmail.com', 'cas', NULL, 'vdsv', '9854', NULL, '0'),
(121, 'vsd', 'cas', 'vdfv@hotmail.com', 'cas', NULL, 'vdsv', '9854', NULL, '0'),
(122, 'juan', 'cds', 'vdfv@hotmail.com', 'csd', NULL, 'vdsv', '741', NULL, '0'),
(123, 'juan', 'cds', 'vdfv@hotmail.com', 'csd', NULL, 'vdsv', '741', NULL, '0'),
(124, 'juan', 'cds', 'vdfv@hotmail.com', 'csd', NULL, 'vdsv', '741', NULL, '0'),
(125, 'juan', 'cds', 'vdfv@hotmail.com', 'csd', NULL, 'vdsv', '741', NULL, '0'),
(126, 'juan', 'cds', 'vdfv@hotmail.com', 'csd', NULL, 'vdsv', '741', NULL, '0'),
(127, 'juan', 'cds', 'vdfv@hotmail.com', 'csd', NULL, 'vdsv', '741', NULL, '0'),
(128, 'juan', 'cds', 'vdfv@hotmail.com', 'csd', NULL, 'vdsv', '741', NULL, '0'),
(129, 'juan', 'cds', 'vdfv@hotmail.com', 'csd', NULL, 'vdsv', '741', NULL, '0'),
(130, 'juan', 'cds', 'vdfv@hotmail.com', 'csd', NULL, 'vdsv', '741', NULL, '0'),
(131, 'juan', 'cds', 'vdfv@hotmail.com', 'csd', NULL, 'vdsv', '741', NULL, '0'),
(132, 'juan', 'cds', 'vdfv@hotmail.com', 'csd', NULL, 'vdsv', '741', NULL, '0'),
(133, 'juan', 'cds', 'vdfv@hotmail.com', 'csd', NULL, 'vdsv', '741', NULL, '0'),
(134, 'vdf', 'vdf', 'vdfv@hotmail.com', 'vdf', NULL, 'vdsv', '74859', NULL, '0'),
(135, 'vdf', 'vdf', 'vdfv@hotmail.com', 'vdf', NULL, 'vdsv', '74859', NULL, '0'),
(136, 'vdf', 'vdf', 'vdfv@hotmail.com', 'vdf', NULL, 'vdsv', '74859', NULL, '0'),
(137, 'vdf', 'vdf', 'vdfv@hotmail.com', 'vdf', NULL, 'vdsv', '74859', NULL, '0'),
(138, 'vdf', 'vdf', 'vdfv@hotmail.com', 'vdf', NULL, 'vdsv', '74859', NULL, '0'),
(139, 'vdf', 'vdf', 'vdfv@hotmail.com', 'vdf', NULL, 'vdsv', '74859', NULL, '0'),
(140, 'vdf', 'vdf', 'vdfv@hotmail.com', 'vdf', NULL, 'vdsv', '74859', NULL, '0'),
(141, 'vdf', 'vdf', 'vdfv@hotmail.com', 'vdf', NULL, 'vdsv', '74859', NULL, '0'),
(142, 'vdf', 'vdf', 'vdfv@hotmail.com', 'vdf', NULL, 'vdsv', '74859', NULL, '0'),
(143, 'vdf', 'vdf', 'vdfv@hotmail.com', 'vdf', NULL, 'vdsv', '74859', NULL, '0'),
(144, 'vdf', 'vdf', 'vdfv@hotmail.com', 'vdf', NULL, 'vdsv', '74859', NULL, '0'),
(145, 'vdf', 'vdf', 'vdfv@hotmail.com', 'vdf', NULL, 'vdsv', '74859', NULL, '0'),
(146, 'vdf', 'vdf', 'vdfv@hotmail.com', 'vdf', NULL, 'vdsv', '74859', NULL, '0'),
(147, 'vdf', 'vdf', 'vdfv@hotmail.com', 'vdf', NULL, 'vdsv', '74859', NULL, '0'),
(148, 'vdf', 'vdf', 'vdfv@hotmail.com', 'vdf', NULL, 'vdsv', '74859', NULL, '0'),
(149, 'vdf', 'vdf', 'vdfv@hotmail.com', 'vdf', NULL, 'vdsv', '74859', NULL, '0'),
(150, 'vdf', 'vdf', 'vdfv@hotmail.com', 'vdf', NULL, 'vdsv', '74859', NULL, '0'),
(151, 'vdf', 'vdf', 'vdfv@hotmail.com', 'vdf', NULL, 'vdsv', '74859', NULL, '0'),
(152, 'vdf', 'vdf', 'vdfv@hotmail.com', 'vdf', NULL, 'vdsv', '74859', NULL, '0'),
(153, 'vdf', 'vdf', 'vdfv@hotmail.com', 'vdf', NULL, 'vdsv', '74859', NULL, '0'),
(154, 'vdf', 'vdf', 'vdfv@hotmail.com', 'vdf', NULL, 'vdsv', '74859', NULL, '0'),
(155, 'vdf', 'vdf', 'vdfv@hotmail.com', 'vdf', NULL, 'vdsv', '74859', NULL, '0'),
(156, 'vdf', 'vdf', 'vdfv@hotmail.com', 'vdf', NULL, 'vdsv', '74859', NULL, '0'),
(157, 'vdf', 'vdf', 'vdfv@hotmail.com', 'vdf', NULL, 'vdsv', '74859', NULL, '0'),
(158, 'vdf', 'vdf', 'vdfv@hotmail.com', 'vdf', NULL, 'vdsv', '74859', NULL, '0'),
(159, 'vdf', 'vdf', 'vdfv@hotmail.com', 'vdf', NULL, 'vdsv', '74859', NULL, '0'),
(160, 'vdf', 'vdf', 'vdfv@hotmail.com', 'vdf', NULL, 'vdsv', '74859', NULL, '0'),
(161, 'vdf', 'vdf', 'vdfv@hotmail.com', 'vdf', NULL, 'vdsv', '74859', NULL, '0'),
(162, 'vdf', 'vdf', 'vdfv@hotmail.com', 'vdf', NULL, 'vdsv', '74859', NULL, '0'),
(163, 'vdf', 'vdf', 'vdfv@hotmail.com', 'vdf', NULL, 'vdsv', '74859', NULL, '0'),
(164, 'vdf', 'vdf', 'vdfv@hotmail.com', 'vdf', NULL, 'vdsv', '74859', NULL, '0'),
(165, 'vdf', 'vdf', 'vdfv@hotmail.com', 'vdf', NULL, 'vdsv', '74859', NULL, '0'),
(166, 'vdf', 'vdf', 'vdfv@hotmail.com', 'vdf', NULL, 'vdsv', '74859', NULL, '0'),
(167, 'vdf', 'vdf', 'vdfv@hotmail.com', 'vdf', NULL, 'vdsv', '74859', NULL, '0'),
(168, 'vdf', 'vdf', 'vdfv@hotmail.com', 'vdf', NULL, 'vdsv', '74859', NULL, '0'),
(169, 'vdf', 'vdf', 'vdfv@hotmail.com', 'vdf', NULL, 'vdsv', '74859', NULL, '0'),
(170, 'vdf', 'vdf', 'vdfv@hotmail.com', 'vdf', NULL, 'vdsv', '74859', NULL, '0'),
(171, 'vdf', 'vdf', 'vdfv@hotmail.com', 'vdf', NULL, 'vdsv', '74859', NULL, '0'),
(172, 'vdf', 'vdf', 'vdfv@hotmail.com', 'vdf', NULL, 'vdsv', '74859', NULL, '0'),
(173, 'vdf', 'vdf', 'vdfv@hotmail.com', 'vdf', NULL, 'vdsv', '74859', NULL, '0'),
(174, 'vdf', 'vdf', 'vdfv@hotmail.com', 'vdf', NULL, 'vdsv', '74859', NULL, '0'),
(175, 'vdf', 'vdf', 'vdfv@hotmail.com', 'vdf', NULL, 'vdsv', '74859', NULL, '0'),
(176, 'vdf', 'vdf', 'vdfv@hotmail.com', 'vdf', NULL, 'vdsv', '74859', NULL, '0'),
(177, 'vdf', 'vdf', 'vdfv@hotmail.com', 'vdf', NULL, 'vdsv', '74859', NULL, '0'),
(178, 'vdf', 'vdf', 'vdfv@hotmail.com', 'vdf', NULL, 'vdsv', '74859', NULL, '0'),
(179, 'vdf', 'vdf', 'vdfv@hotmail.com', 'vdf', NULL, 'vdsv', '74859', NULL, '0'),
(180, 'vdf', 'vdf', 'vdfv@hotmail.com', 'vdf', NULL, 'vdsv', '74859', NULL, '0'),
(181, 'vdf', 'vdf', 'vdfv@hotmail.com', 'vdf', NULL, 'vdsv', '74859', NULL, '0'),
(182, 'vdf', 'vdf', 'vdfv@hotmail.com', 'vdf', NULL, 'vdsv', '74859', NULL, '0'),
(183, 'vdf', 'vdf', 'vdfv@hotmail.com', 'vdf', NULL, 'vdsv', '74859', NULL, '0'),
(184, 'vdf', 'vdf', 'vdfv@hotmail.com', 'vdf', NULL, 'vdsv', '74859', NULL, '0'),
(185, 'vdf', 'vdf', 'vdfv@hotmail.com', 'vdf', NULL, 'vdsv', '74859', NULL, '0'),
(186, 'vdf', 'vdf', 'vdfv@hotmail.com', 'vdf', NULL, 'vdsv', '74859', NULL, '0'),
(187, 'vdf', 'vdf', 'vdfv@hotmail.com', 'vdf', NULL, 'vdsv', '74859', NULL, '0'),
(188, 'vdf', 'vdf', 'vdfv@hotmail.com', 'vdf', NULL, 'vdsv', '74859', NULL, '0'),
(189, 'vdf', 'vdf', 'vdfv@hotmail.com', 'vdf', NULL, 'vdsv', '74859', NULL, '0'),
(190, 'csa', 'csa', 'csa', 'cas', NULL, 'cas', '7849', NULL, '0'),
(191, 'csa', 'csa', 'csa', 'cas', NULL, 'cas', '7849', NULL, '0'),
(192, 'xas', 'xas', 'vdfv@hotmail.com', 'cas', NULL, 'vdsv', '140', NULL, '0'),
(193, 'xas', 'xas', 'vdfv@hotmail.com', 'cas', NULL, 'vdsv', '140', NULL, '0'),
(194, 'xas', 'xas', 'vdfv@hotmail.com', 'cas', NULL, 'vdsv', '140', NULL, '0'),
(195, 'xas', 'xas', 'vdfv@hotmail.com', 'cas', NULL, 'vdsv', '140', NULL, '0'),
(196, 'fejnfjnv', 'csdc', 'vdfv@hotmail.com', 'cas', NULL, 'vdsv', '', NULL, '0'),
(197, 'fejnfjnv', 'csdc', 'vdfv@hotmail.com', 'cas', NULL, 'vdsv', '', NULL, '0'),
(198, 'vdfd', 'vfvdf', 'dv@sdc.com', 'vfd', NULL, 'vdf', '14521', NULL, '0'),
(199, 'vdfd', 'vfvdf', 'dv@sdc.com', 'vfd', NULL, 'vdf', '14521', NULL, '0'),
(200, 'muestra ', 'juan perez', 'muestra@hotmail.com', 'csd', NULL, 'ca', '48596', NULL, '0'),
(201, 'muestra ', 'juan perez', 'muestra@hotmail.com', 'csd', NULL, 'ca', '48596', NULL, '0'),
(202, 'csdcds', 'csdcds', 'csd@hotmail.com', 'cas', NULL, 'cas', '74859', NULL, '0'),
(203, 'csdcds', 'csdcds', 'csd@hotmail.com', 'cas', NULL, 'cas', '74859', NULL, '0'),
(204, 'csdcds', 'csdcds', 'csd@hotmail.com', 'cas', NULL, 'cas', '74859', NULL, '0'),
(205, 'csdcds', 'csdcds', 'csd@hotmail.com', 'cas', NULL, 'cas', '74859', NULL, '0'),
(206, 'csdcds', 'csdcds', 'csd@hotmail.com', 'cas', NULL, 'cas', '74859', NULL, '0'),
(207, 'csdcds', 'csdcds', 'csd@hotmail.com', 'cas', NULL, 'cas', '74859', NULL, '0'),
(208, 'vdf', 'vdfvf', 'vdf@dcsjn.com', 'csd', NULL, 'csd', '74859', NULL, '0'),
(209, 'vdf', 'vdfvf', 'vdf@dcsjn.com', 'csd', NULL, 'csd', '74859', NULL, '0'),
(210, 'vdf', 'vdfvf', 'vdf@dcsjn.com', 'csd', NULL, 'csd', '74859', NULL, '0'),
(211, 'vdf', 'vdfvf', 'vdf@dcsjn.com', 'csd', NULL, 'csd', '74859', NULL, '0'),
(212, 'csefsvd', 'vdsvdsv', 'vsd@cdsd', 'csdcds', NULL, 'csd', '5322', NULL, '0'),
(213, 'csefsvd', 'vdsvdsv', 'vsd@cdsd', 'csdcds', NULL, 'csd', '5322', NULL, '0'),
(214, 'Muestra', 'Alberto', 'asas@gmail.com', 'wwww.prueba.com', NULL, 'Lopez Mateos', '91025', NULL, '0'),
(215, 'Muestra', 'Alberto', 'asas@gmail.com', 'wwww.prueba.com', NULL, 'Lopez Mateos', '91025', NULL, '0'),
(239, 'jose carlos castillo villa', 'juan carlos ', 'DevJCCastilloVilla@hotmail.com', 'xasxas', 'xsaxsa', 'limones, los prados', '91158', 1, 'user1'),
(240, 'jose carlos castillo villa', 'puedes', 'DevJCCastilloVilla@hotmail.com', 'sc', 'cds', 'limones, los prados', '91158', 82, 'Carlos_p'),
(241, 'grupo78', 'obeb pino', 'vdfv@hotmail.com', '', '', 'vdsv', '91158', 83, 'user_root'),
(242, 'grupo3', 'obeb pino', 'DevJCCastilloVilla@hotmail.com', '', '', 'limones, los prados', '91158', 84, 'muestra_2111'),
(243, 'asdfgh', 'adsfghj', 'jasjs@gmail.com', 'asdasdd', 'adsdsasdd', 'adsadasd', '91050', 85, 'user4');

-- --------------------------------------------------------

--
-- Estructura de tabla para la tabla `co_agr_estado`
--

CREATE TABLE `co_agr_estado` (
  `cve_ent` varchar(2) NOT NULL,
  `opcion` varchar(40) DEFAULT NULL
) ENGINE=InnoDB DEFAULT CHARSET=utf8;

--
-- Volcado de datos para la tabla `co_agr_estado`
--

INSERT INTO `co_agr_estado` (`cve_ent`, `opcion`) VALUES
('1', 'Aguascalientes'),
('10', 'Durango'),
('11', 'Guanajuato'),
('12', 'Guerrero'),
('13', 'Hidalgo'),
('14', 'Jalisco'),
('15', 'México'),
('16', 'Michoacán de Ocampo'),
('17', 'Morelos'),
('18', 'Nayarit'),
('19', 'Nuevo León'),
('2', 'Baja California'),
('20', 'Oaxaca'),
('21', 'Puebla'),
('22', 'Querétaro'),
('23', 'Quintana Roo'),
('24', 'San Luis Potosí'),
('25', 'Sinaloa'),
('26', 'Sonora'),
('27', 'Tabasco'),
('28', 'Tamaulipas'),
('29', 'Tlaxcala'),
('3', 'Baja California Sur'),
('30', 'Veracruz de Ignacio de la Llave'),
('31', 'Yucatán'),
('32', 'Zacatecas'),
('4', 'Campeche'),
('5', 'Coahuila de Zaragoza'),
('6', 'Colima'),
('7', 'Chiapas'),
('8', 'Chihuahua'),
('9', 'Distrito Federal');

-- --------------------------------------------------------

--
-- Estructura de tabla para la tabla `co_agr_estrategiaalternativaproduccion`
--

CREATE TABLE `co_agr_estrategiaalternativaproduccion` (
  `idEstrategiaAlternativaProduccion` int(11) NOT NULL,
  `Fermacultura` tinyint(1) DEFAULT NULL,
  `AgriculturaBiodinamica` tinyint(1) DEFAULT NULL,
  `AgriculturaNatural` tinyint(1) DEFAULT NULL,
  `AgriculturaOrganica` tinyint(1) DEFAULT NULL,
  `Agrohomeopatia` tinyint(1) DEFAULT NULL,
  `TransicionSustiInsumo` tinyint(1) DEFAULT NULL,
  `idSistemaProduccionAgricola` int(11) DEFAULT NULL
) ENGINE=InnoDB DEFAULT CHARSET=utf8;

--
-- Volcado de datos para la tabla `co_agr_estrategiaalternativaproduccion`
--

INSERT INTO `co_agr_estrategiaalternativaproduccion` (`idEstrategiaAlternativaProduccion`, `Fermacultura`, `AgriculturaBiodinamica`, `AgriculturaNatural`, `AgriculturaOrganica`, `Agrohomeopatia`, `TransicionSustiInsumo`, `idSistemaProduccionAgricola`) VALUES
(1, 1, 1, 1, 1, 1, 1, 1),
(2, 1, 1, 1, 1, 1, 1, 2),
(3, 1, 1, 1, 1, 1, 1, 3),
(4, 1, 1, 1, 1, 1, 1, 4),
(5, 1, 1, 1, 1, 1, 1, 5),
(6, 1, 1, 1, 1, 1, 1, 6),
(7, 1, 1, 1, 1, 1, 1, 7),
(8, 1, 1, 1, 1, 1, 1, 8),
(9, 1, 1, 1, 1, 1, 1, 9),
(10, 1, 1, 1, 1, 1, 1, 10),
(11, 1, 1, 1, 1, 1, 1, 11),
(12, 1, 1, 1, 1, 1, 1, 12),
(13, 1, 1, 1, 1, 1, 1, 13),
(14, 1, 1, 1, 1, 1, 1, 14),
(15, 0, 0, 0, 0, 0, 0, 15),
(16, 0, 0, 0, 0, 0, 0, 16),
(17, 0, 0, 0, 0, 0, 0, 17),
(18, 0, 0, 0, 0, 0, 0, 18),
(19, 0, 0, 0, 0, 0, 0, 19),
(20, 0, 0, 0, 0, 0, 0, 20),
(21, 0, 0, 0, 0, 0, 0, 21),
(22, 0, 0, 0, 0, 0, 0, 22),
(23, 0, 0, 0, 0, 0, 0, 23),
(24, 0, 0, 0, 0, 0, 0, 24),
(25, 0, 0, 0, 0, 0, 0, 26),
(26, 0, 0, 0, 0, 0, 0, 26),
(27, 0, 0, 0, 0, 0, 0, 27),
(28, 0, 0, 0, 0, 0, 0, 28),
(29, 0, 0, 0, 0, 0, 0, 29),
(30, 0, 0, 0, 0, 0, 0, 30),
(31, 0, 0, 0, 0, 0, 0, 31),
(32, 0, 0, 0, 0, 0, 0, 32),
(33, 0, 0, 0, 0, 0, 0, 33),
(34, 0, 0, 0, 0, 0, 0, 34),
(35, 0, 0, 0, 0, 0, 0, 35),
(36, 0, 0, 0, 0, 0, 0, 36),
(37, 0, 0, 0, 0, 0, 0, 37),
(38, 0, 0, 0, 0, 0, 0, 38),
(39, 0, 0, 0, 0, 0, 0, 39),
(40, 0, 0, 0, 0, 0, 0, 40),
(41, 0, 0, 0, 0, 0, 0, 41),
(42, 0, 0, 0, 0, 0, 0, 42),
(43, 0, 0, 0, 0, 0, 0, 43),
(44, 0, 0, 0, 0, 0, 0, 44),
(45, 0, 0, 0, 0, 0, 0, 45),
(46, 0, 0, 0, 0, 0, 0, 46),
(47, 0, 0, 0, 0, 0, 0, 47),
(48, 0, 0, 0, 0, 0, 0, 48),
(49, 0, 0, 0, 0, 0, 0, 49),
(50, 0, 0, 0, 0, 0, 0, 50),
(51, 0, 0, 0, 0, 0, 0, 51),
(52, 0, 0, 0, 0, 0, 0, 52),
(53, 0, 0, 0, 0, 0, 0, 53),
(54, 0, 0, 0, 0, 0, 0, 54),
(55, 0, 0, 0, 0, 0, 0, 55),
(56, 0, 0, 0, 0, 0, 0, 56),
(57, 0, 0, 0, 0, 0, 0, 57),
(58, 0, 0, 0, 0, 0, 0, 58),
(59, 0, 0, 0, 0, 0, 0, 59),
(60, 0, 0, 0, 0, 0, 0, 60),
(61, 0, 0, 0, 0, 0, 0, 61),
(62, 0, 0, 0, 0, 0, 0, 62),
(63, 0, 0, 0, 0, 0, 0, 63),
(64, 0, 0, 0, 0, 0, 0, 64),
(65, 0, 0, 0, 0, 0, 0, 65),
(66, 0, 0, 0, 0, 0, 0, 66),
(67, 0, 0, 0, 0, 0, 0, 67),
(68, 0, 0, 0, 0, 0, 0, 68),
(69, 0, 0, 0, 0, 0, 0, 69),
(70, 0, 0, 0, 0, 0, 0, 70),
(71, 0, 0, 0, 0, 0, 0, 71),
(72, 0, 0, 0, 0, 0, 0, 72),
(73, 0, 0, 0, 0, 0, 0, 73),
(74, 0, 0, 0, 0, 0, 0, 74),
(75, 0, 0, 0, 0, 0, 0, 75),
(76, 0, 0, 0, 0, 0, 0, 76),
(77, 0, 0, 0, 0, 0, 0, 77),
(78, 0, 0, 0, 0, 0, 0, 78),
(79, 0, 0, 0, 0, 0, 0, 79),
(80, 0, 0, 0, 0, 0, 0, 80),
(81, 0, 0, 0, 0, 0, 0, 81),
(82, 0, 0, 0, 0, 0, 0, 82),
(83, 0, 0, 0, 0, 0, 0, 83),
(84, 0, 0, 0, 0, 0, 0, 84),
(85, 0, 0, 0, 0, 0, 0, 85),
(86, 0, 0, 0, 0, 0, 0, 86),
(87, 0, 0, 0, 0, 0, 0, 87),
(88, 0, 0, 0, 0, 0, 0, 88),
(89, 0, 0, 0, 0, 0, 0, 89),
(90, 0, 0, 0, 0, 0, 0, 90),
(91, 0, 0, 0, 0, 0, 0, 91),
(92, 0, 0, 0, 0, 0, 0, 92),
(93, 0, 0, 0, 0, 0, 0, 93),
(94, 0, 0, 0, 0, 0, 0, 94),
(95, 0, 0, 0, 0, 0, 0, 95),
(96, 0, 0, 0, 0, 0, 0, 96),
(97, 0, 0, 0, 0, 0, 0, 97),
(98, 0, 0, 0, 0, 0, 0, 98),
(99, 0, 0, 0, 0, 0, 0, 99),
(100, 0, 0, 0, 0, 0, 0, 100),
(101, 0, 0, 0, 0, 0, 0, 101),
(102, 0, 0, 0, 0, 0, 0, 102),
(103, 0, 0, 0, 0, 0, 0, 103),
(104, 0, 0, 0, 0, 0, 0, 104),
(105, 0, 0, 0, 0, 0, 0, 105),
(106, 0, 0, 0, 0, 0, 0, 106),
(107, 0, 0, 0, 0, 0, 0, 107),
(108, 0, 0, 0, 0, 0, 0, 108),
(109, 0, 0, 0, 0, 0, 0, 109),
(110, 0, 0, 0, 0, 0, 0, 110),
(111, 0, 0, 0, 0, 0, 0, 111),
(112, 0, 0, 0, 0, 0, 0, 112),
(113, 0, 0, 0, 0, 0, 0, 113),
(114, 0, 0, 0, 0, 0, 0, 114),
(115, 0, 0, 0, 0, 0, 0, 115),
(116, 0, 0, 0, 0, 0, 0, 116),
(117, 0, 0, 0, 0, 0, 0, 117),
(118, 0, 0, 0, 0, 0, 0, 118),
(119, 0, 0, 0, 0, 0, 0, 119),
(120, 0, 0, 0, 0, 0, 0, 120),
(121, 0, 0, 0, 0, 0, 0, 121),
(122, 0, 0, 0, 0, 0, 0, 122),
(123, 0, 0, 0, 0, 0, 0, 123),
(124, 0, 0, 0, 0, 0, 0, 124),
(125, 0, 0, 0, 0, 0, 0, 125),
(126, 0, 0, 0, 0, 0, 0, 126),
(127, 0, 0, 0, 0, 0, 0, 127),
(128, 0, 0, 0, 0, 0, 0, 128),
(129, 0, 0, 0, 0, 0, 0, 129),
(130, 0, 0, 0, 0, 0, 0, 130),
(131, 0, 0, 0, 0, 0, 0, 131),
(132, 0, 0, 0, 0, 0, 0, 132),
(133, 0, 0, 0, 0, 0, 0, 133),
(134, 0, 0, 0, 0, 0, 0, 134),
(135, 0, 0, 0, 0, 0, 0, 135),
(136, 0, 0, 0, 0, 0, 0, 136),
(137, 0, 0, 0, 0, 0, 0, 137),
(138, 0, 0, 0, 0, 0, 0, 138),
(139, 0, 0, 0, 0, 0, 0, 139),
(140, 0, 0, 0, 0, 0, 0, 140),
(141, 0, 0, 0, 0, 0, 0, 141),
(142, 0, 0, 0, 0, 0, 0, 142),
(143, 0, 0, 0, 0, 0, 0, 143),
(144, 0, 0, 0, 0, 0, 0, 144),
(145, 0, 0, 0, 0, 0, 0, 145),
(146, 0, 0, 0, 0, 0, 0, 146),
(147, 0, 0, 0, 0, 0, 0, 147),
(148, 0, 0, 0, 0, 0, 0, 148),
(149, 0, 0, 0, 0, 0, 0, 149),
(150, 0, 0, 0, 0, 0, 0, 150),
(151, 0, 0, 0, 0, 0, 0, 151),
(152, 0, 0, 0, 0, 0, 0, 152),
(153, 0, 0, 0, 0, 0, 0, 153),
(154, 0, 0, 0, 0, 0, 0, 154),
(155, 0, 0, 0, 0, 0, 0, 155),
(156, 0, 0, 0, 0, 0, 0, 156),
(157, 0, 0, 0, 0, 0, 0, 157),
(158, 0, 0, 0, 0, 0, 0, 158),
(159, 0, 0, 0, 0, 0, 0, 159),
(160, 0, 0, 0, 0, 0, 0, 160),
(161, 0, 0, 0, 0, 0, 0, 161),
(162, 0, 0, 0, 0, 0, 0, 162),
(163, 0, 0, 0, 0, 0, 0, 163),
(164, 0, 0, 0, 0, 0, 0, 164),
(165, 0, 0, 0, 0, 0, 0, 165),
(166, 0, 0, 0, 0, 0, 0, 166),
(167, 0, 0, 0, 0, 0, 0, 167),
(168, 0, 0, 0, 0, 0, 0, 168),
(169, 0, 0, 0, 0, 0, 0, 169),
(170, 0, 0, 0, 0, 0, 0, 170),
(171, 0, 0, 0, 0, 0, 0, 171),
(172, 0, 0, 0, 0, 0, 0, 172),
(173, 0, 0, 0, 0, 0, 0, 173),
(174, 0, 0, 0, 0, 0, 0, 174),
(175, 0, 0, 0, 0, 0, 0, 175),
(176, 0, 0, 0, 0, 0, 0, 176),
(177, 0, 0, 0, 0, 0, 0, 177),
(178, 0, 0, 0, 0, 0, 0, 178),
(179, 0, 0, 0, 0, 0, 0, 179),
(180, 0, 0, 0, 0, 0, 0, 180),
(181, 0, 0, 0, 0, 0, 0, 181),
(182, 0, 0, 0, 0, 0, 0, 182),
(183, 0, 0, 0, 0, 0, 0, 183),
(184, 0, 0, 0, 0, 0, 0, 184),
(185, 0, 0, 0, 0, 0, 0, 185),
(186, 0, 0, 0, 0, 0, 0, 186),
(187, 0, 0, 0, 0, 0, 0, 187),
(188, 0, 0, 0, 0, 0, 0, 188),
(189, 1, 0, 0, 0, 0, 0, 189),
(190, 1, 0, 0, 0, 0, 0, 190);

-- --------------------------------------------------------

--
-- Estructura de tabla para la tabla `co_agr_formacion`
--

CREATE TABLE `co_agr_formacion` (
  `id_formacion` int(11) NOT NULL,
  `ApoyoColectivo` tinytext CHARACTER SET utf8 COLLATE utf8_bin DEFAULT NULL,
  `Fortaleza` tinytext CHARACTER SET utf8 COLLATE utf8_bin DEFAULT NULL,
  `si_Programas` tinyint(1) DEFAULT NULL,
  `no_Programas` tinyint(1) DEFAULT NULL,
  `cuales_programas` varchar(100) DEFAULT NULL,
  `si_taller` tinyint(1) DEFAULT NULL,
  `no_taller` tinyint(1) DEFAULT NULL,
  `Cuales_taller` varchar(100) DEFAULT NULL,
  `PropuestaEductiva` tinytext DEFAULT NULL,
  `Capacitacion` tinytext DEFAULT NULL,
  `TemasApoyo` tinytext DEFAULT NULL,
  `idEntrevista` int(11) DEFAULT NULL
) ENGINE=InnoDB DEFAULT CHARSET=utf8;

--
-- Volcado de datos para la tabla `co_agr_formacion`
--

INSERT INTO `co_agr_formacion` (`id_formacion`, `ApoyoColectivo`, `Fortaleza`, `si_Programas`, `no_Programas`, `cuales_programas`, `si_taller`, `no_taller`, `Cuales_taller`, `PropuestaEductiva`, `Capacitacion`, `TemasApoyo`, `idEntrevista`) VALUES
(1, 'Fromarcion 1', 'Fromacion 2', NULL, NULL, NULL, NULL, NULL, NULL, '', NULL, '', 33),
(2, 'Formacion 1', 'Formacion 1', NULL, NULL, NULL, NULL, NULL, NULL, '', NULL, '', 34),
(3, 'Formacion 1', 'Formacion 1', NULL, NULL, NULL, NULL, NULL, NULL, '', NULL, '', 35),
(4, 'Formacion 1', 'Formacion 1', NULL, NULL, NULL, NULL, NULL, NULL, '', NULL, '', 36),
(5, 'Formacion 1', 'Formacion 1', NULL, NULL, NULL, NULL, NULL, NULL, '', NULL, '', 37),
(6, 'Formacion 1', 'Formacion 1', NULL, NULL, NULL, NULL, NULL, NULL, '', NULL, '', 38),
(7, 'Formacion 1', 'Formacion 1', NULL, NULL, NULL, NULL, NULL, NULL, '', NULL, '', 39),
(8, '', '', NULL, NULL, NULL, NULL, NULL, NULL, '', NULL, '', 40),
(9, '', '', NULL, NULL, NULL, NULL, NULL, NULL, '', NULL, '', 41),
(10, '', '', NULL, NULL, NULL, NULL, NULL, NULL, '', NULL, '', 43),
(11, '', '', NULL, NULL, NULL, NULL, NULL, NULL, '', NULL, '', 43),
(12, '', '', NULL, NULL, NULL, NULL, NULL, NULL, '', NULL, '', 45),
(13, '', '', NULL, NULL, NULL, NULL, NULL, NULL, '', NULL, '', 45),
(14, '', '', NULL, NULL, NULL, NULL, NULL, NULL, '', NULL, '', 46),
(15, '', '', NULL, NULL, NULL, NULL, NULL, NULL, '', NULL, '', 47),
(16, '', '', NULL, NULL, NULL, NULL, NULL, NULL, '', NULL, '', 49),
(17, '', '', NULL, NULL, NULL, NULL, NULL, NULL, '', NULL, '', 49),
(18, '', '', NULL, NULL, NULL, NULL, NULL, NULL, '', NULL, '', 51),
(19, '', '', NULL, NULL, NULL, NULL, NULL, NULL, '', NULL, '', 51),
(20, '', '', NULL, NULL, NULL, NULL, NULL, NULL, '', NULL, '', 54),
(21, '', '', NULL, NULL, NULL, NULL, NULL, NULL, '', NULL, '', 54),
(22, '', '', NULL, NULL, NULL, NULL, NULL, NULL, '', NULL, '', 56),
(23, '', '', NULL, NULL, NULL, NULL, NULL, NULL, '', NULL, '', 57),
(24, '', '', NULL, NULL, NULL, NULL, NULL, NULL, '', NULL, '', 57),
(25, '', '', NULL, NULL, NULL, NULL, NULL, NULL, '', NULL, '', 57),
(26, '', '', NULL, NULL, NULL, NULL, NULL, NULL, '', NULL, '', 58),
(27, '', '', NULL, NULL, NULL, NULL, NULL, NULL, '', NULL, '', 59),
(28, '', '', NULL, NULL, NULL, NULL, NULL, NULL, '', NULL, '', 60),
(29, '', '', NULL, NULL, NULL, NULL, NULL, NULL, '', NULL, '', 61),
(30, '', '', NULL, NULL, NULL, NULL, NULL, NULL, '', NULL, '', 62),
(31, '', '', NULL, NULL, NULL, NULL, NULL, NULL, '', NULL, '', 63),
(32, '', '', NULL, NULL, NULL, NULL, NULL, NULL, '', NULL, '', 65),
(33, '', '', NULL, NULL, NULL, NULL, NULL, NULL, '', NULL, '', 66),
(34, '', '', NULL, NULL, NULL, NULL, NULL, NULL, '', NULL, '', 67),
(35, '', '', NULL, NULL, NULL, NULL, NULL, NULL, '', NULL, '', 67),
(36, '', '', NULL, NULL, NULL, NULL, NULL, NULL, '', NULL, '', 68),
(37, '', '', NULL, NULL, NULL, NULL, NULL, NULL, '', NULL, '', 69),
(38, '', '', NULL, NULL, NULL, NULL, NULL, NULL, '', NULL, '', 70),
(39, '', '', NULL, NULL, NULL, NULL, NULL, NULL, '', NULL, '', 71),
(40, '', '', NULL, NULL, NULL, NULL, NULL, NULL, '', NULL, '', 72),
(41, '', '', NULL, NULL, NULL, NULL, NULL, NULL, '', NULL, '', 73),
(42, '', '', NULL, NULL, NULL, NULL, NULL, NULL, '', NULL, '', 75),
(43, '', '', NULL, NULL, NULL, NULL, NULL, NULL, '', NULL, '', 76),
(44, '', '', NULL, NULL, NULL, NULL, NULL, NULL, '', NULL, '', 77),
(45, '', '', NULL, NULL, NULL, NULL, NULL, NULL, '', NULL, '', 78),
(46, '', '', NULL, NULL, NULL, NULL, NULL, NULL, '', NULL, '', 79),
(47, '', '', NULL, NULL, NULL, NULL, NULL, NULL, '', NULL, '', 81),
(48, '', '', NULL, NULL, NULL, NULL, NULL, NULL, '', NULL, '', 83),
(49, '', '', NULL, NULL, NULL, NULL, NULL, NULL, '', NULL, '', 83),
(50, '', '', NULL, NULL, NULL, NULL, NULL, NULL, '', NULL, '', 84),
(51, '', '', NULL, NULL, NULL, NULL, NULL, NULL, '', NULL, '', 84),
(52, '', '', NULL, NULL, NULL, NULL, NULL, NULL, '', NULL, '', 86),
(53, '', '', NULL, NULL, NULL, NULL, NULL, NULL, '', NULL, '', 87),
(54, '', '', NULL, NULL, NULL, NULL, NULL, NULL, '', NULL, '', 87),
(55, '', '', NULL, NULL, NULL, NULL, NULL, NULL, '', NULL, '', 88),
(56, '', '', NULL, NULL, NULL, NULL, NULL, NULL, '', NULL, '', 89),
(57, '', '', NULL, NULL, NULL, NULL, NULL, NULL, '', NULL, '', 89),
(58, '', '', NULL, NULL, NULL, NULL, NULL, NULL, '', NULL, '', 90),
(59, '', '', NULL, NULL, NULL, NULL, NULL, NULL, '', NULL, '', 91),
(60, '', '', NULL, NULL, NULL, NULL, NULL, NULL, '', NULL, '', 92),
(61, '', '', NULL, NULL, NULL, NULL, NULL, NULL, '', NULL, '', 93),
(62, '', '', NULL, NULL, NULL, NULL, NULL, NULL, '', NULL, '', 94),
(63, '', '', NULL, NULL, NULL, NULL, NULL, NULL, '', NULL, '', 95),
(64, '', '', NULL, NULL, NULL, NULL, NULL, NULL, '', NULL, '', 96),
(65, '', '', NULL, NULL, NULL, NULL, NULL, NULL, '', NULL, '', 97),
(66, '', '', NULL, NULL, NULL, NULL, NULL, NULL, '', NULL, '', 98),
(67, '', '', NULL, NULL, NULL, NULL, NULL, NULL, '', NULL, '', 99),
(68, '', '', NULL, NULL, NULL, NULL, NULL, NULL, '', NULL, '', 100),
(69, '', '', NULL, NULL, NULL, NULL, NULL, NULL, '', NULL, '', 101),
(70, '', '', NULL, NULL, NULL, NULL, NULL, NULL, '', NULL, '', 102),
(71, '', '', NULL, NULL, NULL, NULL, NULL, NULL, '', NULL, '', 103),
(72, '', '', NULL, NULL, NULL, NULL, NULL, NULL, '', NULL, '', 104),
(73, '', '', NULL, NULL, NULL, NULL, NULL, NULL, '', NULL, '', 105),
(74, '', '', NULL, NULL, NULL, NULL, NULL, NULL, '', NULL, '', 106),
(75, '', '', NULL, NULL, NULL, NULL, NULL, NULL, '', NULL, '', 107),
(76, '', '', NULL, NULL, NULL, NULL, NULL, NULL, '', NULL, '', 109),
(77, '', '', NULL, NULL, NULL, NULL, NULL, NULL, '', NULL, '', 111),
(78, '', '', NULL, NULL, NULL, NULL, NULL, NULL, '', NULL, '', 112),
(79, '', '', NULL, NULL, NULL, NULL, NULL, NULL, '', NULL, '', 112),
(80, '', '', NULL, NULL, NULL, NULL, NULL, NULL, '', NULL, '', 113),
(81, '', '', NULL, NULL, NULL, NULL, NULL, NULL, '', NULL, '', 113),
(82, '', '', NULL, NULL, NULL, NULL, NULL, NULL, '', NULL, '', 114),
(83, '', '', NULL, NULL, NULL, NULL, NULL, NULL, '', NULL, '', 115),
(84, '', '', NULL, NULL, NULL, NULL, NULL, NULL, '', NULL, '', 116),
(85, '', '', NULL, NULL, NULL, NULL, NULL, NULL, '', NULL, '', 117),
(86, '', '', NULL, NULL, NULL, NULL, NULL, NULL, '', NULL, '', 118),
(87, '', '', NULL, NULL, NULL, NULL, NULL, NULL, '', NULL, '', 119),
(88, '', '', NULL, NULL, NULL, NULL, NULL, NULL, '', NULL, '', 120),
(89, '', '', NULL, NULL, NULL, NULL, NULL, NULL, '', NULL, '', 121),
(90, '', '', NULL, NULL, NULL, NULL, NULL, NULL, '', NULL, '', 122),
(91, '', '', NULL, NULL, NULL, NULL, NULL, NULL, '', NULL, '', 123),
(92, '', '', NULL, NULL, NULL, NULL, NULL, NULL, '', NULL, '', 124),
(93, '', '', NULL, NULL, NULL, NULL, NULL, NULL, '', NULL, '', 125),
(94, '', '', NULL, NULL, NULL, NULL, NULL, NULL, '', NULL, '', 126),
(95, '', '', NULL, NULL, NULL, NULL, NULL, NULL, '', NULL, '', 127),
(96, '', '', NULL, NULL, NULL, NULL, NULL, NULL, '', NULL, '', 128),
(97, '', '', NULL, NULL, NULL, NULL, NULL, NULL, '', NULL, '', 129),
(98, '', '', NULL, NULL, NULL, NULL, NULL, NULL, '', NULL, '', 130),
(99, '', '', NULL, NULL, NULL, NULL, NULL, NULL, '', NULL, '', 131),
(100, '', '', NULL, NULL, NULL, NULL, NULL, NULL, '', NULL, '', 132),
(101, '', '', NULL, NULL, NULL, NULL, NULL, NULL, '', NULL, '', 133),
(102, '', '', NULL, NULL, NULL, NULL, NULL, NULL, '', NULL, '', 134),
(103, '', '', NULL, NULL, NULL, NULL, NULL, NULL, '', NULL, '', 135),
(104, '', '', NULL, NULL, NULL, NULL, NULL, NULL, '', NULL, '', 136),
(105, '', '', NULL, NULL, NULL, NULL, NULL, NULL, '', NULL, '', 137),
(106, '', '', NULL, NULL, NULL, NULL, NULL, NULL, '', NULL, '', 138),
(107, '', '', NULL, NULL, NULL, NULL, NULL, NULL, '', NULL, '', 139),
(108, '', '', NULL, NULL, NULL, NULL, NULL, NULL, '', NULL, '', 140),
(109, '', '', NULL, NULL, NULL, NULL, NULL, NULL, '', NULL, '', 141),
(110, '', '', NULL, NULL, NULL, NULL, NULL, NULL, '', NULL, '', 142),
(111, '', '', NULL, NULL, NULL, NULL, NULL, NULL, '', NULL, '', 143),
(112, '', '', NULL, NULL, NULL, NULL, NULL, NULL, '', NULL, '', 144),
(113, '', '', NULL, NULL, NULL, NULL, NULL, NULL, '', NULL, '', 145),
(114, '', '', NULL, NULL, NULL, NULL, NULL, NULL, '', NULL, '', 146),
(115, '', '', NULL, NULL, NULL, NULL, NULL, NULL, '', NULL, '', 147),
(116, '', '', NULL, NULL, NULL, NULL, NULL, NULL, '', NULL, '', 148),
(117, '', '', NULL, NULL, NULL, NULL, NULL, NULL, '', NULL, '', 149),
(118, '', '', NULL, NULL, NULL, NULL, NULL, NULL, '', NULL, '', 150),
(119, '', '', NULL, NULL, NULL, NULL, NULL, NULL, '', NULL, '', 151),
(120, '', '', NULL, NULL, NULL, NULL, NULL, NULL, '', NULL, '', 152),
(121, '', '', NULL, NULL, NULL, NULL, NULL, NULL, '', NULL, '', 153),
(122, '', '', NULL, NULL, NULL, NULL, NULL, NULL, '', NULL, '', 154),
(123, '', '', NULL, NULL, NULL, NULL, NULL, NULL, '', NULL, '', 155),
(124, '', '', NULL, NULL, NULL, NULL, NULL, NULL, '', NULL, '', 156),
(125, '', '', NULL, NULL, NULL, NULL, NULL, NULL, '', NULL, '', 157),
(126, '', '', NULL, NULL, NULL, NULL, NULL, NULL, '', NULL, '', 158),
(127, '', '', NULL, NULL, NULL, NULL, NULL, NULL, '', NULL, '', 159),
(128, '', '', NULL, NULL, NULL, NULL, NULL, NULL, '', NULL, '', 160),
(129, '', '', NULL, NULL, NULL, NULL, NULL, NULL, '', NULL, '', 161),
(130, '', '', NULL, NULL, NULL, NULL, NULL, NULL, '', NULL, '', 162),
(131, '', '', NULL, NULL, NULL, NULL, NULL, NULL, '', NULL, '', 163),
(132, '', '', NULL, NULL, NULL, NULL, NULL, NULL, '', NULL, '', 164),
(133, '', '', NULL, NULL, NULL, NULL, NULL, NULL, '', NULL, '', 165),
(134, '', '', NULL, NULL, NULL, NULL, NULL, NULL, '', NULL, '', 166),
(135, '', '', NULL, NULL, NULL, NULL, NULL, NULL, '', NULL, '', 167),
(136, '', '', NULL, NULL, NULL, NULL, NULL, NULL, '', NULL, '', 168),
(137, '', '', NULL, NULL, NULL, NULL, NULL, NULL, '', NULL, '', 169),
(138, '', '', NULL, NULL, NULL, NULL, NULL, NULL, '', NULL, '', 170),
(139, '', '', NULL, NULL, NULL, NULL, NULL, NULL, '', NULL, '', 171),
(140, '', '', NULL, NULL, NULL, NULL, NULL, NULL, '', NULL, '', 172),
(141, '', '', NULL, NULL, NULL, NULL, NULL, NULL, '', NULL, '', 173),
(142, '', '', NULL, NULL, NULL, NULL, NULL, NULL, '', NULL, '', 174),
(143, '', '', NULL, NULL, NULL, NULL, NULL, NULL, '', NULL, '', 175),
(144, '', '', NULL, NULL, NULL, NULL, NULL, NULL, '', NULL, '', 176),
(145, '', '', NULL, NULL, NULL, NULL, NULL, NULL, '', NULL, '', 177),
(146, '', '', NULL, NULL, NULL, NULL, NULL, NULL, '', NULL, '', 178),
(147, '', '', NULL, NULL, NULL, NULL, NULL, NULL, '', NULL, '', 179),
(148, '', '', NULL, NULL, NULL, NULL, NULL, NULL, '', NULL, '', 180),
(149, '', '', NULL, NULL, NULL, NULL, NULL, NULL, '', NULL, '', 181),
(150, '', '', NULL, NULL, NULL, NULL, NULL, NULL, '', NULL, '', 182),
(151, '', '', NULL, NULL, NULL, NULL, NULL, NULL, '', NULL, '', 183),
(152, '', '', NULL, NULL, NULL, NULL, NULL, NULL, '', NULL, '', 184),
(153, '', '', NULL, NULL, NULL, NULL, NULL, NULL, '', NULL, '', 185),
(154, '', '', NULL, NULL, NULL, NULL, NULL, NULL, '', NULL, '', 186),
(155, '', '', NULL, NULL, NULL, NULL, NULL, NULL, '', NULL, '', 187),
(156, '', '', NULL, NULL, NULL, NULL, NULL, NULL, '', NULL, '', 188),
(157, '', '', NULL, NULL, NULL, NULL, NULL, NULL, '', NULL, '', 189),
(158, '', '', NULL, NULL, NULL, NULL, NULL, NULL, '', NULL, '', 190),
(159, '', '', NULL, NULL, NULL, NULL, NULL, NULL, '', NULL, '', 191),
(160, '', '', NULL, NULL, NULL, NULL, NULL, NULL, '', NULL, '', 192),
(161, '', '', NULL, NULL, NULL, NULL, NULL, NULL, '', NULL, '', 193),
(162, '', '', NULL, NULL, NULL, NULL, NULL, NULL, '', NULL, '', 194),
(163, '', '', NULL, NULL, NULL, NULL, NULL, NULL, '', NULL, '', 195),
(164, '', '', NULL, NULL, NULL, NULL, NULL, NULL, '', NULL, '', 196),
(165, '', '', NULL, NULL, NULL, NULL, NULL, NULL, '', NULL, '', 197),
(166, '', '', NULL, NULL, NULL, NULL, NULL, NULL, '', NULL, '', 198),
(167, '', '', NULL, NULL, NULL, NULL, NULL, NULL, '', NULL, '', 199),
(168, '', '', NULL, NULL, NULL, NULL, NULL, NULL, '', NULL, '', 200),
(169, '', '', NULL, NULL, NULL, NULL, NULL, NULL, '', NULL, '', 201),
(170, '', '', NULL, NULL, NULL, NULL, NULL, NULL, '', NULL, '', 202),
(171, '', '', NULL, NULL, NULL, NULL, NULL, NULL, '', NULL, '', 203),
(172, '', '', NULL, NULL, NULL, NULL, NULL, NULL, '', NULL, '', 204),
(173, '', '', NULL, NULL, NULL, NULL, NULL, NULL, '', NULL, '', 205),
(174, '', '', NULL, NULL, NULL, NULL, NULL, NULL, '', NULL, '', 206),
(175, '', '', NULL, NULL, NULL, NULL, NULL, NULL, '', NULL, '', 207),
(176, '', '', NULL, NULL, NULL, NULL, NULL, NULL, '', NULL, '', 208),
(177, '', '', NULL, NULL, NULL, NULL, NULL, NULL, '', NULL, '', 209),
(178, '', '', NULL, NULL, NULL, NULL, NULL, NULL, '', NULL, '', 210),
(179, '', '', NULL, NULL, NULL, NULL, NULL, NULL, '', NULL, '', 211),
(180, '', '', NULL, NULL, NULL, NULL, NULL, NULL, '', NULL, '', 212),
(181, '', '', NULL, NULL, NULL, NULL, NULL, NULL, '', NULL, '', 213),
(182, 'dsf', 'sdf', NULL, NULL, NULL, NULL, NULL, NULL, '', NULL, '', 214),
(183, 'dsf', 'sdf', NULL, NULL, NULL, NULL, NULL, NULL, '', NULL, '', 215),
(185, 'APOYP', NULL, NULL, NULL, NULL, NULL, NULL, NULL, NULL, NULL, NULL, NULL),
(186, 'APOYP', 'FORTALEZA', NULL, NULL, NULL, NULL, NULL, NULL, NULL, NULL, NULL, NULL),
(187, 'APOYP', 'FORTALEZA', NULL, NULL, NULL, NULL, NULL, NULL, NULL, NULL, NULL, NULL),
(188, 'APOYP', 'FORTALEZA', 1, NULL, NULL, NULL, NULL, NULL, NULL, NULL, NULL, NULL),
(189, 'APOYP', 'FORTALEZA', 1, NULL, NULL, NULL, NULL, NULL, NULL, NULL, NULL, NULL),
(190, 'APOYP11', 'FORTALEZA1', 1, 0, 'FORTALEZA1', 0, 0, 'DONDE1', 'EDUCATIVA1', 'TEMAS1', 'CAPACITACION1', 239),
(191, 'APOYP', 'FORTALEZA', 1, 1, 'CUALES', 1, 1, 'DONDE', 'EDUCATIVA', 'CAPACITACION', 'TEMAS', 239),
(192, '', '', 0, 0, '', 0, 0, '', '', '', '', 243),
(193, '', '', 0, 0, '', 0, 0, '', '', '', '', 243);

-- --------------------------------------------------------

--
-- Estructura de tabla para la tabla `co_agr_fundacion`
--

CREATE TABLE `co_agr_fundacion` (
  `idFundacion` int(11) NOT NULL,
  `Nacional` tinyint(1) DEFAULT NULL,
  `Internacional` tinyint(1) DEFAULT NULL,
  `IdTipoColectivoOrganizacion` int(11) DEFAULT NULL
) ENGINE=InnoDB DEFAULT CHARSET=utf8;

--
-- Volcado de datos para la tabla `co_agr_fundacion`
--

INSERT INTO `co_agr_fundacion` (`idFundacion`, `Nacional`, `Internacional`, `IdTipoColectivoOrganizacion`) VALUES
(1, 1, 1, 8),
(2, 1, 1, 8),
(3, 1, 1, 8),
(4, 1, 1, 8),
(5, 1, 1, 8),
(6, 1, 1, 8),
(7, 1, 1, 9),
(8, 1, 1, 10),
(9, 1, 1, 11),
(10, 1, 1, 12),
(11, 1, 1, 13),
(12, 1, 1, 14),
(13, 0, 0, 15),
(14, 0, 0, 16),
(15, 0, 0, 18),
(16, 0, 0, 18),
(17, 0, 0, 19),
(18, 0, 0, 20),
(19, 0, 0, 21),
(20, 0, 0, 22),
(21, 0, 0, 23),
(22, 0, 0, 24),
(23, 0, 0, 26),
(24, 0, 0, 26),
(25, 0, 0, 28),
(26, 0, 0, 28),
(27, 0, 0, 29),
(28, 0, 0, 31),
(29, 0, 0, 31),
(30, 0, 0, 32),
(31, 0, 0, 33),
(32, 0, 0, 34),
(33, 0, 0, 35),
(34, 0, 0, 36),
(35, 0, 0, 37),
(36, 0, 0, 38),
(37, 0, 0, 39),
(38, 0, 0, 40),
(39, 0, 0, 41),
(40, 0, 0, 42),
(41, 0, 0, 43),
(42, 0, 0, 44),
(43, 0, 0, 45),
(44, 0, 0, 46),
(45, 0, 0, 47),
(46, 0, 0, 48),
(47, 0, 0, 49),
(48, 0, 0, 50),
(49, 0, 0, 51),
(50, 0, 0, 52),
(51, 0, 0, 53),
(52, 0, 0, 54),
(53, 0, 0, 55),
(54, 0, 0, 56),
(55, 0, 0, 57),
(56, 0, 0, 58),
(57, 0, 0, 59),
(58, 0, 0, 60),
(59, 0, 0, 61),
(60, 0, 0, 62),
(61, 0, 0, 63),
(62, 0, 0, 64),
(63, 0, 0, 65),
(64, 0, 0, 66),
(65, 0, 0, 67),
(66, 0, 0, 68),
(67, 0, 0, 69),
(68, 0, 0, 70),
(69, 0, 0, 71),
(70, 0, 0, 72),
(71, 0, 0, 73),
(72, 0, 0, 74),
(73, 0, 0, 75),
(74, 0, 0, 76),
(75, 0, 0, 77),
(76, 0, 0, 78),
(77, 0, 0, 79),
(78, 0, 0, 80),
(79, 0, 0, 81),
(80, 0, 0, 82),
(81, 0, 0, 83),
(82, 0, 0, 84),
(83, 0, 0, 85),
(84, 0, 0, 86),
(85, 0, 0, 87),
(86, 0, 0, 88),
(87, 0, 0, 89),
(88, 0, 0, 90),
(89, 0, 0, 91),
(90, 0, 0, 92),
(91, 0, 0, 93),
(92, 0, 0, 94),
(93, 0, 0, 95),
(94, 0, 0, 96),
(95, 0, 0, 97),
(96, 0, 0, 98),
(97, 0, 0, 99),
(98, 0, 0, 100),
(99, 0, 0, 101),
(100, 0, 0, 102),
(101, 0, 0, 103),
(102, 0, 0, 104),
(103, 0, 0, 105),
(104, 0, 0, 106),
(105, 0, 0, 107),
(106, 0, 0, 108),
(107, 0, 0, 109),
(108, 0, 0, 110),
(109, 0, 0, 111),
(110, 0, 0, 112),
(111, 0, 0, 113),
(112, 0, 0, 114),
(113, 0, 0, 115),
(114, 0, 0, 116),
(115, 0, 0, 117),
(116, 0, 0, 118),
(117, 0, 0, 119),
(118, 0, 0, 120),
(119, 0, 0, 121),
(120, 0, 0, 122),
(121, 0, 0, 123),
(122, 0, 0, 124),
(123, 0, 0, 125),
(124, 0, 0, 126),
(125, 0, 0, 127),
(126, 0, 0, 128),
(127, 0, 0, 129),
(128, 0, 0, 130),
(129, 0, 0, 131),
(130, 0, 0, 132),
(131, 0, 0, 133),
(132, 0, 0, 134),
(133, 0, 0, 135),
(134, 0, 0, 136),
(135, 0, 0, 137),
(136, 0, 0, 138),
(137, 0, 0, 139),
(138, 0, 0, 140),
(139, 0, 0, 141),
(140, 0, 0, 142),
(141, 0, 0, 143),
(142, 0, 0, 144),
(143, 0, 0, 145),
(144, 0, 0, 146),
(145, 0, 0, 147),
(146, 0, 0, 148),
(147, 0, 0, 149),
(148, 0, 0, 150),
(149, 0, 0, 151),
(150, 0, 0, 152),
(151, 0, 0, 153),
(152, 0, 0, 154),
(153, 0, 0, 155),
(154, 0, 0, 156),
(155, 1, 1, 157),
(156, 1, 1, 158),
(157, 1, 1, 159),
(158, 1, 1, 160),
(159, 1, 1, 161),
(160, 1, 1, 162),
(161, 1, 1, 163),
(162, 1, 1, 164),
(163, 0, 0, 165),
(164, 0, 0, 166),
(165, 0, 0, 167),
(166, 0, 0, 168),
(167, 0, 0, 169),
(168, 0, 0, 170),
(169, 0, 0, 171),
(170, 0, 0, 172),
(171, 0, 0, 173),
(172, 0, 0, 174),
(173, 0, 0, 175),
(174, 0, 0, 176),
(175, 0, 0, 177),
(176, 0, 0, 178),
(177, 0, 0, 179),
(178, 0, 0, 180),
(179, 0, 0, 181),
(180, 0, 0, 182),
(181, 0, 0, 183),
(182, 0, 0, 184),
(183, 0, 0, 185),
(184, 0, 0, 186),
(185, 0, 0, 187),
(186, 0, 0, 188),
(187, 1, 1, 189),
(188, 1, 1, 190);

-- --------------------------------------------------------

--
-- Estructura de tabla para la tabla `co_agr_gobierno`
--

CREATE TABLE `co_agr_gobierno` (
  `idGobierno` int(11) NOT NULL,
  `Municipio` varchar(5) CHARACTER SET latin1 NOT NULL,
  `Estatal` varchar(5) CHARACTER SET latin1 NOT NULL,
  `Federal` varchar(5) CHARACTER SET latin1 NOT NULL,
  `IdTipoColectivoOrganizacion` int(11) NOT NULL
) ENGINE=InnoDB DEFAULT CHARSET=utf8;

-- --------------------------------------------------------

--
-- Estructura de tabla para la tabla `co_agr_grupos_organizados`
--

CREATE TABLE `co_agr_grupos_organizados` (
  `idGruposOrganizados` int(11) NOT NULL,
  `AsesorTecnico` tinyint(4) NOT NULL,
  `Consumido` tinyint(4) NOT NULL,
  `investigacion` tinyint(4) NOT NULL,
  `Estudiantil` tinyint(4) NOT NULL,
  `Eclesiastico` tinyint(4) NOT NULL,
  `OtroGrupoOrganizacion` tinyint(4) NOT NULL,
  `idTipoColectivoOrganizacion` int(11) DEFAULT NULL
) ENGINE=InnoDB DEFAULT CHARSET=utf8 COLLATE=utf8_bin;

-- --------------------------------------------------------

--
-- Estructura de tabla para la tabla `co_agr_huertos`
--

CREATE TABLE `co_agr_huertos` (
  `HuertoComuni` tinyint(1) NOT NULL,
  `HuertoSocial` tinyint(1) NOT NULL,
  `HuertoInstitu` tinyint(1) NOT NULL,
  `HuertoEmpresa` tinyint(1) NOT NULL,
  `HuertoOtro` varchar(50) COLLATE utf8_bin NOT NULL,
  `IdHuerto` int(50) NOT NULL,
  `idAreaTrabajo` int(11) NOT NULL
) ENGINE=InnoDB DEFAULT CHARSET=utf8 COLLATE=utf8_bin;

-- --------------------------------------------------------

--
-- Estructura de tabla para la tabla `co_agr_iniciativa`
--

CREATE TABLE `co_agr_iniciativa` (
  `idIniciativa` int(11) NOT NULL,
  `NombreIniciativa` varchar(100) CHARACTER SET latin1 DEFAULT NULL,
  `AnoInicio` date DEFAULT NULL,
  `Resumen` tinytext CHARACTER SET latin1 DEFAULT NULL,
  `Latitud` float(10,6) DEFAULT NULL,
  `Longitud` double(10,6) DEFAULT NULL,
  `Surgimiento` tinytext DEFAULT NULL,
  `historico` tinytext DEFAULT NULL,
  `principalActor` tinytext DEFAULT NULL,
  `proposito` tinytext DEFAULT NULL,
  `problemas` tinytext DEFAULT NULL,
  `soluciiones` tinytext DEFAULT NULL,
  `retos` tinytext DEFAULT NULL,
  `financiamiento` tinytext DEFAULT NULL,
  `URL` varchar(200) NOT NULL,
  `idEntrevista` int(11) DEFAULT NULL
) ENGINE=InnoDB DEFAULT CHARSET=utf8;

--
-- Volcado de datos para la tabla `co_agr_iniciativa`
--

INSERT INTO `co_agr_iniciativa` (`idIniciativa`, `NombreIniciativa`, `AnoInicio`, `Resumen`, `Latitud`, `Longitud`, `Surgimiento`, `historico`, `principalActor`, `proposito`, `problemas`, `soluciiones`, `retos`, `financiamiento`, `URL`, `idEntrevista`) VALUES
(1, 'atlas', '2020-02-19', NULL, NULL, NULL, NULL, NULL, NULL, NULL, NULL, NULL, NULL, NULL, '', NULL),
(2, 'atlas', '2020-02-19', 'resumen', NULL, NULL, NULL, NULL, NULL, NULL, NULL, NULL, NULL, NULL, '', NULL),
(3, 'atlas', '2020-02-19', 'resumen', 19.520168, NULL, NULL, NULL, NULL, NULL, NULL, NULL, NULL, NULL, '', NULL),
(4, 'atlas', '2020-02-19', 'resumen', 19.520168, -96.939961, NULL, NULL, NULL, NULL, NULL, NULL, NULL, NULL, '', 33),
(5, 'Atlas de iniciativa ', '2020-02-20', 'Resumen de  sobre el trabajo.', 19.523890, -96.916186, NULL, NULL, NULL, NULL, NULL, NULL, NULL, NULL, '', 34),
(6, 'Atlas de iniciativa ', '2020-02-20', 'Resumen de  sobre el trabajo.', 19.523890, -96.916186, NULL, NULL, NULL, NULL, NULL, NULL, NULL, NULL, '', 35),
(7, 'Atlas de iniciativa ', '2020-02-20', 'Resumen de  sobre el trabajo.', 19.523890, -96.916186, NULL, NULL, NULL, NULL, NULL, NULL, NULL, NULL, '', 36),
(8, 'Atlas de iniciativa ', '2020-02-20', 'Resumen de  sobre el trabajo.', 19.523890, -96.916186, NULL, NULL, NULL, NULL, NULL, NULL, NULL, NULL, '', 37),
(9, 'Atlas de iniciativa ', '2020-02-20', 'Resumen de  sobre el trabajo.', 19.523890, -96.916186, NULL, NULL, NULL, NULL, NULL, NULL, NULL, NULL, '', 38),
(10, 'Atlas de iniciativa ', '2020-02-20', 'Resumen de  sobre el trabajo.', 19.523890, -96.916186, NULL, NULL, NULL, NULL, NULL, NULL, NULL, NULL, '', 39),
(11, '', '2020-03-04', '', 19.604280, -98.368184, NULL, NULL, NULL, NULL, NULL, NULL, NULL, NULL, '', 182),
(12, '', '2020-03-04', '', 19.604280, -98.368184, NULL, NULL, NULL, NULL, NULL, NULL, NULL, NULL, '', 183),
(13, '', '2020-03-04', '', 19.604280, -98.368184, NULL, NULL, NULL, NULL, NULL, NULL, NULL, NULL, '', 184),
(14, '', '2020-03-04', '', 19.604280, -98.368184, NULL, NULL, NULL, NULL, NULL, NULL, NULL, NULL, '', 185),
(15, '', '2020-03-04', '', 19.604280, -98.368184, NULL, NULL, NULL, NULL, NULL, NULL, NULL, NULL, '', 186),
(16, '', '2020-03-04', '', 19.604280, -98.368184, NULL, NULL, NULL, NULL, NULL, NULL, NULL, NULL, '', 187),
(17, '', '2020-03-04', '', 19.604280, -98.368184, NULL, NULL, NULL, NULL, NULL, NULL, NULL, NULL, '', 188),
(18, '', '2020-03-04', '', 19.604280, -98.368184, NULL, NULL, NULL, NULL, NULL, NULL, NULL, NULL, '', 189),
(19, 'xas', '2020-03-04', 'xsa', 20.100283, -98.939473, NULL, NULL, NULL, NULL, NULL, NULL, NULL, NULL, '', 190),
(20, 'xas', '2020-03-04', 'xsa', 20.100283, -98.939473, NULL, NULL, NULL, NULL, NULL, NULL, NULL, NULL, '', 191),
(21, '', '2020-03-05', '', 24.450132, -105.047871, NULL, NULL, NULL, NULL, NULL, NULL, NULL, NULL, '', 200),
(22, '', '2020-03-05', '', 24.450132, -105.047871, NULL, NULL, NULL, NULL, NULL, NULL, NULL, NULL, '', 201),
(23, '', '2020-03-05', '', 16.849741, -95.467793, NULL, NULL, NULL, NULL, NULL, NULL, NULL, NULL, '', 208),
(24, '', '2020-03-05', '', 16.849741, -95.467793, NULL, NULL, NULL, NULL, NULL, NULL, NULL, NULL, '', 209),
(25, '', '2020-03-05', '', 16.849741, -95.467793, NULL, NULL, NULL, NULL, NULL, NULL, NULL, NULL, '', 210),
(26, '', '2020-03-05', '', 16.849741, -95.467793, NULL, NULL, NULL, NULL, NULL, NULL, NULL, NULL, '', 211),
(27, '', '2020-03-12', '', 16.807676, -96.742207, NULL, NULL, NULL, NULL, NULL, NULL, NULL, NULL, '', 212),
(28, '', '2020-03-12', '', 16.807676, -96.742207, NULL, NULL, NULL, NULL, NULL, NULL, NULL, NULL, '', 213),
(29, 'aesrtyg', '2020-03-19', '<zdxfghjk', 19.528927, -96.934768, NULL, NULL, NULL, NULL, NULL, NULL, NULL, NULL, '', 214),
(30, 'aesrtyg', '2020-03-19', '<zdxfghjk', 19.528927, -96.934768, NULL, NULL, NULL, NULL, NULL, NULL, NULL, NULL, '', 215),
(38, '', '2020-03-31', '                                 csd', 19.263542, -101.605487, '                                                                                 csd                                                                                                                    ', '                                                                                                                                                                                                                                                               ', '                                                                                                                                                                                                                                                               ', '                                                                                                                                                                                                                                                               ', '                                                                                                                                                                                                                                                               ', '                                                                                                                                                                                                                                                               ', '                                                                                                                                                                                                                                                               ', '                                                                                                                                                                                                                                                               ', '', 239),
(39, '1', '2020-03-26', ' 2', 19.263542, -101.605487, '    3                                               ', '          4                                          ', ' 5                                                   ', '  6                                                  ', '             7                                       ', '   8                                                 ', '       9                                             ', '           10                                         ', '', 239),
(40, '1', '2020-03-26', ' 2', 19.263542, -101.605487, '    3                                               ', '          4                                          ', ' 5                                                   ', '  6                                                  ', '             7                                       ', '   8                                                 ', '       9                                             ', '           10                                         ', '', 239),
(41, '1', '2020-03-26', ' 2', 19.263542, -101.605487, '    3                                               ', '          4                                          ', ' 5                                                   ', '  6                                                  ', '             7                                       ', '   8                                                 ', '       9                                             ', '           10                                         ', '', 239),
(42, '', '2020-03-26', '  ', 20.768307, -102.503924, '                                                                                                      ', '                                                                                                        ', '                                                                                                        ', '                                                                                                        ', '                                                                                                        ', '                                                                                                        ', '                                                                                                        ', '                                                                                                        ', '', 241),
(43, '', '2020-03-27', ' ', 20.017723, -101.576192, '                                                   ', '                                                    ', '                                                    ', '                                                    ', '                                                    ', '                                                    ', '                                                    ', '                                                    ', '', 240),
(44, '', '2020-03-27', ' ', 23.969170, -106.146504, '                                                   ', '                                                    ', '                                                    ', '                                                    ', '                                                    ', '                                                    ', '                                                    ', '                                                    ', '', 242);

-- --------------------------------------------------------

--
-- Estructura de tabla para la tabla `co_agr_institucioneducativa`
--

CREATE TABLE `co_agr_institucioneducativa` (
  `idInstitucionEducativa` int(11) NOT NULL,
  `EscuelaCampesina` tinyint(1) DEFAULT NULL,
  `EscuelaPrimaria` tinyint(1) DEFAULT NULL,
  `EscuelaSecundaria` tinyint(1) DEFAULT NULL,
  `Bachillerato` tinyint(1) DEFAULT NULL,
  `Universidad` tinyint(1) DEFAULT NULL,
  `UniversidadIntercultural` tinyint(1) DEFAULT NULL,
  `UniversidadAlternativa` tinyint(1) DEFAULT NULL,
  `CentroFormacionPrivada` tinyint(1) DEFAULT NULL,
  `IdTipoColectivoOrganizacion` int(11) DEFAULT NULL
) ENGINE=InnoDB DEFAULT CHARSET=utf8;

--
-- Volcado de datos para la tabla `co_agr_institucioneducativa`
--

INSERT INTO `co_agr_institucioneducativa` (`idInstitucionEducativa`, `EscuelaCampesina`, `EscuelaPrimaria`, `EscuelaSecundaria`, `Bachillerato`, `Universidad`, `UniversidadIntercultural`, `UniversidadAlternativa`, `CentroFormacionPrivada`, `IdTipoColectivoOrganizacion`) VALUES
(1, 1, 1, 1, 1, 1, 1, 1, 1, 6);

-- --------------------------------------------------------

--
-- Estructura de tabla para la tabla `co_agr_investigacionagricolarural`
--

CREATE TABLE `co_agr_investigacionagricolarural` (
  `idInvestigacionAgricolaRural` int(11) NOT NULL,
  `Comunicacion` tinyint(1) DEFAULT NULL,
  `DiagAgroecosistema` tinyint(1) DEFAULT NULL,
  `Experimentacion` tinyint(1) DEFAULT NULL,
  `FormacionCapacitacion` tinyint(1) DEFAULT NULL,
  `Investigacion` tinyint(1) DEFAULT NULL,
  `OrdenTerritoral` tinyint(1) DEFAULT NULL,
  `Otro` varchar(100) CHARACTER SET latin1 DEFAULT NULL,
  `idAreaTrabajo` int(11) DEFAULT NULL
) ENGINE=InnoDB DEFAULT CHARSET=utf8;

--
-- Volcado de datos para la tabla `co_agr_investigacionagricolarural`
--

INSERT INTO `co_agr_investigacionagricolarural` (`idInvestigacionAgricolaRural`, `Comunicacion`, `DiagAgroecosistema`, `Experimentacion`, `FormacionCapacitacion`, `Investigacion`, `OrdenTerritoral`, `Otro`, `idAreaTrabajo`) VALUES
(1, 1, 1, 1, 1, 1, 1, 'investigacion', 33),
(2, 1, 1, 1, 1, 1, 1, 'InvestigaciÃ³n agrÃ­cola y ExtensiÃ³n rural', 34),
(3, 1, 1, 1, 1, 1, 1, 'InvestigaciÃ³n agrÃ­cola y ExtensiÃ³n rural', 35),
(4, 1, 1, 1, 1, 1, 1, 'InvestigaciÃ³n agrÃ­cola y ExtensiÃ³n rural', 36),
(5, 1, 1, 1, 1, 1, 1, 'InvestigaciÃ³n agrÃ­cola y ExtensiÃ³n rural', 37),
(6, 1, 1, 1, 1, 1, 1, 'InvestigaciÃ³n agrÃ­cola y ExtensiÃ³n rural', 38),
(7, 1, 1, 1, 1, 1, 1, 'InvestigaciÃ³n agrÃ­cola y ExtensiÃ³n rural', 39),
(8, 0, 0, 0, 0, 0, 0, '', 40),
(9, 0, 0, 0, 0, 0, 0, '', 41),
(10, 0, 0, 0, 0, 0, 0, '', 43),
(11, 0, 0, 0, 0, 0, 0, '', 43),
(12, 0, 0, 0, 0, 0, 0, '', 45),
(13, 0, 0, 0, 0, 0, 0, '', 45),
(14, 0, 0, 0, 0, 0, 0, '', 46),
(15, 0, 0, 0, 0, 0, 0, '', 47),
(16, 0, 0, 0, 0, 0, 0, '', 49),
(17, 0, 0, 0, 0, 0, 0, '', 49),
(18, 0, 0, 0, 0, 0, 0, '', 51),
(19, 0, 0, 0, 0, 0, 0, '', 51),
(20, 0, 0, 0, 0, 0, 0, '', 54),
(21, 0, 0, 0, 0, 0, 0, '', 54),
(22, 0, 0, 0, 0, 0, 0, '', 54),
(23, 0, 0, 0, 0, 0, 0, '', 57),
(24, 0, 0, 0, 0, 0, 0, '', 57),
(25, 0, 0, 0, 0, 0, 0, '', 57),
(26, 0, 0, 0, 0, 0, 0, '', 58),
(27, 0, 0, 0, 0, 0, 0, '', 59),
(28, 0, 0, 0, 0, 0, 0, '', 60),
(29, 0, 0, 0, 0, 0, 0, '', 61),
(30, 0, 0, 0, 0, 0, 0, '', 62),
(31, 0, 0, 0, 0, 0, 0, '', 63),
(32, 0, 0, 0, 0, 0, 0, '', 65),
(33, 0, 0, 0, 0, 0, 0, '', 65),
(34, 0, 0, 0, 0, 0, 0, '', 67),
(35, 0, 0, 0, 0, 0, 0, '', 67),
(36, 0, 0, 0, 0, 0, 0, '', 68),
(37, 0, 0, 0, 0, 0, 0, '', 69),
(38, 0, 0, 0, 0, 0, 0, '', 70),
(39, 0, 0, 0, 0, 0, 0, '', 71),
(40, 0, 0, 0, 0, 0, 0, '', 72),
(41, 0, 0, 0, 0, 0, 0, '', 73),
(42, 0, 0, 0, 0, 0, 0, '', 74),
(43, 0, 0, 0, 0, 0, 0, '', 75),
(44, 0, 0, 0, 0, 0, 0, '', 76),
(45, 0, 0, 0, 0, 0, 0, '', 77),
(46, 0, 0, 0, 0, 0, 0, '', 78),
(47, 0, 0, 0, 0, 0, 0, '', 80),
(48, 0, 0, 0, 0, 0, 0, '', 80),
(49, 0, 0, 0, 0, 0, 0, '', 81),
(50, 0, 0, 0, 0, 0, 0, '', 83),
(51, 0, 0, 0, 0, 0, 0, '', 83),
(52, 0, 0, 0, 0, 0, 0, '', 84),
(53, 0, 0, 0, 0, 0, 0, '', 86),
(54, 0, 0, 0, 0, 0, 0, '', 87),
(55, 0, 0, 0, 0, 0, 0, '', 87),
(56, 0, 0, 0, 0, 0, 0, '', 89),
(57, 0, 0, 0, 0, 0, 0, '', 89),
(58, 0, 0, 0, 0, 0, 0, '', 90),
(59, 0, 0, 0, 0, 0, 0, '', 91),
(60, 0, 0, 0, 0, 0, 0, '', 92),
(61, 0, 0, 0, 0, 0, 0, '', 93),
(62, 0, 0, 0, 0, 0, 0, '', 94),
(63, 0, 0, 0, 0, 0, 0, '', 95),
(64, 0, 0, 0, 0, 0, 0, '', 96),
(65, 0, 0, 0, 0, 0, 0, '', 97),
(66, 0, 0, 0, 0, 0, 0, '', 98),
(67, 0, 0, 0, 0, 0, 0, '', 99),
(68, 0, 0, 0, 0, 0, 0, '', 100),
(69, 0, 0, 0, 0, 0, 0, '', 101),
(70, 0, 0, 0, 0, 0, 0, '', 102),
(71, 0, 0, 0, 0, 0, 0, '', 103),
(72, 0, 0, 0, 0, 0, 0, '', 104),
(73, 0, 0, 0, 0, 0, 0, '', 105),
(74, 0, 0, 0, 0, 0, 0, '', 106),
(75, 0, 0, 0, 0, 0, 0, '', 107),
(76, 0, 0, 0, 0, 0, 0, '', 108),
(77, 0, 0, 0, 0, 0, 0, '', 110),
(78, 0, 0, 0, 0, 0, 0, '', 110),
(79, 0, 0, 0, 0, 0, 0, '', 111),
(80, 0, 0, 0, 0, 0, 0, '', 112),
(81, 0, 0, 0, 0, 0, 0, '', 113),
(82, 0, 0, 0, 0, 0, 0, '', 114),
(83, 0, 0, 0, 0, 0, 0, '', 115),
(84, 0, 0, 0, 0, 0, 0, '', 116),
(85, 0, 0, 0, 0, 0, 0, '', 117),
(86, 0, 0, 0, 0, 0, 0, '', 118),
(87, 0, 0, 0, 0, 0, 0, '', 119),
(88, 0, 0, 0, 0, 0, 0, '', 120),
(89, 0, 0, 0, 0, 0, 0, '', 121),
(90, 0, 0, 0, 0, 0, 0, '', 122),
(91, 0, 0, 0, 0, 0, 0, '', 123),
(92, 0, 0, 0, 0, 0, 0, '', 124),
(93, 0, 0, 0, 0, 0, 0, '', 125),
(94, 0, 0, 0, 0, 0, 0, '', 126),
(95, 0, 0, 0, 0, 0, 0, '', 127),
(96, 0, 0, 0, 0, 0, 0, '', 128),
(97, 0, 0, 0, 0, 0, 0, '', 129),
(98, 0, 0, 0, 0, 0, 0, '', 130),
(99, 0, 0, 0, 0, 0, 0, '', 131),
(100, 0, 0, 0, 0, 0, 0, '', 132),
(101, 0, 0, 0, 0, 0, 0, '', 133),
(102, 0, 0, 0, 0, 0, 0, '', 134),
(103, 0, 0, 0, 0, 0, 0, '', 135),
(104, 0, 0, 0, 0, 0, 0, '', 136),
(105, 0, 0, 0, 0, 0, 0, '', 137),
(106, 0, 0, 0, 0, 0, 0, '', 138),
(107, 0, 0, 0, 0, 0, 0, '', 139),
(108, 0, 0, 0, 0, 0, 0, '', 140),
(109, 0, 0, 0, 0, 0, 0, '', 141),
(110, 0, 0, 0, 0, 0, 0, '', 142),
(111, 0, 0, 0, 0, 0, 0, '', 143),
(112, 0, 0, 0, 0, 0, 0, '', 144),
(113, 0, 0, 0, 0, 0, 0, '', 145),
(114, 0, 0, 0, 0, 0, 0, '', 146),
(115, 0, 0, 0, 0, 0, 0, '', 147),
(116, 0, 0, 0, 0, 0, 0, '', 148),
(117, 0, 0, 0, 0, 0, 0, '', 149),
(118, 0, 0, 0, 0, 0, 0, '', 150),
(119, 0, 0, 0, 0, 0, 0, '', 151),
(120, 0, 0, 0, 0, 0, 0, '', 152),
(121, 0, 0, 0, 0, 0, 0, '', 153),
(122, 0, 0, 0, 0, 0, 0, '', 154),
(123, 0, 0, 0, 0, 0, 0, '', 155),
(124, 0, 0, 0, 0, 0, 0, '1', 156),
(125, 0, 0, 0, 0, 0, 0, '1', 157),
(126, 0, 0, 0, 0, 0, 0, '1', 158),
(127, 0, 0, 0, 0, 0, 0, '1', 159),
(128, 0, 0, 0, 0, 0, 0, '1', 160),
(129, 0, 0, 0, 0, 0, 0, '1', 161),
(130, 0, 0, 0, 0, 0, 0, '1', 162),
(131, 0, 0, 0, 0, 0, 0, '1', 163),
(132, 0, 0, 0, 0, 0, 0, '1', 164),
(133, 0, 0, 0, 0, 0, 0, '1', 165),
(134, 0, 0, 0, 0, 0, 0, '1', 166),
(135, 0, 0, 0, 0, 0, 0, '1', 167),
(136, 0, 0, 0, 0, 0, 0, '1', 168),
(137, 0, 0, 0, 0, 0, 0, '1', 169),
(138, 0, 0, 0, 0, 0, 0, '1', 170),
(139, 0, 0, 0, 0, 0, 0, '1', 171),
(140, 0, 0, 0, 0, 0, 0, '1', 172),
(141, 0, 0, 0, 0, 0, 0, '1', 173),
(142, 0, 0, 0, 0, 0, 0, '1', 174),
(143, 0, 0, 0, 0, 0, 0, '1', 175),
(144, 0, 0, 0, 0, 0, 0, '1', 176),
(145, 0, 0, 0, 0, 0, 0, '1', 177),
(146, 0, 0, 0, 0, 0, 0, '1', 178),
(147, 0, 0, 0, 0, 0, 0, '1', 179),
(148, 0, 0, 0, 0, 0, 0, '1', 180),
(149, 0, 0, 0, 0, 0, 0, '1', 181),
(150, 1, 0, 1, 0, 0, 0, '', 182),
(151, 1, 0, 1, 0, 0, 0, '', 183),
(152, 1, 0, 1, 0, 0, 0, '', 184),
(153, 1, 0, 1, 0, 0, 0, '', 185),
(154, 1, 0, 1, 0, 0, 0, '', 186),
(155, 1, 0, 1, 0, 0, 0, '', 187),
(156, 1, 0, 1, 0, 0, 0, '', 188),
(157, 1, 0, 1, 0, 0, 0, '', 189),
(158, 0, 0, 0, 0, 0, 0, '', 190),
(159, 0, 0, 0, 0, 0, 0, '', 191),
(160, 0, 0, 0, 0, 0, 0, '', 192),
(161, 0, 0, 0, 0, 0, 0, '', 193),
(162, 0, 0, 0, 0, 0, 0, '', 194),
(163, 0, 0, 0, 0, 0, 0, '', 195),
(164, 0, 0, 0, 0, 0, 0, '', 196),
(165, 0, 0, 0, 0, 0, 0, '', 197),
(166, 0, 0, 0, 0, 0, 0, '', 198),
(167, 0, 0, 0, 0, 0, 0, '', 199),
(168, 0, 0, 0, 0, 0, 0, '', 200),
(169, 0, 0, 0, 0, 0, 0, '', 201),
(170, 0, 0, 0, 0, 0, 0, '', 202),
(171, 0, 0, 0, 0, 0, 0, '', 203),
(172, 0, 0, 0, 0, 0, 0, '', 204),
(173, 0, 0, 0, 0, 0, 0, '', 205),
(174, 0, 0, 0, 0, 0, 0, '', 206),
(175, 0, 0, 0, 0, 0, 0, '', 207),
(176, 0, 0, 0, 0, 0, 0, '', 208),
(177, 0, 0, 0, 0, 0, 0, '', 209),
(178, 0, 0, 0, 0, 0, 0, '', 210),
(179, 0, 0, 0, 0, 0, 0, '', 211),
(180, 0, 0, 0, 0, 0, 0, '', 212),
(181, 0, 0, 0, 0, 0, 0, '', 213),
(182, 0, 1, 0, 0, 1, 0, '', 214),
(183, 0, 1, 0, 0, 1, 0, '', 215);

-- --------------------------------------------------------

--
-- Estructura de tabla para la tabla `co_agr_manejoplagasenfermedades`
--

CREATE TABLE `co_agr_manejoplagasenfermedades` (
  `IdManejoPlagasEnfermedades` int(11) NOT NULL,
  `SustitucionAgroquimica` tinyint(1) DEFAULT NULL,
  `ManejoBioologico` tinyint(1) DEFAULT NULL,
  `ManejoIntegrado` tinyint(1) DEFAULT NULL,
  `idSistemaProduccionAgricola` int(11) DEFAULT NULL
) ENGINE=InnoDB DEFAULT CHARSET=utf8;

--
-- Volcado de datos para la tabla `co_agr_manejoplagasenfermedades`
--

INSERT INTO `co_agr_manejoplagasenfermedades` (`IdManejoPlagasEnfermedades`, `SustitucionAgroquimica`, `ManejoBioologico`, `ManejoIntegrado`, `idSistemaProduccionAgricola`) VALUES
(1, 1, 1, 1, 1),
(2, 1, 1, 1, 2),
(3, 1, 1, 1, 3),
(4, 1, 1, 1, 4),
(5, 1, 1, 1, 5),
(6, 1, 1, 1, 6),
(7, 1, 1, 1, 7),
(8, 1, 1, 1, 8),
(9, 1, 1, 1, 9),
(10, 1, 1, 1, 10),
(11, 1, 1, 1, 11),
(12, 1, 1, 1, 12),
(13, 1, 1, 1, 13),
(14, 1, 1, 1, 14),
(15, 0, 0, 0, 15),
(16, 0, 0, 0, 16),
(17, 0, 0, 0, 18),
(18, 0, 0, 0, 18),
(19, 0, 0, 0, 19),
(20, 0, 0, 0, 20),
(21, 0, 0, 0, 21),
(22, 0, 0, 0, 22),
(23, 0, 0, 0, 24),
(24, 0, 0, 0, 24),
(25, 0, 0, 0, 26),
(26, 0, 0, 0, 26),
(27, 0, 0, 0, 28),
(28, 0, 0, 0, 28),
(29, 0, 0, 0, 29),
(30, 0, 0, 0, 31),
(31, 0, 0, 0, 32),
(32, 0, 0, 0, 32),
(33, 0, 0, 0, 33),
(34, 0, 0, 0, 34),
(35, 0, 0, 0, 35),
(36, 0, 0, 0, 36),
(37, 0, 0, 0, 37),
(38, 0, 0, 0, 38),
(39, 0, 0, 0, 39),
(40, 0, 0, 0, 40),
(41, 0, 0, 0, 41),
(42, 0, 0, 0, 42),
(43, 0, 0, 0, 43),
(44, 0, 0, 0, 44),
(45, 0, 0, 0, 45),
(46, 0, 0, 0, 46),
(47, 0, 0, 0, 47),
(48, 0, 0, 0, 48),
(49, 0, 0, 0, 49),
(50, 0, 0, 0, 50),
(51, 0, 0, 0, 51),
(52, 0, 0, 0, 52),
(53, 0, 0, 0, 53),
(54, 0, 0, 0, 54),
(55, 0, 0, 0, 55),
(56, 0, 0, 0, 56),
(57, 0, 0, 0, 57),
(58, 0, 0, 0, 58),
(59, 0, 0, 0, 59),
(60, 0, 0, 0, 60),
(61, 0, 0, 0, 61),
(62, 0, 0, 0, 62),
(63, 0, 0, 0, 63),
(64, 0, 0, 0, 64),
(65, 0, 0, 0, 65),
(66, 0, 0, 0, 66),
(67, 0, 0, 0, 67),
(68, 0, 0, 0, 68),
(69, 0, 0, 0, 69),
(70, 0, 0, 0, 70),
(71, 0, 0, 0, 71),
(72, 0, 0, 0, 72),
(73, 0, 0, 0, 73),
(74, 0, 0, 0, 74),
(75, 0, 0, 0, 75),
(76, 0, 0, 0, 76),
(77, 0, 0, 0, 77),
(78, 0, 0, 0, 78),
(79, 0, 0, 0, 79),
(80, 0, 0, 0, 80),
(81, 0, 0, 0, 81),
(82, 0, 0, 0, 82),
(83, 0, 0, 0, 83),
(84, 0, 0, 0, 84),
(85, 0, 0, 0, 85),
(86, 0, 0, 0, 86),
(87, 0, 0, 0, 87),
(88, 0, 0, 0, 88),
(89, 0, 0, 0, 89),
(90, 0, 0, 0, 90),
(91, 0, 0, 0, 91),
(92, 0, 0, 0, 92),
(93, 0, 0, 0, 93),
(94, 0, 0, 0, 94),
(95, 0, 0, 0, 95),
(96, 0, 0, 0, 96),
(97, 0, 0, 0, 97),
(98, 0, 0, 0, 98),
(99, 0, 0, 0, 99),
(100, 0, 0, 0, 100),
(101, 0, 0, 0, 101),
(102, 0, 0, 0, 102),
(103, 0, 0, 0, 103),
(104, 0, 0, 0, 104),
(105, 0, 0, 0, 105),
(106, 0, 0, 0, 106),
(107, 0, 0, 0, 107),
(108, 0, 0, 0, 108),
(109, 0, 0, 0, 109),
(110, 0, 0, 0, 110),
(111, 0, 0, 0, 111),
(112, 0, 0, 0, 112),
(113, 0, 0, 0, 113),
(114, 0, 0, 0, 114),
(115, 0, 0, 0, 115),
(116, 0, 0, 0, 116),
(117, 0, 0, 0, 117),
(118, 0, 0, 0, 118),
(119, 0, 0, 0, 119),
(120, 0, 0, 0, 120),
(121, 0, 0, 0, 121),
(122, 0, 0, 0, 122),
(123, 0, 0, 0, 123),
(124, 0, 0, 0, 124),
(125, 0, 0, 0, 125),
(126, 0, 0, 0, 126),
(127, 0, 0, 0, 127),
(128, 0, 0, 0, 128),
(129, 0, 0, 0, 129),
(130, 0, 0, 0, 130),
(131, 0, 0, 0, 131),
(132, 0, 0, 0, 132),
(133, 0, 0, 0, 133),
(134, 0, 0, 0, 134),
(135, 0, 0, 0, 135),
(136, 0, 0, 0, 136),
(137, 0, 0, 0, 137),
(138, 0, 0, 0, 138),
(139, 0, 0, 0, 139),
(140, 0, 0, 0, 140),
(141, 0, 0, 0, 141),
(142, 0, 0, 0, 142),
(143, 0, 0, 0, 143),
(144, 0, 0, 0, 144),
(145, 0, 0, 0, 145),
(146, 0, 0, 0, 146),
(147, 0, 0, 0, 147),
(148, 0, 0, 0, 148),
(149, 0, 0, 0, 149),
(150, 0, 0, 0, 150),
(151, 0, 0, 0, 151),
(152, 0, 0, 0, 152),
(153, 0, 0, 0, 153),
(154, 0, 0, 0, 154),
(155, 0, 0, 0, 155),
(156, 0, 0, 0, 156),
(157, 0, 0, 0, 157),
(158, 0, 0, 0, 158),
(159, 0, 0, 0, 159),
(160, 0, 0, 0, 160),
(161, 0, 0, 0, 161),
(162, 0, 0, 0, 162),
(163, 0, 0, 0, 163),
(164, 0, 0, 0, 164),
(165, 0, 0, 0, 165),
(166, 0, 0, 0, 166),
(167, 0, 0, 0, 167),
(168, 0, 0, 0, 168),
(169, 0, 0, 0, 169),
(170, 0, 0, 0, 170),
(171, 0, 0, 0, 171),
(172, 0, 0, 0, 172),
(173, 0, 0, 0, 173),
(174, 0, 0, 0, 174),
(175, 0, 0, 0, 175),
(176, 0, 0, 0, 176),
(177, 0, 0, 0, 177),
(178, 0, 0, 0, 178),
(179, 0, 0, 0, 179),
(180, 0, 0, 0, 180),
(181, 0, 0, 0, 181),
(182, 0, 0, 0, 182),
(183, 0, 0, 0, 183),
(184, 0, 0, 0, 184),
(185, 0, 0, 0, 185),
(186, 0, 0, 0, 186),
(187, 0, 0, 0, 187),
(188, 0, 0, 0, 188),
(189, 1, 0, 0, 189),
(190, 1, 0, 0, 190);

-- --------------------------------------------------------

--
-- Estructura de tabla para la tabla `co_agr_manejoposcosecha`
--

CREATE TABLE `co_agr_manejoposcosecha` (
  `idManejoPosCosecha` int(11) NOT NULL,
  `Almacenamiento` tinyint(1) DEFAULT NULL,
  `Comercializacion` tinyint(1) DEFAULT NULL,
  `ProcesamientoTransfo` tinyint(1) DEFAULT NULL,
  `Otro` varchar(100) DEFAULT NULL,
  `idAreaTrabajo` int(11) DEFAULT NULL
) ENGINE=InnoDB DEFAULT CHARSET=utf8;

--
-- Volcado de datos para la tabla `co_agr_manejoposcosecha`
--

INSERT INTO `co_agr_manejoposcosecha` (`idManejoPosCosecha`, `Almacenamiento`, `Comercializacion`, `ProcesamientoTransfo`, `Otro`, `idAreaTrabajo`) VALUES
(1, 1, 1, 1, 'manejo', 33),
(2, 1, 1, 1, 'Manejo poscosecha', 34),
(3, 1, 1, 1, 'Manejo poscosecha', 35),
(4, 1, 1, 1, 'Manejo poscosecha', 36),
(5, 1, 1, 1, 'Manejo poscosecha', 37),
(6, 1, 1, 1, 'Manejo poscosecha', 38),
(7, 1, 1, 1, 'Manejo poscosecha', 39),
(8, 0, 0, 0, '', 40),
(9, 0, 0, 0, '', 41),
(10, 0, 0, 0, '', 43),
(11, 0, 0, 0, '', 43),
(12, 0, 0, 0, '', 45),
(13, 0, 0, 0, '', 45),
(14, 0, 0, 0, '', 46),
(15, 0, 0, 0, '', 47),
(16, 0, 0, 0, '', 49),
(17, 0, 0, 0, '', 49),
(18, 0, 0, 0, '', 51),
(19, 0, 0, 0, '', 51),
(20, 0, 0, 0, '', 54),
(21, 0, 0, 0, '', 54),
(22, 0, 0, 0, '', 54),
(23, 0, 0, 0, '', 57),
(24, 0, 0, 0, '', 57),
(25, 0, 0, 0, '', 57),
(26, 0, 0, 0, '', 58),
(27, 0, 0, 0, '', 59),
(28, 0, 0, 0, '', 60),
(29, 0, 0, 0, '', 61),
(30, 0, 0, 0, '', 62),
(31, 0, 0, 0, '', 63),
(32, 0, 0, 0, '', 65),
(33, 0, 0, 0, '', 65),
(34, 0, 0, 0, '', 67),
(35, 0, 0, 0, '', 67),
(36, 0, 0, 0, '', 68),
(37, 0, 0, 0, '', 69),
(38, 0, 0, 0, '', 70),
(39, 0, 0, 0, '', 71),
(40, 0, 0, 0, '', 72),
(41, 0, 0, 0, '', 73),
(42, 0, 0, 0, '', 74),
(43, 0, 0, 0, '', 75),
(44, 0, 0, 0, '', 76),
(45, 0, 0, 0, '', 77),
(46, 0, 0, 0, '', 78),
(47, 0, 0, 0, '', 80),
(48, 0, 0, 0, '', 81),
(49, 0, 0, 0, '', 82),
(50, 0, 0, 0, '', 83),
(51, 0, 0, 0, '', 83),
(52, 0, 0, 0, '', 84),
(53, 0, 0, 0, '', 86),
(54, 0, 0, 0, '', 87),
(55, 0, 0, 0, '', 87),
(56, 0, 0, 0, '', 89),
(57, 0, 0, 0, '', 89),
(58, 0, 0, 0, '', 90),
(59, 0, 0, 0, '', 91),
(60, 0, 0, 0, '', 92),
(61, 0, 0, 0, '', 93),
(62, 0, 0, 0, '', 94),
(63, 0, 0, 0, '', 95),
(64, 0, 0, 0, '', 96),
(65, 0, 0, 0, '', 97),
(66, 0, 0, 0, '', 98),
(67, 0, 0, 0, '', 99),
(68, 0, 0, 0, '', 100),
(69, 0, 0, 0, '', 101),
(70, 0, 0, 0, '', 102),
(71, 0, 0, 0, '', 103),
(72, 0, 0, 0, '', 104),
(73, 0, 0, 0, '', 105),
(74, 0, 0, 0, '', 106),
(75, 0, 0, 0, '', 107),
(76, 0, 0, 0, '', 108),
(77, 0, 0, 0, '', 110),
(78, 0, 0, 0, '', 111),
(79, 0, 0, 0, '', 111),
(80, 0, 0, 0, '', 112),
(81, 0, 0, 0, '', 113),
(82, 0, 0, 0, '', 114),
(83, 0, 0, 0, '', 115),
(84, 0, 0, 0, '', 116),
(85, 0, 0, 0, '', 117),
(86, 0, 0, 0, '', 118),
(87, 0, 0, 0, '', 119),
(88, 0, 0, 0, '', 120),
(89, 0, 0, 0, '', 121),
(90, 0, 0, 0, '', 122),
(91, 0, 0, 0, '', 123),
(92, 0, 0, 0, '', 124),
(93, 0, 0, 0, '', 125),
(94, 0, 0, 0, '', 126),
(95, 0, 0, 0, '', 127),
(96, 0, 0, 0, '', 128),
(97, 0, 0, 0, '', 129),
(98, 0, 0, 0, '', 130),
(99, 0, 0, 0, '', 131),
(100, 0, 0, 0, '', 132),
(101, 0, 0, 0, '', 133),
(102, 0, 0, 0, '', 134),
(103, 0, 0, 0, '', 135),
(104, 0, 0, 0, '', 136),
(105, 0, 0, 0, '', 137),
(106, 0, 0, 0, '', 138),
(107, 0, 0, 0, '', 139),
(108, 0, 0, 0, '', 140),
(109, 0, 0, 0, '', 141),
(110, 0, 0, 0, '', 142),
(111, 0, 0, 0, '', 143),
(112, 0, 0, 0, '', 144),
(113, 0, 0, 0, '', 145),
(114, 0, 0, 0, '', 146),
(115, 0, 0, 0, '', 147),
(116, 0, 0, 0, '', 148),
(117, 0, 0, 0, '', 149),
(118, 0, 0, 0, '', 150),
(119, 0, 0, 0, '', 151),
(120, 0, 0, 0, '', 152),
(121, 0, 0, 0, '', 153),
(122, 0, 0, 0, '', 154),
(123, 0, 0, 0, '', 155),
(124, 0, 0, 0, '', 156),
(125, 0, 0, 0, '', 157),
(126, 0, 0, 0, '1', 158),
(127, 0, 0, 0, '1', 159),
(128, 0, 0, 0, '1', 160),
(129, 0, 0, 0, '1', 161),
(130, 0, 0, 0, '1', 162),
(131, 0, 0, 0, '1', 163),
(132, 0, 0, 0, '1', 164),
(133, 0, 0, 0, '1', 165),
(134, 0, 0, 0, '1', 166),
(135, 0, 0, 0, '1', 167),
(136, 0, 0, 0, '1', 168),
(137, 0, 0, 0, '1', 169),
(138, 0, 0, 0, '1', 170),
(139, 0, 0, 0, '1', 171),
(140, 0, 0, 0, '1', 172),
(141, 0, 0, 0, '1', 173),
(142, 0, 0, 0, '1', 174),
(143, 0, 0, 0, '1', 175),
(144, 0, 0, 0, '1', 176),
(145, 0, 0, 0, '1', 177),
(146, 0, 0, 0, '1', 178),
(147, 0, 0, 0, '1', 179),
(148, 0, 0, 0, '1', 180),
(149, 0, 0, 0, '1', 181),
(150, 0, 0, 0, 'Manejo poscosecha', 182),
(151, 0, 0, 0, 'Manejo poscosecha', 183),
(152, 0, 0, 0, 'Manejo poscosecha', 184),
(153, 0, 0, 0, 'Manejo poscosecha', 185),
(154, 0, 0, 0, 'Manejo poscosecha', 186),
(155, 0, 0, 0, 'Manejo poscosecha', 187),
(156, 0, 0, 0, 'Manejo poscosecha', 188),
(157, 0, 0, 0, 'Manejo poscosecha', 189),
(158, 0, 0, 0, '', 190),
(159, 0, 0, 0, '', 191),
(160, 0, 0, 0, '', 192),
(161, 0, 0, 0, '', 193),
(162, 0, 0, 0, '', 194),
(163, 0, 0, 0, '', 195),
(164, 0, 0, 0, '', 196),
(165, 0, 0, 0, '', 197),
(166, 0, 0, 0, '', 198),
(167, 0, 0, 0, '', 199),
(168, 0, 0, 0, '', 200),
(169, 0, 0, 0, '', 201),
(170, 0, 0, 0, '', 202),
(171, 0, 0, 0, '', 203),
(172, 0, 0, 0, '', 204),
(173, 0, 0, 0, '', 205),
(174, 0, 0, 0, '', 206),
(175, 0, 0, 0, '', 207),
(176, 0, 0, 0, '', 208),
(177, 0, 0, 0, '', 209),
(178, 0, 0, 0, '', 210),
(179, 0, 0, 0, '', 211),
(180, 0, 0, 0, '', 212),
(181, 0, 0, 0, '', 213),
(182, 0, 1, 1, '', 214),
(183, 0, 1, 1, '', 215);

-- --------------------------------------------------------

--
-- Estructura de tabla para la tabla `co_agr_manejorecursoshidricos`
--

CREATE TABLE `co_agr_manejorecursoshidricos` (
  `idManejoRecursosHidricos` int(11) NOT NULL,
  `AlmacenAguaLluvia` tinyint(1) DEFAULT NULL,
  `EnfoqueMicrocuenca` tinyint(1) DEFAULT NULL,
  `ImplementacionEcotecnologicas` tinyint(1) DEFAULT NULL,
  `ManejoComuniAgua` tinyint(1) DEFAULT NULL,
  `RiesgoDrenaje` tinyint(1) DEFAULT NULL,
  `TratamientoAgua` tinyint(1) DEFAULT NULL,
  `Otro` varchar(100) CHARACTER SET latin1 DEFAULT NULL,
  `idAreaTrabajo` int(11) DEFAULT NULL
) ENGINE=InnoDB DEFAULT CHARSET=utf8;

--
-- Volcado de datos para la tabla `co_agr_manejorecursoshidricos`
--

INSERT INTO `co_agr_manejorecursoshidricos` (`idManejoRecursosHidricos`, `AlmacenAguaLluvia`, `EnfoqueMicrocuenca`, `ImplementacionEcotecnologicas`, `ManejoComuniAgua`, `RiesgoDrenaje`, `TratamientoAgua`, `Otro`, `idAreaTrabajo`) VALUES
(1, 1, 1, 1, 1, 1, 1, 'manejo', 33),
(2, 1, 1, 1, 1, 1, 1, 'manejo', 33),
(3, 1, 1, 1, 1, 1, 1, 'Manejo de recursos hÃ­dricos', 34),
(4, 1, 1, 1, 1, 1, 1, 'Manejo de recursos hÃ­dricos', 35),
(5, 1, 1, 1, 1, 1, 1, 'Manejo de recursos hÃ­dricos', 36),
(6, 1, 1, 1, 1, 1, 1, 'Manejo de recursos hÃ­dricos', 37),
(7, 1, 1, 1, 1, 1, 1, 'Manejo de recursos hÃ­dricos', 38),
(8, 1, 1, 1, 1, 1, 1, 'Manejo de recursos hÃ­dricos', 39),
(9, 0, 0, 0, 0, 0, 0, '', 40),
(10, 0, 0, 0, 0, 0, 0, '', 41),
(11, 0, 0, 0, 0, 0, 0, '', 43),
(12, 0, 0, 0, 0, 0, 0, '', 43),
(13, 0, 0, 0, 0, 0, 0, '', 45),
(14, 0, 0, 0, 0, 0, 0, '', 45),
(15, 0, 0, 0, 0, 0, 0, '', 46),
(16, 0, 0, 0, 0, 0, 0, '', 47),
(17, 0, 0, 0, 0, 0, 0, '', 49),
(18, 0, 0, 0, 0, 0, 0, '', 49),
(19, 0, 0, 0, 0, 0, 0, '', 51),
(20, 0, 0, 0, 0, 0, 0, '', 51),
(21, 0, 0, 0, 0, 0, 0, '', 54),
(22, 0, 0, 0, 0, 0, 0, '', 54),
(23, 0, 0, 0, 0, 0, 0, '', 54),
(24, 0, 0, 0, 0, 0, 0, '', 57),
(25, 0, 0, 0, 0, 0, 0, '', 57),
(26, 0, 0, 0, 0, 0, 0, '', 57),
(27, 0, 0, 0, 0, 0, 0, '', 58),
(28, 0, 0, 0, 0, 0, 0, '', 59),
(29, 0, 0, 0, 0, 0, 0, '', 60),
(30, 0, 0, 0, 0, 0, 0, '', 61),
(31, 0, 0, 0, 0, 0, 0, '', 62),
(32, 0, 0, 0, 0, 0, 0, '', 63),
(33, 0, 0, 0, 0, 0, 0, '', 65),
(34, 0, 0, 0, 0, 0, 0, '', 65),
(35, 0, 0, 0, 0, 0, 0, '', 67),
(36, 0, 0, 0, 0, 0, 0, '', 67),
(37, 0, 0, 0, 0, 0, 0, '', 68),
(38, 0, 0, 0, 0, 0, 0, '', 69),
(39, 0, 0, 0, 0, 0, 0, '', 70),
(40, 0, 0, 0, 0, 0, 0, '', 71),
(41, 0, 0, 0, 0, 0, 0, '', 72),
(42, 0, 0, 0, 0, 0, 0, '', 73),
(43, 0, 0, 0, 0, 0, 0, '', 74),
(44, 0, 0, 0, 0, 0, 0, '', 75),
(45, 0, 0, 0, 0, 0, 0, '', 76),
(46, 0, 0, 0, 0, 0, 0, '', 77),
(47, 0, 0, 0, 0, 0, 0, '', 78),
(48, 0, 0, 0, 0, 0, 0, '', 80),
(49, 0, 0, 0, 0, 0, 0, '', 80),
(50, 0, 0, 0, 0, 0, 0, '', 81),
(51, 0, 0, 0, 0, 0, 0, '', 83),
(52, 0, 0, 0, 0, 0, 0, '', 83),
(53, 0, 0, 0, 0, 0, 0, '', 84),
(54, 0, 0, 0, 0, 0, 0, '', 85),
(55, 0, 0, 0, 0, 0, 0, '', 87),
(56, 0, 0, 0, 0, 0, 0, '', 87),
(57, 0, 0, 0, 0, 0, 0, '', 89),
(58, 0, 0, 0, 0, 0, 0, '', 89),
(59, 0, 0, 0, 0, 0, 0, '', 90),
(60, 0, 0, 0, 0, 0, 0, '', 91),
(61, 0, 0, 0, 0, 0, 0, '', 92),
(62, 0, 0, 0, 0, 0, 0, '', 93),
(63, 0, 0, 0, 0, 0, 0, '', 94),
(64, 0, 0, 0, 0, 0, 0, '', 95),
(65, 0, 0, 0, 0, 0, 0, '', 96),
(66, 0, 0, 0, 0, 0, 0, '', 97),
(67, 0, 0, 0, 0, 0, 0, '', 98),
(68, 0, 0, 0, 0, 0, 0, '', 99),
(69, 0, 0, 0, 0, 0, 0, '', 100),
(70, 0, 0, 0, 0, 0, 0, '', 101),
(71, 0, 0, 0, 0, 0, 0, '', 102),
(72, 0, 0, 0, 0, 0, 0, '', 103),
(73, 0, 0, 0, 0, 0, 0, '', 104),
(74, 0, 0, 0, 0, 0, 0, '', 105),
(75, 0, 0, 0, 0, 0, 0, '', 106),
(76, 0, 0, 0, 0, 0, 0, '', 107),
(77, 0, 0, 0, 0, 0, 0, '', 108),
(78, 0, 0, 0, 0, 0, 0, '', 110),
(79, 0, 0, 0, 0, 0, 0, '', 110),
(80, 0, 0, 0, 0, 0, 0, '', 111),
(81, 0, 0, 0, 0, 0, 0, '', 112),
(82, 0, 0, 0, 0, 0, 0, '', 113),
(83, 0, 0, 0, 0, 0, 0, '', 114),
(84, 0, 0, 0, 0, 0, 0, '', 115),
(85, 0, 0, 0, 0, 0, 0, '', 116),
(86, 0, 0, 0, 0, 0, 0, '', 117),
(87, 0, 0, 0, 0, 0, 0, '', 118),
(88, 0, 0, 0, 0, 0, 0, '', 119),
(89, 0, 0, 0, 0, 0, 0, '', 120),
(90, 0, 0, 0, 0, 0, 0, '', 121),
(91, 0, 0, 0, 0, 0, 0, '', 122),
(92, 0, 0, 0, 0, 0, 0, '', 123),
(93, 0, 0, 0, 0, 0, 0, '', 124),
(94, 0, 0, 0, 0, 0, 0, '', 125),
(95, 0, 0, 0, 0, 0, 0, '', 126),
(96, 0, 0, 0, 0, 0, 0, '', 127),
(97, 0, 0, 0, 0, 0, 0, '', 128),
(98, 0, 0, 0, 0, 0, 0, '', 129),
(99, 0, 0, 0, 0, 0, 0, '', 130),
(100, 0, 0, 0, 0, 0, 0, '', 131),
(101, 0, 0, 0, 0, 0, 0, '', 132),
(102, 0, 0, 0, 0, 0, 0, '', 133),
(103, 0, 0, 0, 0, 0, 0, '', 134),
(104, 0, 0, 0, 0, 0, 0, '', 135),
(105, 0, 0, 0, 0, 0, 0, '', 136),
(106, 0, 0, 0, 0, 0, 0, '', 137),
(107, 0, 0, 0, 0, 0, 0, '', 138),
(108, 0, 0, 0, 0, 0, 0, '', 139),
(109, 0, 0, 0, 0, 0, 0, '', 140),
(110, 0, 0, 0, 0, 0, 0, '', 141),
(111, 0, 0, 0, 0, 0, 0, '', 142),
(112, 0, 0, 0, 0, 0, 0, '', 143),
(113, 0, 0, 0, 0, 0, 0, '', 144),
(114, 0, 0, 0, 0, 0, 0, '', 145),
(115, 0, 0, 0, 0, 0, 0, '', 146),
(116, 0, 0, 0, 0, 0, 0, '', 147),
(117, 0, 0, 0, 0, 0, 0, '', 148),
(118, 0, 0, 0, 0, 0, 0, '', 149),
(119, 0, 0, 0, 0, 0, 0, '', 150),
(120, 0, 0, 0, 0, 0, 0, '', 151),
(121, 0, 0, 0, 0, 0, 0, '', 152),
(122, 0, 0, 0, 0, 0, 0, '', 153),
(123, 0, 0, 0, 0, 0, 0, '', 154),
(124, 0, 0, 0, 0, 0, 0, '', 155),
(125, 0, 0, 0, 0, 0, 0, '1', 156),
(126, 0, 0, 0, 0, 0, 0, '1', 157),
(127, 0, 0, 0, 0, 0, 0, '1', 158),
(128, 0, 0, 0, 0, 0, 0, '1', 159),
(129, 0, 0, 0, 0, 0, 0, '1', 160),
(130, 0, 0, 0, 0, 0, 0, '1', 161),
(131, 0, 0, 0, 0, 0, 0, '1', 162),
(132, 0, 0, 0, 0, 0, 0, '1', 163),
(133, 0, 0, 0, 0, 0, 0, '1', 164),
(134, 0, 0, 0, 0, 0, 0, '1', 165),
(135, 0, 0, 0, 0, 0, 0, '1', 166),
(136, 0, 0, 0, 0, 0, 0, '1', 167),
(137, 0, 0, 0, 0, 0, 0, '1', 168),
(138, 0, 0, 0, 0, 0, 0, '1', 169),
(139, 0, 0, 0, 0, 0, 0, '1', 170),
(140, 0, 0, 0, 0, 0, 0, '1', 171),
(141, 0, 0, 0, 0, 0, 0, '1', 172),
(142, 0, 0, 0, 0, 0, 0, '1', 173),
(143, 0, 0, 0, 0, 0, 0, '1', 174),
(144, 0, 0, 0, 0, 0, 0, '1', 175),
(145, 0, 0, 0, 0, 0, 0, '1', 176),
(146, 0, 0, 0, 0, 0, 0, '1', 177),
(147, 0, 0, 0, 0, 0, 0, '1', 178),
(148, 0, 0, 0, 0, 0, 0, '1', 179),
(149, 0, 0, 0, 0, 0, 0, '1', 180),
(150, 0, 0, 0, 0, 0, 0, '1', 181),
(151, 1, 1, 1, 0, 0, 0, 'Manejo de recursos hÃ­dricos', 182),
(152, 1, 1, 1, 0, 0, 0, 'Manejo de recursos hÃ­dricos', 183),
(153, 1, 1, 1, 0, 0, 0, 'Manejo de recursos hÃ­dricos', 184),
(154, 1, 1, 1, 0, 0, 0, 'Manejo de recursos hÃ­dricos', 185),
(155, 1, 1, 1, 0, 0, 0, 'Manejo de recursos hÃ­dricos', 186),
(156, 1, 1, 1, 0, 0, 0, 'Manejo de recursos hÃ­dricos', 187),
(157, 1, 1, 1, 0, 0, 0, 'Manejo de recursos hÃ­dricos', 188),
(158, 1, 1, 1, 0, 0, 0, 'Manejo de recursos hÃ­dricos', 189),
(159, 0, 0, 0, 0, 0, 0, '', 190),
(160, 0, 0, 0, 0, 0, 0, '', 191),
(161, 0, 0, 0, 0, 0, 0, '', 192),
(162, 0, 0, 0, 0, 0, 0, '', 193),
(163, 0, 0, 0, 0, 0, 0, '', 194),
(164, 0, 0, 0, 0, 0, 0, '', 195),
(165, 0, 0, 0, 0, 0, 0, '', 196),
(166, 0, 0, 0, 0, 0, 0, '', 197),
(167, 0, 0, 0, 0, 0, 0, '', 198),
(168, 0, 0, 0, 0, 0, 0, '', 199),
(169, 0, 0, 0, 0, 0, 0, '', 200),
(170, 0, 0, 0, 0, 0, 0, '', 201),
(171, 0, 0, 0, 0, 0, 0, '', 202),
(172, 0, 0, 0, 0, 0, 0, '', 203),
(173, 0, 0, 0, 0, 0, 0, '', 204),
(174, 0, 0, 0, 0, 0, 0, '', 205),
(175, 0, 0, 0, 0, 0, 0, '', 206),
(176, 0, 0, 0, 0, 0, 0, '', 207),
(177, 0, 0, 0, 0, 0, 0, '', 208),
(178, 0, 0, 0, 0, 0, 0, '', 209),
(179, 0, 0, 0, 0, 0, 0, '', 210),
(180, 0, 0, 0, 0, 0, 0, '', 211),
(181, 0, 0, 0, 0, 0, 0, '', 212),
(182, 0, 0, 0, 0, 0, 0, '', 213),
(183, 0, 1, 1, 0, 1, 0, '', 214),
(184, 0, 1, 1, 0, 1, 0, '', 215);

-- --------------------------------------------------------

--
-- Estructura de tabla para la tabla `co_agr_manejosuelo`
--

CREATE TABLE `co_agr_manejosuelo` (
  `idManejoSuelo` int(11) NOT NULL,
  `AbonoVerde` tinyint(1) DEFAULT NULL,
  `BarbechoDescanso` tinyint(1) DEFAULT NULL,
  `HarinaRoca` tinyint(1) DEFAULT NULL,
  `Cobertura` tinyint(1) DEFAULT NULL,
  `Compostaje` tinyint(1) DEFAULT NULL,
  `MejoraFertilidad` tinyint(1) DEFAULT NULL,
  `ProduccionBiofertilizante` tinyint(1) DEFAULT NULL,
  `ProduccionAbonoSolido` tinyint(1) DEFAULT NULL,
  `PracticaConservacionSuelo` tinyint(1) DEFAULT NULL,
  `SiembraDirectaCultivo` tinyint(1) DEFAULT NULL,
  `SiembraCultivoAnimal` tinyint(1) DEFAULT NULL,
  `SiembraContivoCon` tinyint(1) DEFAULT NULL,
  `SiembraDirecta` tinyint(1) DEFAULT NULL,
  `idSistemaProduccionAgricola` int(11) DEFAULT NULL
) ENGINE=InnoDB DEFAULT CHARSET=utf8;

--
-- Volcado de datos para la tabla `co_agr_manejosuelo`
--

INSERT INTO `co_agr_manejosuelo` (`idManejoSuelo`, `AbonoVerde`, `BarbechoDescanso`, `HarinaRoca`, `Cobertura`, `Compostaje`, `MejoraFertilidad`, `ProduccionBiofertilizante`, `ProduccionAbonoSolido`, `PracticaConservacionSuelo`, `SiembraDirectaCultivo`, `SiembraCultivoAnimal`, `SiembraContivoCon`, `SiembraDirecta`, `idSistemaProduccionAgricola`) VALUES
(1, 1, 1, 1, 1, 1, 1, 1, 1, 1, 1, 1, 1, 1, 1),
(2, 1, 1, 1, 1, 1, 1, 1, 1, 1, 1, 1, 1, 1, 2),
(3, 1, 1, 1, 1, 1, 1, 1, 1, 1, 1, 1, 1, 1, 3),
(4, 1, 1, 1, 1, 1, 1, 1, 1, 1, 1, 1, 1, 1, 4),
(5, 1, 1, 1, 1, 1, 1, 1, 1, 1, 1, 1, 1, 1, 5),
(6, 1, 1, 1, 1, 1, 1, 1, 1, 1, 1, 1, 1, 1, 6),
(7, 1, 1, 1, 1, 1, 1, 1, 1, 1, 1, 1, 1, 1, 7),
(8, 1, 1, 1, 1, 1, 1, 1, 1, 1, 1, 1, 1, 1, 8),
(9, 1, 1, 1, 1, 1, 1, 1, 1, 1, 1, 1, 1, 1, 9),
(10, 1, 1, 1, 1, 1, 1, 1, 1, 1, 1, 1, 1, 1, 10),
(11, 1, 1, 1, 1, 1, 1, 1, 1, 1, 1, 1, 1, 1, 11),
(12, 1, 1, 1, 1, 1, 1, 1, 1, 1, 1, 1, 1, 1, 12),
(13, 1, 1, 1, 1, 1, 1, 1, 1, 1, 1, 1, 1, 1, 13),
(14, 1, 1, 1, 1, 1, 1, 1, 1, 1, 1, 1, 1, 1, 14),
(15, 0, 0, 0, 0, 0, 0, 0, 0, 0, 0, 0, 0, 0, 15),
(16, 0, 0, 0, 0, 0, 0, 0, 0, 0, 0, 0, 0, 0, 16),
(17, 0, 0, 0, 0, 0, 0, 0, 0, 0, 0, 0, 0, 0, 18),
(18, 0, 0, 0, 0, 0, 0, 0, 0, 0, 0, 0, 0, 0, 18),
(19, 0, 0, 0, 0, 0, 0, 0, 0, 0, 0, 0, 0, 0, 19),
(20, 0, 0, 0, 0, 0, 0, 0, 0, 0, 0, 0, 0, 0, 20),
(21, 0, 0, 0, 0, 0, 0, 0, 0, 0, 0, 0, 0, 0, 21),
(22, 0, 0, 0, 0, 0, 0, 0, 0, 0, 0, 0, 0, 0, 22),
(23, 0, 0, 0, 0, 0, 0, 0, 0, 0, 0, 0, 0, 0, 24),
(24, 0, 0, 0, 0, 0, 0, 0, 0, 0, 0, 0, 0, 0, 24),
(25, 0, 0, 0, 0, 0, 0, 0, 0, 0, 0, 0, 0, 0, 26),
(26, 0, 0, 0, 0, 0, 0, 0, 0, 0, 0, 0, 0, 0, 26),
(27, 0, 0, 0, 0, 0, 0, 0, 0, 0, 0, 0, 0, 0, 28),
(28, 0, 0, 0, 0, 0, 0, 0, 0, 0, 0, 0, 0, 0, 28),
(29, 0, 0, 0, 0, 0, 0, 0, 0, 0, 0, 0, 0, 0, 29),
(30, 0, 0, 0, 0, 0, 0, 0, 0, 0, 0, 0, 0, 0, 32),
(31, 0, 0, 0, 0, 0, 0, 0, 0, 0, 0, 0, 0, 0, 32),
(32, 0, 0, 0, 0, 0, 0, 0, 0, 0, 0, 0, 0, 0, 32),
(33, 0, 0, 0, 0, 0, 0, 0, 0, 0, 0, 0, 0, 0, 33),
(34, 0, 0, 0, 0, 0, 0, 0, 0, 0, 0, 0, 0, 0, 34),
(35, 0, 0, 0, 0, 0, 0, 0, 0, 0, 0, 0, 0, 0, 35),
(36, 0, 0, 0, 0, 0, 0, 0, 0, 0, 0, 0, 0, 0, 36),
(37, 0, 0, 0, 0, 0, 0, 0, 0, 0, 0, 0, 0, 0, 37),
(38, 0, 0, 0, 0, 0, 0, 0, 0, 0, 0, 0, 0, 0, 38),
(39, 0, 0, 0, 0, 0, 0, 0, 0, 0, 0, 0, 0, 0, 40),
(40, 0, 0, 0, 0, 0, 0, 0, 0, 0, 0, 0, 0, 0, 40),
(41, 0, 0, 0, 0, 0, 0, 0, 0, 0, 0, 0, 0, 0, 41),
(42, 0, 0, 0, 0, 0, 0, 0, 0, 0, 0, 0, 0, 0, 42),
(43, 0, 0, 0, 0, 0, 0, 0, 0, 0, 0, 0, 0, 0, 43),
(44, 0, 0, 0, 0, 0, 0, 0, 0, 0, 0, 0, 0, 0, 44),
(45, 0, 0, 0, 0, 0, 0, 0, 0, 0, 0, 0, 0, 0, 45),
(46, 0, 0, 0, 0, 0, 0, 0, 0, 0, 0, 0, 0, 0, 46),
(47, 0, 0, 0, 0, 0, 0, 0, 0, 0, 0, 0, 0, 0, 47),
(48, 0, 0, 0, 0, 0, 0, 0, 0, 0, 0, 0, 0, 0, 48),
(49, 0, 0, 0, 0, 0, 0, 0, 0, 0, 0, 0, 0, 0, 49),
(50, 0, 0, 0, 0, 0, 0, 0, 0, 0, 0, 0, 0, 0, 50),
(51, 0, 0, 0, 0, 0, 0, 0, 0, 0, 0, 0, 0, 0, 51),
(52, 0, 0, 0, 0, 0, 0, 0, 0, 0, 0, 0, 0, 0, 52),
(53, 0, 0, 0, 0, 0, 0, 0, 0, 0, 0, 0, 0, 0, 53),
(54, 0, 0, 0, 0, 0, 0, 0, 0, 0, 0, 0, 0, 0, 54),
(55, 0, 0, 0, 0, 0, 0, 0, 0, 0, 0, 0, 0, 0, 55),
(56, 0, 0, 0, 0, 0, 0, 0, 0, 0, 0, 0, 0, 0, 56),
(57, 0, 0, 0, 0, 0, 0, 0, 0, 0, 0, 0, 0, 0, 58),
(58, 0, 0, 0, 0, 0, 0, 0, 0, 0, 0, 0, 0, 0, 58),
(59, 0, 0, 0, 0, 0, 0, 0, 0, 0, 0, 0, 0, 0, 59),
(60, 0, 0, 0, 0, 0, 0, 0, 0, 0, 0, 0, 0, 0, 60),
(61, 0, 0, 0, 0, 0, 0, 0, 0, 0, 0, 0, 0, 0, 61),
(62, 0, 0, 0, 0, 0, 0, 0, 0, 0, 0, 0, 0, 0, 62),
(63, 0, 0, 0, 0, 0, 0, 0, 0, 0, 0, 0, 0, 0, 63),
(64, 0, 0, 0, 0, 0, 0, 0, 0, 0, 0, 0, 0, 0, 64),
(65, 0, 0, 0, 0, 0, 0, 0, 0, 0, 0, 0, 0, 0, 65),
(66, 0, 0, 0, 0, 0, 0, 0, 0, 0, 0, 0, 0, 0, 66),
(67, 0, 0, 0, 0, 0, 0, 0, 0, 0, 0, 0, 0, 0, 67),
(68, 0, 0, 0, 0, 0, 0, 0, 0, 0, 0, 0, 0, 0, 68),
(69, 0, 0, 0, 0, 0, 0, 0, 0, 0, 0, 0, 0, 0, 69),
(70, 0, 0, 0, 0, 0, 0, 0, 0, 0, 0, 0, 0, 0, 70),
(71, 0, 0, 0, 0, 0, 0, 0, 0, 0, 0, 0, 0, 0, 71),
(72, 0, 0, 0, 0, 0, 0, 0, 0, 0, 0, 0, 0, 0, 72),
(73, 0, 0, 0, 0, 0, 0, 0, 0, 0, 0, 0, 0, 0, 73),
(74, 0, 0, 0, 0, 0, 0, 0, 0, 0, 0, 0, 0, 0, 74),
(75, 0, 0, 0, 0, 0, 0, 0, 0, 0, 0, 0, 0, 0, 75),
(76, 0, 0, 0, 0, 0, 0, 0, 0, 0, 0, 0, 0, 0, 76),
(77, 0, 0, 0, 0, 0, 0, 0, 0, 0, 0, 0, 0, 0, 77),
(78, 0, 0, 0, 0, 0, 0, 0, 0, 0, 0, 0, 0, 0, 78),
(79, 0, 0, 0, 0, 0, 0, 0, 0, 0, 0, 0, 0, 0, 79),
(80, 0, 0, 0, 0, 0, 0, 0, 0, 0, 0, 0, 0, 0, 80),
(81, 0, 0, 0, 0, 0, 0, 0, 0, 0, 0, 0, 0, 0, 81),
(82, 0, 0, 0, 0, 0, 0, 0, 0, 0, 0, 0, 0, 0, 82),
(83, 0, 0, 0, 0, 0, 0, 0, 0, 0, 0, 0, 0, 0, 83),
(84, 0, 0, 0, 0, 0, 0, 0, 0, 0, 0, 0, 0, 0, 85),
(85, 0, 0, 0, 0, 0, 0, 0, 0, 0, 0, 0, 0, 0, 85),
(86, 0, 0, 0, 0, 0, 0, 0, 0, 0, 0, 0, 0, 0, 86),
(87, 0, 0, 0, 0, 0, 0, 0, 0, 0, 0, 0, 0, 0, 87),
(88, 0, 0, 0, 0, 0, 0, 0, 0, 0, 0, 0, 0, 0, 88),
(89, 0, 0, 0, 0, 0, 0, 0, 0, 0, 0, 0, 0, 0, 89),
(90, 0, 0, 0, 0, 0, 0, 0, 0, 0, 0, 0, 0, 0, 90),
(91, 0, 0, 0, 0, 0, 0, 0, 0, 0, 0, 0, 0, 0, 91),
(92, 0, 0, 0, 0, 0, 0, 0, 0, 0, 0, 0, 0, 0, 92),
(93, 0, 0, 0, 0, 0, 0, 0, 0, 0, 0, 0, 0, 0, 93),
(94, 0, 0, 0, 0, 0, 0, 0, 0, 0, 0, 0, 0, 0, 94),
(95, 0, 0, 0, 0, 0, 0, 0, 0, 0, 0, 0, 0, 0, 95),
(96, 0, 0, 0, 0, 0, 0, 0, 0, 0, 0, 0, 0, 0, 96),
(97, 0, 0, 0, 0, 0, 0, 0, 0, 0, 0, 0, 0, 0, 97),
(98, 0, 0, 0, 0, 0, 0, 0, 0, 0, 0, 0, 0, 0, 98),
(99, 0, 0, 0, 0, 0, 0, 0, 0, 0, 0, 0, 0, 0, 99),
(100, 0, 0, 0, 0, 0, 0, 0, 0, 0, 0, 0, 0, 0, 100),
(101, 0, 0, 0, 0, 0, 0, 0, 0, 0, 0, 0, 0, 0, 101),
(102, 0, 0, 0, 0, 0, 0, 0, 0, 0, 0, 0, 0, 0, 102),
(103, 0, 0, 0, 0, 0, 0, 0, 0, 0, 0, 0, 0, 0, 103),
(104, 0, 0, 0, 0, 0, 0, 0, 0, 0, 0, 0, 0, 0, 104),
(105, 0, 0, 0, 0, 0, 0, 0, 0, 0, 0, 0, 0, 0, 105),
(106, 0, 0, 0, 0, 0, 0, 0, 0, 0, 0, 0, 0, 0, 106),
(107, 0, 0, 0, 0, 0, 0, 0, 0, 0, 0, 0, 0, 0, 107),
(108, 0, 0, 0, 0, 0, 0, 0, 0, 0, 0, 0, 0, 0, 108),
(109, 0, 0, 0, 0, 0, 0, 0, 0, 0, 0, 0, 0, 0, 109),
(110, 0, 0, 0, 0, 0, 0, 0, 0, 0, 0, 0, 0, 0, 110),
(111, 0, 0, 0, 0, 0, 0, 0, 0, 0, 0, 0, 0, 0, 111),
(112, 0, 0, 0, 0, 0, 0, 0, 0, 0, 0, 0, 0, 0, 112),
(113, 0, 0, 0, 0, 0, 0, 0, 0, 0, 0, 0, 0, 0, 113),
(114, 0, 0, 0, 0, 0, 0, 0, 0, 0, 0, 0, 0, 0, 114),
(115, 0, 0, 0, 0, 0, 0, 0, 0, 0, 0, 0, 0, 0, 115),
(116, 0, 0, 0, 0, 0, 0, 0, 0, 0, 0, 0, 0, 0, 116),
(117, 0, 0, 0, 0, 0, 0, 0, 0, 0, 0, 0, 0, 0, 117),
(118, 0, 0, 0, 0, 0, 0, 0, 0, 0, 0, 0, 0, 0, 118),
(119, 0, 0, 0, 0, 0, 0, 0, 0, 0, 0, 0, 0, 0, 119),
(120, 0, 0, 0, 0, 0, 0, 0, 0, 0, 0, 0, 0, 0, 120),
(121, 0, 0, 0, 0, 0, 0, 0, 0, 0, 0, 0, 0, 0, 121),
(122, 0, 0, 0, 0, 0, 0, 0, 0, 0, 0, 0, 0, 0, 122),
(123, 0, 0, 0, 0, 0, 0, 0, 0, 0, 0, 0, 0, 0, 123),
(124, 0, 0, 0, 0, 0, 0, 0, 0, 0, 0, 0, 0, 0, 124),
(125, 0, 0, 0, 0, 0, 0, 0, 0, 0, 0, 0, 0, 0, 125),
(126, 0, 0, 0, 0, 0, 0, 0, 0, 0, 0, 0, 0, 0, 126),
(127, 0, 0, 0, 0, 0, 0, 0, 0, 0, 0, 0, 0, 0, 127),
(128, 0, 0, 0, 0, 0, 0, 0, 0, 0, 0, 0, 0, 0, 128),
(129, 0, 0, 0, 0, 0, 0, 0, 0, 0, 0, 0, 0, 0, 129),
(130, 0, 0, 0, 0, 0, 0, 0, 0, 0, 0, 0, 0, 0, 130),
(131, 0, 0, 0, 0, 0, 0, 0, 0, 0, 0, 0, 0, 0, 131),
(132, 0, 0, 0, 0, 0, 0, 0, 0, 0, 0, 0, 0, 0, 132),
(133, 0, 0, 0, 0, 0, 0, 0, 0, 0, 0, 0, 0, 0, 133),
(134, 0, 0, 0, 0, 0, 0, 0, 0, 0, 0, 0, 0, 0, 134),
(135, 0, 0, 0, 0, 0, 0, 0, 0, 0, 0, 0, 0, 0, 135),
(136, 0, 0, 0, 0, 0, 0, 0, 0, 0, 0, 0, 0, 0, 136),
(137, 0, 0, 0, 0, 0, 0, 0, 0, 0, 0, 0, 0, 0, 137),
(138, 0, 0, 0, 0, 0, 0, 0, 0, 0, 0, 0, 0, 0, 138),
(139, 0, 0, 0, 0, 0, 0, 0, 0, 0, 0, 0, 0, 0, 139),
(140, 0, 0, 0, 0, 0, 0, 0, 0, 0, 0, 0, 0, 0, 140),
(141, 0, 0, 0, 0, 0, 0, 0, 0, 0, 0, 0, 0, 0, 141),
(142, 0, 0, 0, 0, 0, 0, 0, 0, 0, 0, 0, 0, 0, 142),
(143, 0, 0, 0, 0, 0, 0, 0, 0, 0, 0, 0, 0, 0, 143),
(144, 0, 0, 0, 0, 0, 0, 0, 0, 0, 0, 0, 0, 0, 144),
(145, 0, 0, 0, 0, 0, 0, 0, 0, 0, 0, 0, 0, 0, 145),
(146, 0, 0, 0, 0, 0, 0, 0, 0, 0, 0, 0, 0, 0, 146),
(147, 0, 0, 0, 0, 0, 0, 0, 0, 0, 0, 0, 0, 0, 147),
(148, 0, 0, 0, 0, 0, 0, 0, 0, 0, 0, 0, 0, 0, 148),
(149, 0, 0, 0, 0, 0, 0, 0, 0, 0, 0, 0, 0, 0, 149),
(150, 0, 0, 0, 0, 0, 0, 0, 0, 0, 0, 0, 0, 0, 150),
(151, 0, 0, 0, 0, 0, 0, 0, 0, 0, 0, 0, 0, 0, 151),
(152, 0, 0, 0, 0, 0, 0, 0, 0, 0, 0, 0, 0, 0, 152),
(153, 0, 0, 0, 0, 0, 0, 0, 0, 0, 0, 0, 0, 0, 153),
(154, 0, 0, 0, 0, 0, 0, 0, 0, 0, 0, 0, 0, 0, 154),
(155, 0, 0, 0, 0, 0, 0, 0, 0, 0, 0, 0, 0, 0, 155),
(156, 0, 0, 0, 0, 0, 0, 0, 0, 0, 0, 0, 0, 0, 156),
(157, 0, 0, 0, 0, 0, 0, 0, 0, 0, 0, 0, 0, 0, 157),
(158, 0, 0, 0, 0, 0, 0, 0, 0, 0, 0, 0, 0, 0, 158),
(159, 0, 0, 0, 0, 0, 0, 0, 0, 0, 0, 0, 0, 0, 159),
(160, 0, 0, 0, 0, 0, 0, 0, 0, 0, 0, 0, 0, 0, 160),
(161, 0, 0, 0, 0, 0, 0, 0, 0, 0, 0, 0, 0, 0, 161),
(162, 0, 0, 0, 0, 0, 0, 0, 0, 0, 0, 0, 0, 0, 162),
(163, 0, 0, 0, 0, 0, 0, 0, 0, 0, 0, 0, 0, 0, 163),
(164, 0, 0, 0, 0, 0, 0, 0, 0, 0, 0, 0, 0, 0, 164),
(165, 0, 0, 0, 0, 0, 0, 0, 0, 0, 0, 0, 0, 0, 165),
(166, 0, 0, 0, 0, 0, 0, 0, 0, 0, 0, 0, 0, 0, 166),
(167, 0, 0, 0, 0, 0, 0, 0, 0, 0, 0, 0, 0, 0, 167),
(168, 0, 0, 0, 0, 0, 0, 0, 0, 0, 0, 0, 0, 0, 168),
(169, 0, 0, 0, 0, 0, 0, 0, 0, 0, 0, 0, 0, 0, 169),
(170, 0, 0, 0, 0, 0, 0, 0, 0, 0, 0, 0, 0, 0, 170),
(171, 0, 0, 0, 0, 0, 0, 0, 0, 0, 0, 0, 0, 0, 171),
(172, 0, 0, 0, 0, 0, 0, 0, 0, 0, 0, 0, 0, 0, 172),
(173, 0, 0, 0, 0, 0, 0, 0, 0, 0, 0, 0, 0, 0, 173),
(174, 0, 0, 0, 0, 0, 0, 0, 0, 0, 0, 0, 0, 0, 174),
(175, 0, 0, 0, 0, 0, 0, 0, 0, 0, 0, 0, 0, 0, 175),
(176, 0, 0, 0, 0, 0, 0, 0, 0, 0, 0, 0, 0, 0, 176),
(177, 0, 0, 0, 0, 0, 0, 0, 0, 0, 0, 0, 0, 0, 177),
(178, 0, 0, 0, 0, 0, 0, 0, 0, 0, 0, 0, 0, 0, 178),
(179, 0, 0, 0, 0, 0, 0, 0, 0, 0, 0, 0, 0, 0, 179),
(180, 0, 0, 0, 0, 0, 0, 0, 0, 0, 0, 0, 0, 0, 180),
(181, 0, 0, 0, 0, 0, 0, 0, 0, 0, 0, 0, 0, 0, 181),
(182, 0, 0, 0, 0, 0, 0, 0, 0, 0, 0, 0, 0, 0, 182),
(183, 0, 0, 0, 0, 0, 0, 0, 0, 0, 0, 0, 0, 0, 183),
(184, 0, 0, 0, 0, 0, 0, 0, 0, 0, 0, 0, 0, 0, 184),
(185, 0, 0, 0, 0, 0, 0, 0, 0, 0, 0, 0, 0, 0, 185),
(186, 0, 0, 0, 0, 0, 0, 0, 0, 0, 0, 0, 0, 0, 186),
(187, 0, 0, 0, 0, 0, 0, 0, 0, 0, 0, 0, 0, 0, 187),
(188, 0, 0, 0, 0, 0, 0, 0, 0, 0, 0, 0, 0, 0, 188),
(189, 0, 0, 0, 0, 0, 0, 0, 0, 0, 0, 0, 0, 1, 189),
(190, 0, 0, 0, 0, 0, 0, 0, 0, 0, 0, 0, 0, 1, 190);

-- --------------------------------------------------------

--
-- Estructura de tabla para la tabla `co_agr_municipio`
--

CREATE TABLE `co_agr_municipio` (
  `cve_ent` varchar(2) DEFAULT NULL,
  `cve_mun` varchar(4) DEFAULT NULL,
  `opcion` varchar(110) DEFAULT NULL
) ENGINE=InnoDB DEFAULT CHARSET=utf8;

--
-- Volcado de datos para la tabla `co_agr_municipio`
--

INSERT INTO `co_agr_municipio` (`cve_ent`, `cve_mun`, `opcion`) VALUES
('10', '1', 'Canatl?n'),
('10', '2', 'Canelas'),
('10', '3', 'Coneto de Comonfort'),
('10', '4', 'Cuencam?\r\n10'),
('10', '6', 'General Sim?n Bol?var'),
('10', '7', 'G?mez Palacio'),
('10', '8', 'Guadalupe Victoria'),
('10', '9', 'Guanacev?\r\n10'),
('10', '11', 'Ind?\r\n10'),
('10', '13', 'Mapim?\r\n10'),
('10', '15', 'Nazas'),
('10', '16', 'Nombre de Dios'),
('10', '17', 'Ocampo'),
('10', '18', 'El Oro'),
('10', '19', 'Ot?ez'),
('10', '20', 'P?nuco de Coronado'),
('10', '21', 'Pe??n Blanco'),
('10', '22', 'Poanas'),
('10', '23', 'Pueblo Nuevo'),
('10', '24', 'Rodeo'),
('10', '25', 'San Bernardo'),
('10', '26', 'San Dimas'),
('10', '27', 'San Juan de Guadalupe'),
('10', '28', 'San Juan del R?o'),
('10', '29', 'San Luis del Cordero'),
('10', '30', 'San Pedro del Gallo'),
('10', '31', 'Santa Clara'),
('10', '32', 'Santiago Papasquiaro'),
('10', '33', 'S?chil'),
('10', '34', 'Tamazula'),
('10', '35', 'Tepehuanes'),
('10', '36', 'Tlahualilo'),
('10', '37', 'Topia'),
('10', '38', 'Vicente Guerrero'),
('10', '39', 'Nuevo Ideal'),
('11', '1', 'Abasolo'),
('11', '2', 'Ac?mbaro'),
('11', '3', 'San Miguel de Allende'),
('11', '4', 'Apaseo el Alto'),
('11', '5', 'Apaseo el Grande'),
('11', '6', 'Atarjea'),
('11', '7', 'Celaya'),
('11', '8', 'Manuel Doblado'),
('11', '9', 'Comonfort'),
('11', '10', 'Coroneo'),
('11', '11', 'Cortazar'),
('11', '12', 'Cuer?maro'),
('11', '13', 'Doctor Mora'),
('11', '14', 'Dolores Hidalgo Cuna de la Independencia Nacional'),
('11', '15', 'Guanajuato'),
('11', '16', 'Huan?maro'),
('11', '17', 'Irapuato'),
('11', '18', 'Jaral del Progreso'),
('11', '19', 'Jer?cuaro'),
('11', '20', 'Le?n'),
('11', '21', 'Morole?n'),
('11', '22', 'Ocampo'),
('11', '23', 'P?njamo'),
('11', '24', 'Pueblo Nuevo'),
('11', '25', 'Pur?sima del Rinc?n'),
('11', '26', 'Romita'),
('11', '27', 'Salamanca'),
('11', '28', 'Salvatierra'),
('11', '29', 'San Diego de la Uni?n'),
('11', '30', 'San Felipe'),
('11', '31', 'San Francisco del Rinc?n'),
('11', '32', 'San Jos? Iturbide'),
('11', '33', 'San Luis de la Paz'),
('11', '34', 'Santa Catarina'),
('11', '35', 'Santa Cruz de Juventino Rosas'),
('11', '36', 'Santiago Maravat?o'),
('11', '37', 'Silao'),
('11', '38', 'Tarandacuao'),
('11', '39', 'Tarimoro'),
('11', '40', 'Tierra Blanca'),
('11', '41', 'Uriangato'),
('11', '42', 'Valle de Santiago'),
('11', '43', 'Victoria'),
('11', '44', 'Villagr?n'),
('11', '45', 'Xich?'),
('11', '46', 'Yuriria'),
('12', '1', 'Acapulco de Ju?rez'),
('12', '2', 'Ahuacuotzingo'),
('12', '3', 'Ajuchitl?n del Progreso'),
('12', '4', 'Alcozauca de Guerrero'),
('12', '5', 'Alpoyeca'),
('12', '6', 'Apaxtla'),
('12', '7', 'Arcelia'),
('12', '8', 'Atenango del R?o'),
('12', '9', 'Atlamajalcingo del Monte'),
('12', '10', 'Atlixtac'),
('12', '11', 'Atoyac de ?lvarez'),
('12', '12', 'Ayutla de los Libres'),
('12', '13', 'Azoy?'),
('12', '14', 'Benito Ju?rez'),
('12', '15', 'Buenavista de Cu?llar'),
('12', '16', 'Coahuayutla de Jos? Mar?a Izazaga'),
('12', '17', 'Cocula'),
('12', '18', 'Copala'),
('12', '19', 'Copalillo'),
('12', '20', 'Copanatoyac'),
('12', '21', 'Coyuca de Ben?tez'),
('12', '22', 'Coyuca de Catal?n'),
('12', '23', 'Cuajinicuilapa'),
('12', '24', 'Cual?c'),
('12', '25', 'Cuautepec?'),
('12', '26', 'Cuetzala del Progreso'),
('12', '27', 'Cutzamala de Pinz?n'),
('12', '28', 'Chilapa de ?lvarez'),
('12', '29', 'Chilpancingo de los Bravo'),
('12', '30', 'Florencio Villarreal?'),
('12', '31', 'General Canuto A. Neri'),
('12', '32', 'General Heliodoro Castillo'),
('12', '33', 'Huamuxtitl?n'),
('12', '34', 'Huitzuco de los Figueroa'),
('12', '35', 'Iguala de la Independencia'),
('12', '36', 'Igualapa?'),
('12', '37', 'Ixcateopan de Cuauht?moc'),
('12', '38', 'Zihuatanejo de Azueta'),
('12', '39', 'Juan R. Escudero'),
('12', '40', 'Leonardo Bravo'),
('12', '41', 'Malinaltepec?'),
('12', '42', 'M?rtir de Cuilapan'),
('12', '43', 'Metlat?noc?'),
('12', '44', 'Mochitl?n'),
('12', '45', 'Olinal?\r\n12'),
('12', '47', 'Pedro Ascencio Alquisiras?'),
('12', '48', 'Petatl?n'),
('12', '49', 'Pilcaya'),
('12', '50', 'Pungarabato'),
('12', '51', 'Quechultenango'),
('12', '52', 'San Luis Acatl?n'),
('12', '53', 'San Marcos'),
('12', '54', 'San Miguel Totolapan?'),
('12', '55', 'Taxco de Alarc?n'),
('12', '56', 'Tecoanapa'),
('12', '57', 'T?cpan de Galeana'),
('12', '58', 'Teloloapan'),
('12', '59', 'Tepecoacuilco de Trujano'),
('12', '60', 'Tetipac'),
('12', '61', 'Tixtla de Guerrero'),
('12', '62', 'Tlacoachistlahuaca?'),
('12', '63', 'Tlacoapa?'),
('12', '64', 'Tlalchapa'),
('12', '65', 'Tlalixtaquilla de Maldonado'),
('12', '66', 'Tlapa de Comonfort'),
('12', '67', 'Tlapehuala'),
('12', '68', 'La Uni?n de Isidoro Montes de Oca'),
('12', '69', 'Xalpatl?huac?'),
('12', '70', 'Xochihuehuetl?n'),
('12', '71', 'Xochistlahuaca?'),
('12', '72', 'Zapotitl?n Tablas?'),
('12', '73', 'Zir?ndaro'),
('12', '74', 'Zitlala'),
('12', '75', 'Eduardo Neri'),
('12', '76', 'Acatepec'),
('12', '77', 'Marquelia?'),
('12', '78', 'Cochoapa el Grande'),
('12', '79', 'Jos? Joaqu?n de Herrera?'),
('12', '80', 'Juchit?n?'),
('12', '81', 'Iliatenco'),
('13', '1', 'Acatl?n'),
('13', '2', 'Acaxochitl?n'),
('13', '3', 'Actopan'),
('13', '4', 'Agua Blanca de Iturbide'),
('13', '5', 'Ajacuba'),
('13', '6', 'Alfajayucan'),
('13', '7', 'Almoloya'),
('13', '8', 'Apan'),
('13', '10', 'Atitalaquia'),
('13', '11', 'Atlapexco'),
('13', '13', 'Atotonilco de Tula'),
('13', '12', 'Atotonilco el Grande'),
('13', '14', 'Calnali'),
('13', '15', 'Cardonal'),
('13', '17', 'Chapantongo'),
('13', '18', 'Chapulhuac?n'),
('13', '19', 'Chilcuautla'),
('13', '16', 'Cuautepec de Hinojosa'),
('13', '9', 'El Arenal'),
('13', '20', 'Eloxochitl?n'),
('13', '21', 'Emiliano Zapata'),
('13', '22', 'Epazoyucan'),
('13', '23', 'Francisco I. Madero'),
('13', '24', 'Huasca de Ocampo'),
('13', '25', 'Huautla'),
('13', '26', 'Huazalingo'),
('13', '27', 'Huehuetla'),
('13', '28', 'Huejutla de Reyes'),
('13', '29', 'Huichapan'),
('13', '30', 'Ixmiquilpan'),
('13', '31', 'Jacala de Ledezma'),
('13', '32', 'Jaltoc?n'),
('13', '33', 'Ju?rez Hidalgo'),
('13', '40', 'La Misi?n'),
('13', '34', 'Lolotla'),
('13', '35', 'Metepec'),
('13', '37', 'Metztitl?n'),
('13', '51', 'Mineral de la Reforma'),
('13', '38', 'Mineral del Chico'),
('13', '39', 'Mineral del Monte'),
('13', '41', 'Mixquiahuala de Ju?rez'),
('13', '42', 'Molango de Escamilla'),
('13', '43', 'Nicol?s Flores'),
('13', '44', 'Nopala de Villagr?n'),
('13', '45', 'Omitl?n de Ju?rez'),
('13', '48', 'Pachuca de Soto'),
('13', '47', 'Pacula'),
('13', '49', 'Pisaflores'),
('13', '50', 'Progreso de Obreg?n'),
('13', '36', 'San Agust?n Metzquititl?n'),
('13', '52', 'San Agust?n Tlaxiaca'),
('13', '53', 'San Bartolo Tutotepec'),
('13', '46', 'San Felipe Orizatl?n'),
('13', '54', 'San Salvador'),
('13', '55', 'Santiago de Anaya'),
('13', '56', 'Santiago Tulantepec de Lugo Guerrero'),
('13', '57', 'Singuilucan'),
('13', '58', 'Tasquillo'),
('13', '59', 'Tecozautla'),
('13', '60', 'Tenango de Doria'),
('13', '61', 'Tepeapulco'),
('13', '62', 'Tepehuac?n de Guerrero'),
('13', '63', 'Tepeji del R?o de Ocampo'),
('13', '64', 'Tepetitl?n'),
('13', '65', 'Tetepango'),
('13', '67', 'Tezontepec de Aldama'),
('13', '68', 'Tianguistengo'),
('13', '69', 'Tizayuca'),
('13', '70', 'Tlahuelilpan'),
('13', '71', 'Tlahuiltepa'),
('13', '72', 'Tlanalapa'),
('13', '73', 'Tlanchinol'),
('13', '74', 'Tlaxcoapan'),
('13', '75', 'Tolcayuca'),
('13', '76', 'Tula de Allende'),
('13', '77', 'Tulancingo de Bravo'),
('13', '66', 'Villa de Tezontepec'),
('13', '78', 'Xochiatipan'),
('13', '79', 'Xochicoatl?n'),
('13', '80', 'Yahualica'),
('13', '81', 'Zacualtip?n de ?ngeles'),
('13', '82', 'Zapotl?n de Ju?rez'),
('13', '83', 'Zempoala'),
('13', '84', 'Zimap?n'),
('14', '1', 'Acatic'),
('14', '2', 'Acatl?n de Ju?rez'),
('14', '3', 'Ahualulco de Mercado'),
('14', '4', 'Amacueca'),
('14', '5', 'Amatit?n'),
('14', '6', 'Ameca'),
('14', '8', 'Arandas'),
('14', '10', 'Atemajac de Brizuela'),
('14', '11', 'Atengo'),
('14', '12', 'Atenguillo?'),
('14', '13', 'Atotonilco el Alto'),
('14', '14', 'Atoyac'),
('14', '15', 'Autl?n de Navarro'),
('14', '16', 'Ayotl?n'),
('14', '17', 'Ayutla'),
('14', '19', 'Bola?os'),
('14', '20', 'Cabo Corrientes'),
('14', '117', 'Ca?adas de Obreg?n?'),
('14', '21', 'Casimiro Castillo'),
('14', '30', 'Chapala'),
('14', '31', 'Chimaltit?n?'),
('14', '32', 'Chiquilistl?n'),
('14', '22', 'Cihuatl?n'),
('14', '24', 'Cocula'),
('14', '25', 'Colotl?n'),
('14', '26', 'Concepci?n de Buenos Aires'),
('14', '27', 'Cuautitl?n de Garc?a Barrag?n'),
('14', '28', 'Cuautla?'),
('14', '29', 'Cuqu?o'),
('14', '33', 'Degollado'),
('14', '34', 'Ejutla?'),
('14', '9', 'El Arenal'),
('14', '37', 'El Grullo'),
('14', '54', 'El Lim?n'),
('14', '70', 'El Salto'),
('14', '35', 'Encarnaci?n de D?az'),
('14', '36', 'Etzatl?n'),
('14', '79', 'G?mez Far?as'),
('14', '38', 'Guachinango?'),
('14', '39', 'Guadalajara'),
('14', '40', 'Hostotipaquillo'),
('14', '41', 'Huej?car'),
('14', '42', 'Huejuquilla el Alto'),
('14', '44', 'Ixtlahuac?n de los Membrillos'),
('14', '45', 'Ixtlahuac?n del R?o'),
('14', '46', 'Jalostotitl?n'),
('14', '47', 'Jamay'),
('14', '48', 'Jes?s Mar?a'),
('14', '49', 'Jilotl?n de los Dolores'),
('14', '50', 'Jocotepec'),
('14', '51', 'Juanacatl?n'),
('14', '52', 'Juchitl?n'),
('14', '18', 'La Barca'),
('14', '43', 'La Huerta'),
('14', '57', 'La Manzanilla de la Paz?'),
('14', '53', 'Lagos de Moreno'),
('14', '55', 'Magdalena'),
('14', '58', 'Mascota'),
('14', '59', 'Mazamitla'),
('14', '60', 'Mexticac?n'),
('14', '61', 'Mezquitic?'),
('14', '62', 'Mixtl?n?'),
('14', '63', 'Ocotl?n'),
('14', '64', 'Ojuelos de Jalisco'),
('14', '65', 'Pihuamo'),
('14', '66', 'Poncitl?n'),
('14', '67', 'Puerto Vallarta'),
('14', '69', 'Quitupan'),
('14', '71', 'San Crist?bal de la Barranca?'),
('14', '72', 'San Diego de Alejandr?a'),
('14', '113', 'San Gabriel'),
('14', '125', 'San Ignacio Cerro Gordo'),
('14', '73', 'San Juan de los Lagos'),
('14', '7', 'San Juanito de Escobedo'),
('14', '74', 'San Juli?n'),
('14', '75', 'San Marcos?'),
('14', '76', 'San Mart?n de Bola?os?'),
('14', '77', 'San Mart?n Hidalgo'),
('14', '78', 'San Miguel el Alto'),
('14', '98', 'San Pedro Tlaquepaque'),
('14', '80', 'San Sebasti?n del Oeste'),
('14', '81', 'Santa Mar?a de los ?ngeles?'),
('14', '56', 'Santa Mar?a del Oro?'),
('14', '82', 'Sayula'),
('14', '83', 'Tala'),
('14', '84', 'Talpa de Allende'),
('14', '85', 'Tamazula de Gordiano'),
('14', '86', 'Tapalpa'),
('14', '87', 'Tecalitl?n'),
('14', '89', 'Techaluta de Montenegro?'),
('14', '88', 'Tecolotl?n'),
('14', '90', 'Tenamaxtl?n'),
('14', '91', 'Teocaltiche'),
('14', '92', 'Teocuitatl?n de Corona'),
('14', '93', 'Tepatitl?n de Morelos'),
('14', '94', 'Tequila'),
('14', '95', 'Teuchitl?n'),
('14', '96', 'Tizap?n el Alto'),
('14', '97', 'Tlajomulco de Z??iga'),
('14', '99', 'Tolim?n'),
('14', '100', 'Tomatl?n'),
('14', '101', 'Tonal?\r\n14'),
('14', '103', 'Tonila'),
('14', '104', 'Totatiche'),
('14', '105', 'Tototl?n'),
('14', '106', 'Tuxcacuesco?'),
('14', '107', 'Tuxcueca'),
('14', '108', 'Tuxpan'),
('14', '109', 'Uni?n de San Antonio'),
('14', '110', 'Uni?n de Tula'),
('14', '111', 'Valle de Guadalupe'),
('14', '112', 'Valle de Ju?rez'),
('14', '114', 'Villa Corona'),
('14', '115', 'Villa Guerrero'),
('14', '116', 'Villa Hidalgo'),
('14', '68', 'Villa Purificaci?n'),
('14', '118', 'Yahualica de Gonz?lez Gallo'),
('14', '119', 'Zacoalco de Torres'),
('14', '120', 'Zapopan'),
('14', '121', 'Zapotiltic'),
('14', '122', 'Zapotitl?n de Vadillo'),
('14', '123', 'Zapotl?n del Rey'),
('14', '23', 'Zapotl?n el Grande'),
('14', '124', 'Zapotlanejo'),
('15', '1', 'Acambay de Ru?z Casta?eda'),
('15', '2', 'Acolman'),
('15', '3', 'Aculco'),
('15', '4', 'Almoloya de Alquisiras'),
('15', '5', 'Almoloya de Ju?rez'),
('15', '6', 'Almoloya del R?o'),
('15', '7', 'Amanalco'),
('15', '8', 'Amatepec'),
('15', '9', 'Amecameca'),
('15', '10', 'Apaxco'),
('15', '11', 'Atenco'),
('15', '12', 'Atizap?n'),
('15', '13', 'Atizap?n de Zaragoza'),
('15', '14', 'Atlacomulco'),
('15', '15', 'Atlautla'),
('15', '16', 'Axapusco'),
('15', '17', 'Ayapango'),
('15', '18', 'Calimaya'),
('15', '19', 'Capulhuac'),
('15', '20', 'Coacalco de Berrioz?bal'),
('15', '21', 'Coatepec Harinas'),
('15', '22', 'Cocotitl?n'),
('15', '23', 'Coyotepec'),
('15', '24', 'Cuautitl?n'),
('15', '25', 'Chalco'),
('15', '26', 'Chapa de Mota'),
('15', '27', 'Chapultepec'),
('15', '28', 'Chiautla'),
('15', '29', 'Chicoloapan'),
('15', '30', 'Chiconcuac'),
('15', '31', 'Chimalhuac?n'),
('15', '32', 'Donato Guerra'),
('15', '33', 'Ecatepec de Morelos'),
('15', '34', 'Ecatzingo'),
('15', '35', 'Huehuetoca'),
('15', '36', 'Hueypoxtla'),
('15', '37', 'Huixquilucan'),
('15', '38', 'Isidro Fabela'),
('15', '39', 'Ixtapaluca'),
('15', '40', 'Ixtapan de la Sal'),
('15', '41', 'Ixtapan del Oro'),
('15', '42', 'Ixtlahuaca'),
('15', '43', 'Xalatlaco'),
('15', '44', 'Jaltenco'),
('15', '45', 'Jilotepec'),
('15', '46', 'Jilotzingo'),
('15', '47', 'Jiquipilco'),
('15', '48', 'Jocotitl?n'),
('15', '49', 'Joquicingo'),
('15', '50', 'Juchitepec'),
('15', '51', 'Lerma'),
('15', '52', 'Malinalco'),
('15', '53', 'Melchor Ocampo'),
('15', '54', 'Metepec'),
('15', '55', 'Mexicaltzingo'),
('15', '56', 'Morelos'),
('15', '57', 'Naucalpan de Ju?rez'),
('15', '58', 'Nezahualc?yotl'),
('15', '59', 'Nextlalpan'),
('15', '60', 'Nicol?s Romero'),
('15', '61', 'Nopaltepec'),
('15', '62', 'Ocoyoacac'),
('15', '63', 'Ocuilan'),
('15', '64', 'El Oro'),
('15', '65', 'Otumba'),
('15', '66', 'Otzoloapan'),
('15', '67', 'Otzolotepec'),
('15', '68', 'Ozumba'),
('15', '69', 'Papalotla'),
('15', '70', 'La Paz'),
('15', '71', 'Polotitl?n'),
('15', '72', 'Ray?n'),
('15', '73', 'San Antonio la Isla'),
('15', '74', 'San Felipe del Progreso'),
('15', '75', 'San Mart?n de las Pir?mides'),
('15', '76', 'San Mateo Atenco'),
('15', '77', 'San Sim?n de Guerrero'),
('15', '78', 'Santo Tom?s'),
('15', '79', 'Soyaniquilpan de Ju?rez'),
('15', '80', 'Sultepec'),
('15', '81', 'Tec?mac'),
('15', '82', 'Tejupilco'),
('15', '83', 'Temamatla'),
('15', '84', 'Temascalapa'),
('15', '85', 'Temascalcingo'),
('15', '86', 'Temascaltepec'),
('15', '87', 'Temoaya'),
('15', '88', 'Tenancingo'),
('15', '89', 'Tenango del Aire'),
('15', '90', 'Tenango del Valle'),
('15', '91', 'Teoloyuc?n'),
('15', '92', 'Teotihuac?n'),
('15', '93', 'Tepetlaoxtoc'),
('15', '94', 'Tepetlixpa'),
('15', '95', 'Tepotzotl?n'),
('15', '96', 'Tequixquiac'),
('15', '97', 'Texcaltitl?n'),
('15', '98', 'Texcalyacac'),
('15', '99', 'Texcoco'),
('15', '100', 'Tezoyuca'),
('15', '101', 'Tianguistenco'),
('15', '102', 'Timilpan'),
('15', '103', 'Tlalmanalco'),
('15', '104', 'Tlalnepantla de Baz'),
('15', '105', 'Tlatlaya'),
('15', '106', 'Toluca'),
('15', '107', 'Tonatico'),
('15', '108', 'Tultepec'),
('15', '109', 'Tultitl?n'),
('15', '110', 'Valle de Bravo'),
('15', '111', 'Villa de Allende'),
('15', '112', 'Villa del Carb?n'),
('15', '113', 'Villa Guerrero'),
('15', '114', 'Villa Victoria'),
('15', '115', 'Xonacatl?n'),
('15', '116', 'Zacazonapan'),
('15', '117', 'Zacualpan'),
('15', '118', 'Zinacantepec'),
('15', '119', 'Zumpahuac?n'),
('15', '120', 'Zumpango'),
('15', '121', 'Cuautitl?n Izcalli'),
('15', '122', 'Valle de Chalco Solidaridad'),
('15', '123', 'Luvianos'),
('15', '124', 'San Jos? del Rinc?n'),
('15', '125', 'Tonanitla'),
('16', '1', 'Acuitzio'),
('16', '2', 'Aguililla'),
('16', '3', '?lvaro Obreg?n'),
('16', '4', 'Angamacutiro'),
('16', '5', 'Angangueo'),
('16', '6', 'Apatzing?n'),
('16', '7', 'Aporo?'),
('16', '8', 'Aquila'),
('16', '9', 'Ario'),
('16', '10', 'Arteaga'),
('16', '11', 'Brise?as'),
('16', '12', 'Buenavista'),
('16', '13', 'Car?cuaro'),
('16', '21', 'Charapan'),
('16', '22', 'Charo'),
('16', '23', 'Chavinda'),
('16', '24', 'Cher?n'),
('16', '25', 'Chilchota'),
('16', '26', 'Chinicuila?'),
('16', '27', 'Chuc?ndiro'),
('16', '28', 'Churintzio'),
('16', '29', 'Churumuco'),
('16', '14', 'Coahuayana'),
('16', '15', 'Coalcom?n de V?zquez Pallares'),
('16', '16', 'Coeneo'),
('16', '74', 'Cojumatl?n de R?gules'),
('16', '17', 'Contepec'),
('16', '18', 'Cop?ndaro'),
('16', '19', 'Cotija'),
('16', '20', 'Cuitzeo'),
('16', '30', 'Ecuandureo'),
('16', '31', 'Epitacio Huerta'),
('16', '32', 'Erongar?cuaro'),
('16', '33', 'Gabriel Zamora'),
('16', '34', 'Hidalgo'),
('16', '36', 'Huandacareo'),
('16', '37', 'Huaniqueo'),
('16', '38', 'Huetamo'),
('16', '39', 'Huiramba'),
('16', '40', 'Indaparapeo'),
('16', '41', 'Irimbo'),
('16', '42', 'Ixtl?n'),
('16', '43', 'Jacona'),
('16', '44', 'Jim?nez'),
('16', '45', 'Jiquilpan'),
('16', '113', 'Jos? Sixto Verduzco'),
('16', '46', 'Ju?rez'),
('16', '47', 'Jungapeo'),
('16', '35', 'La Huacana'),
('16', '69', 'La Piedad'),
('16', '48', 'Lagunillas'),
('16', '52', 'L?zaro C?rdenas'),
('16', '75', 'Los Reyes'),
('16', '49', 'Madero'),
('16', '50', 'Maravat?o'),
('16', '51', 'Marcos Castellanos'),
('16', '53', 'Morelia'),
('16', '54', 'Morelos'),
('16', '55', 'M?gica'),
('16', '56', 'Nahuatzen'),
('16', '57', 'Nocup?taro'),
('16', '58', 'Nuevo Parangaricutiro'),
('16', '59', 'Nuevo Urecho'),
('16', '60', 'Numar?n'),
('16', '61', 'Ocampo'),
('16', '62', 'Pajacuar?n'),
('16', '63', 'Panind?cuaro'),
('16', '65', 'Paracho'),
('16', '64', 'Par?cuaro'),
('16', '66', 'P?tzcuaro'),
('16', '67', 'Penjamillo'),
('16', '68', 'Perib?n'),
('16', '70', 'Pur?pero'),
('16', '71', 'Puru?ndiro'),
('16', '72', 'Quer?ndaro'),
('16', '73', 'Quiroga'),
('16', '76', 'Sahuayo'),
('16', '79', 'Salvador Escalante'),
('16', '77', 'San Lucas'),
('16', '78', 'Santa Ana Maya'),
('16', '80', 'Senguio'),
('16', '81', 'Susupuato'),
('16', '82', 'Tac?mbaro'),
('16', '83', 'Tanc?taro'),
('16', '84', 'Tangamandapio'),
('16', '85', 'Tanganc?cuaro'),
('16', '86', 'Tanhuato'),
('16', '87', 'Taretan'),
('16', '88', 'Tar?mbaro'),
('16', '89', 'Tepalcatepec'),
('16', '90', 'Tingambato'),
('16', '91', 'Ting?ind?n'),
('16', '92', 'Tiquicheo de Nicol?s Romero'),
('16', '93', 'Tlalpujahua'),
('16', '94', 'Tlazazalca'),
('16', '95', 'Tocumbo'),
('16', '96', 'Tumbiscat?o'),
('16', '97', 'Turicato'),
('16', '98', 'Tuxpan'),
('16', '99', 'Tuzantla'),
('16', '100', 'Tzintzuntzan'),
('16', '101', 'Tzitzio'),
('16', '102', 'Uruapan'),
('16', '103', 'Venustiano Carranza'),
('16', '104', 'Villamar'),
('16', '105', 'Vista Hermosa'),
('16', '106', 'Yur?cuaro'),
('16', '107', 'Zacapu'),
('16', '108', 'Zamora'),
('16', '109', 'Zin?paro?'),
('16', '110', 'Zinap?cuaro'),
('16', '111', 'Ziracuaretiro'),
('16', '112', 'Zit?cuaro'),
('17', '1', 'Amacuzac'),
('17', '2', 'Atlatlahucan'),
('17', '2', 'Axochiapan'),
('17', '4', 'Ayala'),
('17', '5', 'Coatl?n del R?o'),
('17', '6', 'Cuautla'),
('17', '7', 'Cuernavaca'),
('17', '8', 'Emiliano Zapata'),
('17', '9', 'Huitzilac'),
('17', '10', 'Jantetelco'),
('17', '11', 'Jiutepec'),
('17', '12', 'Jojutla'),
('17', '13', 'Jonacatepec'),
('17', '14', 'Mazatepec'),
('17', '15', 'Miacatl?n'),
('17', '16', 'Ocuituco'),
('17', '17', 'Puente de Ixtla'),
('17', '18', 'Temixco'),
('17', '19', 'Tepalcingo'),
('17', '20', 'Tepoztl?n'),
('17', '21', 'Tetecala'),
('17', '22', 'Tetela del Volc?n'),
('17', '23', 'Tlalnepantla'),
('17', '24', 'Tlaltizap?n de Zapata'),
('17', '25', 'Tlaquiltenango'),
('17', '26', 'Tlayacapan'),
('17', '27', 'Totolapan'),
('17', '28', 'Xochitepec'),
('17', '29', 'Yautepec'),
('17', '30', 'Yecapixtla'),
('17', '31', 'Zacatepec'),
('17', '32', 'Zacualpan de Amilpas'),
('17', '33', 'Temoac'),
('18', '1', 'Acaponeta'),
('18', '2', 'Ahuacatl?n'),
('18', '3', 'Amatl?n de Ca?as'),
('18', '4', 'Compostela'),
('18', '5', 'Huajicori'),
('18', '6', 'Ixtl?n del R?o'),
('18', '7', 'Jala'),
('18', '8', 'Xalisco'),
('18', '9', 'Del Nayar?'),
('18', '10', 'Rosamorada'),
('18', '11', 'Ru?z'),
('18', '12', 'San Blas'),
('18', '13', 'San Pedro Lagunillas'),
('18', '14', 'Santa Mar?a del Oro'),
('18', '15', 'Santiago Ixcuintla'),
('18', '16', 'Tecuala'),
('18', '17', 'Tepic'),
('18', '18', 'Tuxpan'),
('18', '19', 'La Yesca'),
('18', '20', 'Bah?a de Banderas'),
('19', '1', 'Abasolo?'),
('19', '2', 'Agualeguas?'),
('19', '4', 'Allende'),
('19', '5', 'An?huac'),
('19', '6', 'Apodaca'),
('19', '7', 'Aramberri'),
('19', '8', 'Bustamante?'),
('19', '9', 'Cadereyta Jim?nez'),
('19', '11', 'Cerralvo'),
('19', '13', 'China'),
('19', '12', 'Ci?nega de Flores'),
('19', '14', 'Doctor Arroyo'),
('19', '15', 'Doctor Coss?'),
('19', '16', 'Doctor Gonz?lez?'),
('19', '10', 'El Carmen'),
('19', '17', 'Galeana'),
('19', '18', 'Garc?a'),
('19', '20', 'General Bravo'),
('19', '21', 'General Escobedo'),
('19', '22', 'General Ter?n'),
('19', '23', 'General Trevi?o?'),
('19', '24', 'General Zaragoza'),
('19', '25', 'General Zuazua'),
('19', '26', 'Guadalupe'),
('19', '47', 'Hidalgo'),
('19', '28', 'Higueras?'),
('19', '29', 'Hualahuises'),
('19', '30', 'Iturbide?'),
('19', '31', 'Ju?rez'),
('19', '32', 'Lampazos de Naranjo'),
('19', '33', 'Linares'),
('19', '3', 'Los Aldamas?'),
('19', '27', 'Los Herreras?'),
('19', '42', 'Los Ramones'),
('19', '24', 'Mar?n'),
('19', '35', 'Melchor Ocampo?'),
('19', '36', 'Mier y Noriega'),
('19', '37', 'Mina'),
('19', '38', 'Montemorelos'),
('19', '39', 'Monterrey'),
('19', '40', 'Par?s?'),
('19', '41', 'Pesquer?a'),
('19', '43', 'Rayones?'),
('19', '44', 'Sabinas Hidalgo'),
('19', '45', 'Salinas Victoria'),
('19', '46', 'San Nicol?s de los Garza'),
('19', '19', 'San Pedro Garza Garc?a'),
('19', '48', 'Santa Catarina'),
('19', '49', 'Santiago'),
('19', '50', 'Vallecillo?'),
('19', '51', 'Villaldama'),
('20', '1', 'Abejones?'),
('20', '2', 'Acatl?n de P?rez Figueroa'),
('20', '3', 'Asunci?n Cacalotepec?'),
('20', '4', 'Asunci?n Cuyotepeji?'),
('20', '5', 'Asunci?n Ixtaltepec'),
('20', '6', 'Asunci?n Nochixtl?n'),
('20', '7', 'Asunci?n Ocotl?n?'),
('20', '8', 'Asunci?n Tlacolulita?'),
('20', '9', 'Ayotzintepec'),
('20', '10', 'El Barrio de la Soledad'),
('20', '11', 'Calihual??'),
('20', '12', 'Candelaria Loxicha?'),
('20', '13', 'Ci?nega de Zimatl?n?'),
('20', '14', 'Ciudad Ixtepec'),
('20', '15', 'Coatecas Altas?'),
('20', '16', 'Coicoy?n de las Flores?'),
('20', '17', 'La Compa??a?'),
('20', '18', 'Concepci?n Buenavista?'),
('20', '19', 'Concepci?n P?palo?'),
('20', '20', 'Constancia del Rosario?'),
('20', '21', 'Cosolapa'),
('20', '22', 'Cosoltepec?'),
('20', '23', 'Cuil?pam de Guerrero'),
('20', '24', 'Cuyamecalco Villa de Zaragoza?'),
('20', '25', 'Chahuites'),
('20', '26', 'Chalcatongo de Hidalgo'),
('20', '27', 'Chiquihuitl?n de Benito Ju?rez?'),
('20', '28', 'Heroica Ciudad de Ejutla de Crespo'),
('20', '29', 'Eloxochitl?n de Flores Mag?n?'),
('20', '30', 'El Espinal'),
('20', '31', 'Tamazul?pam del Esp?ritu Santo'),
('20', '32', 'Fresnillo de Trujano'),
('20', '33', 'Guadalupe Etla?'),
('20', '34', 'Guadalupe de Ram?rez?'),
('20', '35', 'Guelatao de Ju?rez'),
('20', '36', 'Guevea de Humboldt'),
('20', '37', 'Mesones Hidalgo?'),
('20', '38', 'Villa Hidalgo?'),
('20', '39', 'Heroica Ciudad de Huajuapan de Le?n'),
('20', '40', 'Huautepec?'),
('20', '41', 'Huautla de Jim?nez'),
('20', '42', 'Ixtl?n de Ju?rez'),
('20', '43', 'Heroica Ciudad de Juchit?n de Zaragoza'),
('20', '44', 'Loma Bonita'),
('20', '45', 'Magdalena Apasco'),
('20', '46', 'Magdalena Jaltepec?'),
('20', '47', 'Santa Magdalena Jicotl?n?'),
('20', '48', 'Magdalena Mixtepec?'),
('20', '49', 'Magdalena Ocotl?n?'),
('20', '50', 'Magdalena Pe?asco?'),
('20', '51', 'Magdalena Teitipac?'),
('20', '52', 'Magdalena Tequisistl?n'),
('20', '53', 'Magdalena Tlacotepec?'),
('20', '54', 'Magdalena Zahuatl?n?'),
('20', '55', 'Mariscala de Ju?rez?'),
('20', '56', 'M?rtires de Tacubaya?'),
('20', '57', 'Mat?as Romero Avenda?o?'),
('20', '58', 'Mazatl?n Villa de Flores?'),
('20', '59', 'Miahuatl?n de Porfirio D?az'),
('20', '60', 'Mixistl?n de la Reforma?'),
('20', '61', 'Monjas?'),
('20', '62', 'Natividad?'),
('20', '63', 'Nazareno Etla?'),
('20', '64', 'Nejapa de Madero'),
('20', '65', 'Ixpantepec Nieves?'),
('20', '66', 'Santiago Niltepec'),
('20', '67', 'Oaxaca de Ju?rez'),
('20', '68', 'Ocotl?n de Morelos'),
('20', '69', 'La Pe?'),
('20', '70', 'Pinotepa de Don Luis'),
('20', '71', 'Pluma Hidalgo?'),
('20', '72', 'San Jos? del Progreso'),
('20', '73', 'Putla Villa de Guerrero'),
('20', '74', 'Santa Catarina Quioquitani?'),
('20', '75', 'Reforma de Pineda?'),
('20', '76', 'La Reforma'),
('20', '77', 'Reyes Etla?'),
('20', '78', 'Rojas de Cuauht?moc?'),
('20', '79', 'Salina Cruz'),
('20', '80', 'San Agust?n Amatengo?'),
('20', '81', 'San Agust?n Atenango?'),
('20', '82', 'San Agust?n Chayuco?'),
('20', '83', 'San Agust?n de las Juntas'),
('20', '84', 'San Agust?n Etla?'),
('20', '85', 'San Agust?n Loxicha?'),
('20', '86', 'San Agust?n Tlacotepec?'),
('20', '87', 'San Agust?n Yatareni?'),
('20', '88', 'San Andr?s Cabecera Nueva?'),
('20', '89', 'San Andr?s Dinicuiti?'),
('20', '90', 'San Andr?s Huaxpaltepec'),
('20', '91', 'San Andr?s Huay?pam?'),
('20', '92', 'San Andr?s Ixtlahuaca?'),
('20', '93', 'San Andr?s Lagunas?'),
('20', '94', 'San Andr?s Nuxi?o?'),
('20', '95', 'San Andr?s Paxtl?n?'),
('20', '96', 'San Andr?s Sinaxtla'),
('20', '97', 'San Andr?s Solaga?'),
('20', '98', 'San Andr?s Teotil?lpam?'),
('20', '99', 'San Andr?s Tepetlapa?'),
('20', '100', 'San Andr?s Ya??'),
('20', '101', 'San Andr?s Zabache?'),
('20', '102', 'San Andr?s Zautla?'),
('20', '103', 'San Antonino Castillo Velasco'),
('20', '104', 'San Antonino el Alto?'),
('20', '105', 'San Antonino Monte Verde'),
('20', '106', 'San Antonio Acutla?'),
('20', '107', 'San Antonio de la Cal'),
('20', '108', 'San Antonio Huitepec?'),
('20', '109', 'San Antonio Nanahuat?pam?'),
('20', '110', 'San Antonio Sinicahua?'),
('20', '111', 'San Antonio Tepetlapa'),
('20', '112', 'San Baltazar Chichic?pam?'),
('20', '113', 'San Baltazar Loxicha?'),
('20', '114', 'San Baltazar Yatzachi el Bajo?'),
('20', '115', 'San Bartolo Coyotepec'),
('20', '116', 'San Bartolom? Ayautla?'),
('20', '117', 'San Bartolom? Loxicha?'),
('20', '118', 'San Bartolom? Quialana?'),
('20', '119', 'San Bartolom? Yucua?e?'),
('20', '120', 'San Bartolom? Zoogocho?'),
('20', '121', 'San Bartolo Soyaltepec?'),
('20', '122', 'San Bartolo Yautepec?'),
('20', '123', 'San Bernardo Mixtepec?'),
('20', '124', 'San Blas Atempa'),
('20', '125', 'San Carlos Yautepec'),
('20', '126', 'San Crist?bal Amatl?n?'),
('20', '127', 'San Crist?bal Amoltepec?'),
('20', '128', 'San Crist?bal Lachirioag?'),
('20', '129', 'San Crist?bal Suchixtlahuaca?'),
('20', '130', 'San Dionisio del Mar'),
('20', '131', 'San Dionisio Ocotepec'),
('20', '132', 'San Dionisio Ocotl?n?'),
('20', '133', 'San Esteban Atatlahuca?'),
('20', '134', 'San Felipe Jalapa de D?az?'),
('20', '135', 'San Felipe Tejal?pam'),
('20', '136', 'San Felipe Usila?'),
('20', '137', 'San Francisco Cahuacu??'),
('20', '138', 'San Francisco Cajonos?'),
('20', '139', 'San Francisco Chapulapa?'),
('20', '140', 'San Francisco Chind?a?'),
('20', '141', 'San Francisco del Mar'),
('20', '142', 'San Francisco Huehuetl?n'),
('20', '143', 'San Francisco Ixhuat?n'),
('20', '144', 'San Francisco Jaltepetongo?'),
('20', '145', 'San Francisco Lachigol??'),
('20', '146', 'San Francisco Logueche?'),
('20', '147', 'San Francisco Nuxa?o?'),
('20', '148', 'San Francisco Ozolotepec?'),
('20', '149', 'San Francisco Sola?'),
('20', '150', 'San Francisco Telixtlahuaca'),
('20', '151', 'San Francisco Teopan?'),
('20', '152', 'San Francisco Tlapancingo?'),
('20', '153', 'San Gabriel Mixtepec?'),
('20', '154', 'San Ildefonso Amatl?n?'),
('20', '155', 'San Ildefonso Sola?'),
('20', '156', 'San Ildefonso Villa Alta?'),
('20', '157', 'San Jacinto Amilpas'),
('20', '158', 'San Jacinto Tlacotepec?'),
('20', '159', 'San Jer?nimo Coatl?n?'),
('20', '160', 'San Jer?nimo Silacayoapilla?'),
('20', '161', 'San Jer?nimo Sosola?'),
('20', '162', 'San Jer?nimo Taviche?'),
('20', '163', 'San Jer?nimo Tec?atl?'),
('20', '164', 'San Jorge Nuchita?'),
('20', '165', 'San Jos? Ayuquila?'),
('20', '166', 'San Jos? Chiltepec'),
('20', '167', 'San Jos? del Pe?asco?'),
('20', '168', 'San Jos? Estancia Grande?'),
('20', '169', 'San Jos? Independencia?'),
('20', '170', 'San Jos? Lachiguiri?'),
('20', '171', 'San Jos? Tenango?'),
('20', '172', 'San Juan Achiutla?'),
('20', '173', 'San Juan Atepec?'),
('20', '174', '?nimas Trujano?'),
('20', '175', 'San Juan Bautista Atatlahuca?'),
('20', '176', 'San Juan Bautista Coixtlahuaca?'),
('20', '177', 'San Juan Bautista Cuicatl?n'),
('20', '178', 'San Juan Bautista Guelache'),
('20', '179', 'San Juan Bautista Jayacatl?n?'),
('20', '180', 'San Juan Bautista Lo de Soto?'),
('20', '181', 'San Juan Bautista Suchitepec?'),
('20', '182', 'San Juan Bautista Tlacoatzintepec?'),
('20', '183', 'San Juan Bautista Tlachichilco?'),
('20', '184', 'San Juan Bautista Tuxtepec'),
('20', '185', 'San Juan Cacahuatepec'),
('20', '186', 'San Juan Cieneguilla?'),
('20', '187', 'San Juan Coatz?spam?'),
('20', '188', 'San Juan Colorado'),
('20', '189', 'San Juan Comaltepec'),
('20', '190', 'San Juan Cotzoc?n'),
('20', '191', 'San Juan Chicomez?chil?'),
('20', '192', 'San Juan Chilateca?'),
('20', '193', 'San Juan del Estado?'),
('20', '194', 'San Juan del R?o'),
('20', '195', 'San Juan Diuxi?'),
('20', '196', 'San Juan Evangelista Analco?'),
('20', '197', 'San Juan Guelav?a?'),
('20', '198', 'San Juan Guichicovi'),
('20', '199', 'San Juan Ihualtepec?'),
('20', '200', 'San Juan Juquila Mixes?'),
('20', '201', 'San Juan Juquila Vijanos?'),
('20', '202', 'San Juan Lachao?'),
('20', '203', 'San Juan Lachigalla?'),
('20', '204', 'San Juan Lajarcia?'),
('20', '205', 'San Juan Lalana?'),
('20', '206', 'San Juan de los Cu?s?'),
('20', '207', 'San Juan Mazatl?n'),
('20', '208', 'San Juan Mixtepec'),
('20', '209', 'San Juan Mixtepec?'),
('20', '210', 'San Juan ?um?\r\n20'),
('20', '212', 'San Juan Petlapa?'),
('20', '213', 'San Juan Quiahije'),
('20', '214', 'San Juan Quiotepec?'),
('20', '215', 'San Juan Sayultepec?'),
('20', '216', 'San Juan Taba??'),
('20', '217', 'San Juan Tamazola?'),
('20', '218', 'San Juan Teita?'),
('20', '219', 'San Juan Teitipac?'),
('20', '220', 'San Juan Tepeuxila?'),
('20', '221', 'San Juan Teposcolula?'),
('20', '222', 'San Juan Yae??'),
('20', '223', 'San Juan Yatzona?'),
('20', '224', 'San Juan Yucuita?'),
('20', '225', 'San Lorenzo'),
('20', '226', 'San Lorenzo Albarradas?'),
('20', '227', 'San Lorenzo Cacaotepec'),
('20', '228', 'San Lorenzo Cuaunecuiltitla?'),
('20', '229', 'San Lorenzo Texmel?can?'),
('20', '230', 'San Lorenzo Victoria?'),
('20', '231', 'San Lucas Camotl?n?'),
('20', '232', 'San Lucas Ojitl?n?'),
('20', '233', 'San Lucas Quiavin??'),
('20', '234', 'San Lucas Zoqui?pam?'),
('20', '235', 'San Luis Amatl?n?'),
('20', '236', 'San Marcial Ozolotepec?'),
('20', '237', 'San Marcos Arteaga?'),
('20', '238', 'San Mart?n de los Cansecos?'),
('20', '239', 'San Mart?n Huamel?lpam?'),
('20', '240', 'San Mart?n Itunyoso?'),
('20', '241', 'San Mart?n Lachil??'),
('20', '242', 'San Mart?n Peras?'),
('20', '243', 'San Mart?n Tilcajete?'),
('20', '244', 'San Mart?n Toxpalan?'),
('20', '245', 'San Mart?n Zacatepec?'),
('20', '246', 'San Mateo Cajonos?'),
('20', '247', 'Capul?lpam de M?ndez?'),
('20', '248', 'San Mateo del Mar?'),
('20', '249', 'San Mateo Yoloxochitl?n?'),
('20', '250', 'San Mateo Etlatongo?'),
('20', '251', 'San Mateo Nej?pam?'),
('20', '252', 'San Mateo Pe?asco?'),
('20', '253', 'San Mateo Pi?as?'),
('20', '254', 'San Mateo R?o Hondo?'),
('20', '255', 'San Mateo Sindihui?'),
('20', '256', 'San Mateo Tlapiltepec?'),
('20', '257', 'San Melchor Betaza?'),
('20', '258', 'San Miguel Achiutla?'),
('20', '259', 'San Miguel Ahuehuetitl?n'),
('20', '260', 'San Miguel Alo?pam?'),
('20', '261', 'San Miguel Amatitl?n'),
('20', '262', 'San Miguel Amatl?n?'),
('20', '263', 'San Miguel Coatl?n?'),
('20', '264', 'San Miguel Chicahua?'),
('20', '265', 'San Miguel Chimalapa'),
('20', '266', 'San Miguel del Puerto'),
('20', '267', 'San Miguel del R?o?'),
('20', '268', 'San Miguel Ejutla?'),
('20', '269', 'San Miguel el Grande?'),
('20', '270', 'San Miguel Huautla?'),
('20', '271', 'San Miguel Mixtepec?'),
('20', '272', 'San Miguel Panixtlahuaca?'),
('20', '273', 'San Miguel Peras?'),
('20', '274', 'San Miguel Piedras?'),
('20', '275', 'San Miguel Quetzaltepec'),
('20', '276', 'San Miguel Santa Flor?'),
('20', '277', 'Villa Sola de Vega'),
('20', '278', 'San Miguel Soyaltepec'),
('20', '279', 'San Miguel Suchixtepec?'),
('20', '280', 'Villa Talea de Castro?'),
('20', '281', 'San Miguel Tecomatl?n?'),
('20', '282', 'San Miguel Tenango?'),
('20', '283', 'San Miguel Tequixtepec?'),
('20', '284', 'San Miguel Tilqui?pam?'),
('20', '285', 'San Miguel Tlacamama?'),
('20', '286', 'San Miguel Tlacotepec?'),
('20', '287', 'San Miguel Tulancingo?'),
('20', '288', 'San Miguel Yotao?'),
('20', '289', 'San Nicol?s?'),
('20', '290', 'San Nicol?s Hidalgo?'),
('20', '291', 'San Pablo Coatl?n?'),
('20', '292', 'San Pablo Cuatro Venados?'),
('20', '293', 'San Pablo Etla'),
('20', '294', 'San Pablo Huitzo'),
('20', '295', 'San Pablo Huixtepec'),
('20', '296', 'San Pablo Macuiltianguis?'),
('20', '297', 'San Pablo Tijaltepec?'),
('20', '298', 'San Pablo Villa de Mitla'),
('20', '299', 'San Pablo Yaganiza?'),
('20', '300', 'San Pedro Amuzgos'),
('20', '301', 'San Pedro Ap?stol?'),
('20', '302', 'San Pedro Atoyac?'),
('20', '303', 'San Pedro Cajonos?'),
('20', '304', 'San Pedro Coxcaltepec C?ntaros?'),
('20', '305', 'San Pedro Comitancillo?'),
('20', '306', 'San Pedro el Alto?'),
('20', '307', 'San Pedro Huamelula'),
('20', '308', 'San Pedro Huilotepec?'),
('20', '309', 'San Pedro Ixcatl?n'),
('20', '310', 'San Pedro Ixtlahuaca'),
('20', '311', 'San Pedro Jaltepetongo?'),
('20', '312', 'San Pedro Jicay?n'),
('20', '313', 'San Pedro Jocotipac?'),
('20', '314', 'San Pedro Juchatengo?'),
('20', '315', 'San Pedro M?rtir?'),
('20', '316', 'San Pedro M?rtir Quiechapa?'),
('20', '317', 'San Pedro M?rtir Yucuxaco?'),
('20', '318', 'San Pedro Mixtepec'),
('20', '319', 'San Pedro Mixtepec?'),
('20', '320', 'San Pedro Molinos?'),
('20', '321', 'San Pedro Nopala?'),
('20', '322', 'San Pedro Ocopetatillo?'),
('20', '323', 'San Pedro Ocotepec?'),
('20', '324', 'San Pedro Pochutla'),
('20', '325', 'San Pedro Quiatoni?'),
('20', '326', 'San Pedro Sochi?pam?'),
('20', '327', 'San Pedro Tapanatepec'),
('20', '328', 'San Pedro Taviche'),
('20', '329', 'San Pedro Teozacoalco?'),
('20', '330', 'San Pedro Teutila?'),
('20', '331', 'San Pedro Tida??'),
('20', '332', 'San Pedro Topiltepec?'),
('20', '333', 'San Pedro Totol?pam?'),
('20', '334', 'Villa de Tututepec de Melchor Ocampo'),
('20', '335', 'San Pedro Yaneri?'),
('20', '336', 'San Pedro Y?lox?'),
('20', '337', 'San Pedro y San Pablo Ayutla?'),
('20', '338', 'Villa de Etla'),
('20', '339', 'San Pedro y San Pablo Teposcolula?'),
('20', '340', 'San Pedro y San Pablo Tequixtepec?'),
('20', '341', 'San Pedro Yucunama?'),
('20', '342', 'San Raymundo Jalpan?'),
('20', '343', 'San Sebasti?n Abasolo?'),
('20', '344', 'San Sebasti?n Coatl?n?'),
('20', '345', 'San Sebasti?n Ixcapa?'),
('20', '346', 'San Sebasti?n Nicananduta?'),
('20', '347', 'San Sebasti?n R?o Hondo?'),
('20', '348', 'San Sebasti?n Tecomaxtlahuaca'),
('20', '349', 'San Sebasti?n Teitipac?'),
('20', '350', 'San Sebasti?n Tutla'),
('20', '351', 'San Sim?n Almolongas?'),
('20', '352', 'San Sim?n Zahuatl?n?'),
('20', '353', 'Santa Ana?'),
('20', '354', 'Santa Ana Ateixtlahuaca?'),
('20', '355', 'Santa Ana Cuauht?moc?'),
('20', '356', 'Santa Ana del Valle'),
('20', '357', 'Santa Ana Tavela?'),
('20', '358', 'Santa Ana Tlapacoyan?'),
('20', '359', 'Santa Ana Yareni?'),
('20', '360', 'Santa Ana Zegache?'),
('20', '361', 'Santa Catalina Quier??'),
('20', '362', 'Santa Catarina Cuixtla?'),
('20', '363', 'Santa Catarina Ixtepeji?'),
('20', '364', 'Santa Catarina Juquila'),
('20', '365', 'Santa Catarina Lachatao?'),
('20', '366', 'Santa Catarina Loxicha?'),
('20', '367', 'Santa Catarina Mechoac?n?'),
('20', '368', 'Santa Catarina Minas?'),
('20', '369', 'Santa Catarina Quian??'),
('20', '370', 'Santa Catarina Tayata?'),
('20', '371', 'Santa Catarina Ticu?\r\n20'),
('20', '373', 'Santa Catarina Zapoquila?'),
('20', '374', 'Santa Cruz Acatepec?'),
('20', '375', 'Santa Cruz Amilpas'),
('20', '376', 'Santa Cruz de Bravo?'),
('20', '377', 'Santa Cruz Itundujia'),
('20', '378', 'Santa Cruz Mixtepec?'),
('20', '379', 'Santa Cruz Nundaco?'),
('20', '380', 'Santa Cruz Papalutla?'),
('20', '381', 'Santa Cruz Tacache de Mina?'),
('20', '382', 'Santa Cruz Tacahua?'),
('20', '383', 'Santa Cruz Tayata?'),
('20', '384', 'Santa Cruz Xitla?'),
('20', '385', 'Santa Cruz Xoxocotl?n'),
('20', '386', 'Santa Cruz Zenzontepec?'),
('20', '387', 'Santa Gertrudis?'),
('20', '388', 'Santa In?s del Monte?'),
('20', '389', 'Santa In?s Yatzeche?'),
('20', '390', 'Santa Luc?a del Camino'),
('20', '391', 'Santa Luc?a Miahuatl?n?'),
('20', '392', 'Santa Luc?a Monteverde'),
('20', '393', 'Santa Luc?a Ocotl?n?'),
('20', '394', 'Santa Mar?a Alotepec?'),
('20', '395', 'Santa Mar?a Apazco?'),
('20', '396', 'Santa Mar?a la Asunci?n?'),
('20', '397', 'Heroica Ciudad de Tlaxiaco'),
('20', '398', 'Ayoquezco de Aldama?'),
('20', '399', 'Santa Mar?a Atzompa'),
('20', '400', 'Santa Mar?a Camotl?n?'),
('20', '401', 'Santa Mar?a Colotepec'),
('20', '402', 'Santa Mar?a Cortijo?'),
('20', '403', 'Santa Mar?a Coyotepec?'),
('20', '404', 'Santa Mar?a Chacho?pam?'),
('20', '405', '405 Villa de Chilapa de D?az?'),
('20', '406', 'Santa Mar?a Chilchotla?'),
('20', '407', 'Santa Mar?a Chimalapa?'),
('20', '408', 'Santa Mar?a del Rosario?'),
('20', '409', 'Santa Mar?a del Tule'),
('20', '410', 'Santa Mar?a Ecatepec?'),
('20', '411', 'Santa Mar?a Guelac??'),
('20', '412', 'Santa Mar?a Guienagati?'),
('20', '413', 'Santa Mar?a Huatulco'),
('20', '414', 'Santa Mar?a Huazolotitl?n??'),
('20', '415', 'Santa Mar?a Ipalapa?'),
('20', '416', 'Santa Mar?a Ixcatl?n?'),
('20', '417', 'Santa Mar?a Jacatepec'),
('20', '418', 'Santa Mar?a Jalapa del Marqu?s'),
('20', '419', 'Santa Mar?a Jaltianguis?'),
('20', '420', 'Santa Mar?a Lachix?o?'),
('20', '421', 'Santa Mar?a Mixtequilla?'),
('20', '422', 'Santa Mar?a Nativitas?'),
('20', '423', 'Santa Mar?a Nduayaco?'),
('20', '424', 'Santa Mar?a Ozolotepec?'),
('20', '425', 'Santa Mar?a P?palo?'),
('20', '426', 'Santa Mar?a Pe?oles?'),
('20', '427', 'Santa Mar?a Petapa?'),
('20', '428', 'Santa Mar?a Quiegolani?'),
('20', '429', 'Santa Mar?a Sola?'),
('20', '430', 'Santa Mar?a Tataltepec?'),
('20', '431', 'Santa Mar?a Tecomavaca?'),
('20', '432', 'Santa Mar?a Temaxcalapa?'),
('20', '433', 'Santa Mar?a Temaxcaltepec?'),
('20', '434', 'Santa Mar?a Teopoxco?'),
('20', '435', 'Santa Mar?a Tepantlali?'),
('20', '436', 'Santa Mar?a Texcatitl?n?'),
('20', '437', 'Santa Mar?a Tlahuitoltepec?'),
('20', '438', 'Santa Mar?a Tlalixtac?'),
('20', '439', 'Santa Mar?a Tonameca'),
('20', '440', 'Santa Mar?a Totolapilla?'),
('20', '441', 'Santa Mar?a Xadani'),
('20', '442', 'Santa Mar?a Yalina?'),
('20', '443', 'Santa Mar?a Yaves?a?'),
('20', '444', 'Santa Mar?a Yolotepec?'),
('20', '445', 'Santa Mar?a Yosoy?a?'),
('20', '446', 'Santa Mar?a Yucuhiti'),
('20', '447', 'Santa Mar?a Zacatepec'),
('20', '448', 'Santa Mar?a Zaniza?'),
('20', '449', 'Santa Mar?a Zoquitl?n?'),
('20', '450', 'Santiago Amoltepec?'),
('20', '451', 'Santiago Apoala?'),
('20', '452', 'Santiago Ap?stol?'),
('20', '453', 'Santiago Astata?'),
('20', '454', 'Santiago Atitl?n?'),
('20', '455', 'Santiago Ayuquililla?'),
('20', '456', 'Santiago Cacaloxtepec?'),
('20', '457', 'Santiago Camotl?n?'),
('20', '458', 'Santiago Comaltepec?'),
('20', '459', 'Santiago Chazumba'),
('20', '460', 'Santiago Cho?pam?'),
('20', '461', 'Santiago del R?o?'),
('20', '462', 'Santiago Huajolotitl?n?'),
('20', '463', 'Santiago Huauclilla'),
('20', '464', 'Santiago Ihuitl?n Plumas?'),
('20', '465', 'Santiago Ixcuintepec?'),
('20', '466', 'Santiago Ixtayutla?'),
('20', '467', 'Santiago Jamiltepec'),
('20', '468', 'Santiago Jocotepec'),
('20', '469', 'Santiago Juxtlahuaca'),
('20', '470', 'Santiago Lachiguiri'),
('20', '471', 'Santiago Lalopa?'),
('20', '472', 'Santiago Laollaga?'),
('20', '473', 'Santiago Laxopa?'),
('20', '474', 'Santiago Llano Grande?'),
('20', '475', 'Santiago Matatl?n'),
('20', '476', 'Santiago Miltepec?'),
('20', '477', 'Santiago Minas?'),
('20', '478', 'Santiago Nacaltepec?'),
('20', '479', 'Santiago Nejapilla?'),
('20', '480', 'Santiago Nundiche?'),
('20', '481', 'Santiago Nuyo??'),
('20', '482', 'Santiago Pinotepa Nacional'),
('20', '483', 'Santiago Suchilquitongo'),
('20', '484', 'Santiago Tamazola?'),
('20', '485', 'Santiago Tapextla?'),
('20', '486', 'Villa Tej?pam de la Uni?n?'),
('20', '487', 'Santiago Tenango?'),
('20', '488', 'Santiago Tepetlapa?'),
('20', '489', 'Santiago Tetepec?'),
('20', '490', 'Santiago Texcalcingo?'),
('20', '491', 'Santiago Textitl?n?'),
('20', '492', 'Santiago Tilantongo?'),
('20', '493', 'Santiago Tillo?'),
('20', '494', 'Santiago Tlazoyaltepec?'),
('20', '495', 'Santiago Xanica?'),
('20', '496', 'Santiago Xiacu??'),
('20', '497', 'Santiago Yaitepec?'),
('20', '498', 'Santiago Yaveo'),
('20', '499', 'Santiago Yolom?catl?'),
('20', '500', 'Santiago Yosond?a'),
('20', '501', 'Santiago Yucuyachi?'),
('20', '502', 'Santiago Zacatepec?'),
('20', '503', 'Santiago Zoochila?'),
('20', '504', 'Nuevo Zoqui?pam?'),
('20', '505', 'Santo Domingo Ingenio'),
('20', '506', 'Santo Domingo Albarradas?'),
('20', '507', 'Santo Domingo Armenta?'),
('20', '508', 'Santo Domingo Chihuit?n?'),
('20', '509', 'Santo Domingo de Morelos?'),
('20', '510', 'Santo Domingo Ixcatl?n?'),
('20', '511', 'Santo Domingo Nuxa??'),
('20', '512', 'Santo Domingo Ozolotepec?'),
('20', '513', 'Santo Domingo Petapa'),
('20', '514', 'Santo Domingo Roayaga?'),
('20', '515', 'Santo Domingo Tehuantepec'),
('20', '516', 'Santo Domingo Teojomulco?'),
('20', '517', 'Santo Domingo Tepuxtepec?'),
('20', '518', 'Santo Domingo Tlatay?pam?'),
('20', '519', 'Santo Domingo Tomaltepec?'),
('20', '520', 'Santo Domingo Tonal?\r\n20'),
('20', '522', 'Santo Domingo Xagac?a?'),
('20', '523', 'Santo Domingo Yanhuitl?n?'),
('20', '524', 'Santo Domingo Yodohino?'),
('20', '525', 'Santo Domingo Zanatepec'),
('20', '526', 'Santos Reyes Nopala'),
('20', '527', 'Santos Reyes P?palo?'),
('20', '528', 'Santos Reyes Tepejillo?'),
('20', '529', 'Santos Reyes Yucun??'),
('20', '530', 'Santo Tom?s Jalieza'),
('20', '531', 'Santo Tom?s Mazaltepec?'),
('20', '532', 'Santo Tom?s Ocotepec?'),
('20', '533', 'Santo Tom?s Tamazulapan'),
('20', '534', 'San Vicente Coatl?n?'),
('20', '535', 'San Vicente Lachix?o?'),
('20', '536', 'San Vicente Nu???'),
('20', '537', 'Silacayo?pam'),
('20', '538', 'Sitio de Xitlapehua?'),
('20', '539', 'Soledad Etla?'),
('20', '540', 'Villa de Tamazul?pam del Progreso'),
('20', '541', 'Tanetze de Zaragoza?'),
('20', '542', 'Taniche?'),
('20', '543', 'Tataltepec de Vald?s?'),
('20', '544', 'Teococuilco de Marcos P?rez?'),
('20', '545', 'Teotitl?n de Flores Mag?n'),
('20', '546', 'Teotitl?n del Valle'),
('20', '547', 'Teotongo'),
('20', '548', 'Tepelmeme Villa de Morelos'),
('20', '549', '\"Heroica Villa Tezoatl?n de Segura y Luna'),
('20', '550', 'San Jer?nimo Tlacochahuaya'),
('20', '551', 'Tlacolula de Matamoros'),
('20', '552', 'Tlacotepec Plumas?'),
('20', '553', 'Tlalixtac de Cabrera'),
('20', '554', 'Totontepec Villa de Morelos?'),
('20', '555', 'Trinidad Zaachila?'),
('20', '556', 'La Trinidad Vista Hermosa?'),
('20', '557', 'Uni?n Hidalgo'),
('20', '558', 'Valerio Trujano?'),
('20', '559', 'San Juan Bautista Valle Nacional'),
('20', '560', 'Villa D?az Ordaz'),
('20', '561', 'Yaxe?'),
('20', '562', 'Magdalena Yodocono de Porfirio D?az?'),
('20', '563', 'Yogana?'),
('20', '564', 'Yutanduchi de Guerrero?'),
('20', '565', 'Villa de Zaachila'),
('20', '566', 'San Mateo Yucutindoo?'),
('20', '567', 'Zapotitl?n Lagunas?'),
('20', '568', 'Zapotitl?n Palmas?'),
('20', '569', 'Santa In?s de Zaragoza?'),
('20', '570', 'Zimatl?n de ?lvarez'),
('21', '1', 'Acajete'),
('21', '2', 'Acateno'),
('21', '3', 'Acatl?n'),
('21', '4', 'Acatzingo'),
('21', '5', 'Acteopan?'),
('21', '6', 'Ahuacatl?n'),
('21', '7', 'Ahuatl?n?'),
('21', '8', 'Ahuazotepec'),
('21', '9', 'Ahuehuetitla?'),
('21', '10', 'Ajalpan'),
('21', '11', 'Albino Zertuche?'),
('21', '12', 'Aljojuca'),
('21', '13', 'Altepexi'),
('21', '14', 'Amixtl?n?'),
('21', '15', 'Amozoc'),
('21', '16', 'Aquixtla'),
('21', '17', 'Atempan'),
('21', '18', 'Atexcal?'),
('21', '80', 'Atlequizayan?'),
('21', '19', 'Atlixco'),
('21', '20', 'Atoyatempan'),
('21', '21', 'Atzala?'),
('21', '22', 'Atzitzihuac?n'),
('21', '23', 'Atzitzintla'),
('21', '24', 'Axutla?'),
('21', '25', 'Ayotoxco de Guerrero'),
('21', '26', 'Calpan'),
('21', '27', 'Caltepec?'),
('21', '28', 'Camocuautla?'),
('21', '99', 'Ca?ada Morelos'),
('21', '29', 'Caxhuacan?'),
('21', '45', 'Chalchicomula de Sesma'),
('21', '46', 'Chapulco'),
('21', '47', 'Chiautla'),
('21', '48', 'Chiautzingo'),
('21', '50', 'Chichiquila'),
('21', '49', 'Chiconcuautla'),
('21', '51', 'Chietla'),
('21', '52', 'Chigmecatitl?n?'),
('21', '53', 'Chignahuapan'),
('21', '54', 'Chignautla'),
('21', '55', 'Chila?'),
('21', '56', 'Chila de la Sal?'),
('21', '58', 'Chilchotla'),
('21', '59', 'Chinantla?'),
('21', '30', 'Coatepec?'),
('21', '31', 'Coatzingo?'),
('21', '32', 'Cohetzala?'),
('21', '33', 'Cohuecan?'),
('21', '34', 'Coronango'),
('21', '35', 'Coxcatl?n'),
('21', '36', 'Coyomeapan?'),
('21', '37', 'Coyotepec?'),
('21', '38', 'Cuapiaxtla de Madero'),
('21', '39', 'Cuautempan'),
('21', '40', 'Cuautinch?n'),
('21', '41', 'Cuautlancingo'),
('21', '42', 'Cuayuca de Andrade?'),
('21', '43', 'Cuetzalan del Progreso'),
('21', '44', 'Cuyoaco'),
('21', '60', 'Domingo Arenas'),
('21', '61', 'Eloxochitl?n?'),
('21', '62', 'Epatl?n?'),
('21', '63', 'Esperanza'),
('21', '64', 'Francisco Z. Mena'),
('21', '65', 'General Felipe ?ngeles'),
('21', '66', 'Guadalupe'),
('21', '67', 'Guadalupe Victoria'),
('21', '68', 'Hermenegildo Galeana'),
('21', '57', 'Honey'),
('21', '69', 'Huaquechula'),
('21', '70', 'Huatlatlauca'),
('21', '71', 'Huauchinango'),
('21', '72', 'Huehuetla'),
('21', '73', 'Huehuetl?n el Chico'),
('21', '150', 'Huehuetl?n el Grande'),
('21', '74', 'Huejotzingo'),
('21', '75', 'Hueyapan'),
('21', '76', 'Hueytamalco'),
('21', '77', 'Hueytlalpan?'),
('21', '78', 'Huitzilan de Serd?n'),
('21', '79', 'Huitziltepec?'),
('21', '81', 'Ixcamilpa de Guerrero?'),
('21', '82', 'Ixcaquixtla'),
('21', '83', 'Ixtacamaxtitl?n'),
('21', '84', 'Ixtepec'),
('21', '85', 'Iz?car de Matamoros'),
('21', '86', 'Jalpan'),
('21', '87', 'Jolalpan'),
('21', '88', 'Jonotla?'),
('21', '89', 'Jopala'),
('21', '90', 'Juan C. Bonilla'),
('21', '91', 'Juan Galindo'),
('21', '92', 'Juan N. M?ndez?'),
('21', '95', 'La Magdalena Tlatlauquitepec?'),
('21', '93', 'Lafragua'),
('21', '94', 'Libres'),
('21', '118', 'Los Reyes de Ju?rez'),
('21', '96', 'Mazapiltepec de Ju?rez?'),
('21', '97', 'Mixtla?'),
('21', '98', 'Molcaxac'),
('21', '100', 'Naupan'),
('21', '101', 'Nauzontla?'),
('21', '102', 'Nealtican'),
('21', '103', 'Nicol?s Bravo'),
('21', '104', 'Nopalucan'),
('21', '105', 'Ocotepec?'),
('21', '106', 'Ocoyucan'),
('21', '107', 'Olintla'),
('21', '108', 'Oriental'),
('21', '109', 'Pahuatl?n'),
('21', '110', 'Palmar de Bravo'),
('21', '111', 'Pantepec'),
('21', '112', 'Petlalcingo'),
('21', '113', 'Piaxtla?'),
('21', '114', 'Puebla'),
('21', '115', 'Quecholac'),
('21', '116', 'Quimixtl?n'),
('21', '117', 'Rafael Lara Grajales'),
('21', '119', 'San Andr?s Cholula'),
('21', '120', 'San Antonio Ca?ada?'),
('21', '121', 'San Diego la Mesa Tochimiltzingo?'),
('21', '122', 'San Felipe Teotlalcingo'),
('21', '123', 'San Felipe Tepatl?n?'),
('21', '124', 'San Gabriel Chilac'),
('21', '125', 'San Gregorio Atzompa'),
('21', '126', 'San Jer?nimo Tecuanipan?'),
('21', '127', 'San Jer?nimo Xayacatl?n?'),
('21', '128', 'San Jos? Chiapa'),
('21', '129', 'San Jos? Miahuatl?n'),
('21', '130', 'San Juan Atenco?'),
('21', '131', 'San Juan Atzompa?'),
('21', '132', 'San Mart?n Texmelucan'),
('21', '133', 'San Mart?n Totoltepec?'),
('21', '134', 'San Mat?as Tlalancaleca'),
('21', '135', 'San Miguel Ixitl?n?'),
('21', '136', 'San Miguel Xoxtla'),
('21', '137', 'San Nicol?s Buenos Aires'),
('21', '138', 'San Nicol?s de los Ranchos?'),
('21', '139', 'San Pablo Anicano?'),
('21', '140', 'San Pedro Cholula'),
('21', '141', 'San Pedro Yeloixtlahuaca?'),
('21', '142', 'San Salvador el Seco'),
('21', '143', 'San Salvador el Verde'),
('21', '144', 'San Salvador Huixcolotla'),
('21', '145', 'San Sebasti?n Tlacotepec'),
('21', '146', 'Santa Catarina Tlaltempan?'),
('21', '147', 'Santa In?s Ahuatempan'),
('21', '148', 'Santa Isabel Cholula'),
('21', '149', 'Santiago Miahuatl?n'),
('21', '151', 'Santo Tom?s Hueyotlipan'),
('21', '152', 'Soltepec'),
('21', '153', 'Tecali de Herrera'),
('21', '154', 'Tecamachalco'),
('21', '155', 'Tecomatl?n'),
('21', '156', 'Tehuac?n'),
('21', '157', 'Tehuitzingo'),
('21', '158', 'Tenampulco'),
('21', '159', 'Teopantl?n?'),
('21', '160', 'Teotlalco?'),
('21', '161', 'Tepanco de L?pez'),
('21', '162', 'Tepango de Rodr?guez?'),
('21', '163', 'Tepatlaxco de Hidalgo'),
('21', '164', 'Tepeaca'),
('21', '165', 'Tepemaxalco?'),
('21', '166', 'Tepeojuma'),
('21', '167', 'Tepetzintla'),
('21', '168', 'Tepexco'),
('21', '169', 'Tepexi de Rodr?guez'),
('21', '170', 'Tepeyahualco'),
('21', '171', 'Tepeyahualco de Cuauht?moc?'),
('21', '172', 'Tetela de Ocampo'),
('21', '173', 'Teteles de Avila Castillo'),
('21', '174', 'Teziutl?n'),
('21', '175', 'Tianguismanalco'),
('21', '176', 'Tilapa'),
('21', '179', 'Tlachichuca'),
('21', '177', 'Tlacotepec de Benito Ju?rez'),
('21', '178', 'Tlacuilotepec'),
('21', '180', 'Tlahuapan'),
('21', '181', 'Tlaltenango'),
('21', '182', 'Tlanepantla?'),
('21', '183', 'Tlaola'),
('21', '184', 'Tlapacoya'),
('21', '185', 'Tlapanal?\r\n21'),
('21', '187', 'Tlaxco'),
('21', '188', 'Tochimilco'),
('21', '189', 'Tochtepec'),
('21', '190', 'Totoltepec de Guerrero?'),
('21', '191', 'Tulcingo'),
('21', '192', 'Tuzamapan de Galeana'),
('21', '193', 'Tzicatlacoyan'),
('21', '194', 'Venustiano Carranza'),
('21', '195', 'Vicente Guerrero?'),
('21', '196', 'Xayacatl?n de Bravo?'),
('21', '197', 'Xicotepec'),
('21', '198', 'Xicotl?n?'),
('21', '199', 'Xiutetelco'),
('21', '200', 'Xochiapulco?'),
('21', '201', 'Xochiltepec?'),
('21', '202', 'Xochitl?n de Vicente Su?rez'),
('21', '203', 'Xochitl?n Todos Santos'),
('21', '204', 'Yaon?huac'),
('21', '205', 'Yehualtepec'),
('21', '206', 'Zacapala?'),
('21', '207', 'Zacapoaxtla'),
('21', '208', 'Zacatl?n'),
('21', '209', 'Zapotitl?n'),
('21', '210', 'Zapotitl?n de M?ndez?'),
('21', '211', 'Zaragoza'),
('21', '212', 'Zautla'),
('21', '213', 'Zihuateutla'),
('21', '214', 'Zinacatepec'),
('21', '215', 'Zongozotla?'),
('21', '216', 'Zoquiapan?'),
('21', '217', 'Zoquitl?n?'),
('22', '1', 'Amealco de Bonfil'),
('22', '2', 'Pinal de Amoles'),
('22', '3', 'Arroyo Seco'),
('22', '4', 'Cadereyta de Montes'),
('22', '5', 'Col?n'),
('22', '6', 'Corregidora'),
('22', '7', 'Ezequiel Montes'),
('22', '8', 'Huimilpan'),
('22', '9', 'Jalpan de Serra'),
('22', '10', 'Landa de Matamoros'),
('22', '11', 'El Marqu?s'),
('22', '12', 'Pedro Escobedo'),
('22', '13', 'Pe?amiller'),
('22', '14', 'Quer?taro'),
('22', '15', 'San Joaqu?n'),
('22', '16', 'San Juan del R?o'),
('22', '17', 'Tequisquiapan'),
('22', '18', 'Tolim?n'),
('23', '1', 'Cozumel'),
('23', '2', 'Felipe Carrillo Puerto'),
('23', '3', 'Isla Mujeres'),
('23', '4', 'Oth?n P. Blanco'),
('23', '5', 'Benito Ju?rez'),
('23', '6', 'Jos? Mar?a Morelos'),
('23', '7', 'L?zaro C?rdenas'),
('23', '8', 'Solidaridad'),
('23', '9', 'Tulum'),
('23', '10', 'Bacalar'),
('23', '11', 'Puerto Morelos'),
('24', '1', 'Ahualulco'),
('24', '2', 'Alaquines'),
('24', '3', 'Aquism?n'),
('24', '4', 'Armadillo de los Infante'),
('24', '53', 'Axtla de Terrazas'),
('24', '5', 'C?rdenas'),
('24', '6', 'Catorce'),
('24', '7', 'Cedral'),
('24', '8', 'Cerritos'),
('24', '9', 'Cerro de San Pedro'),
('24', '15', 'Charcas'),
('24', '10', 'Ciudad del Ma?z'),
('24', '11', 'Ciudad Fern?ndez'),
('24', '13', 'Ciudad Valles'),
('24', '14', 'Coxcatl?n'),
('24', '16', 'Ebano'),
('24', '58', 'El Naranjo'),
('24', '17', 'Guadalc?zar'),
('24', '18', 'Huehuetl?n'),
('24', '19', 'Lagunillas'),
('24', '20', 'Matehuala'),
('24', '57', 'Matlapa'),
('24', '21', 'Mexquitic de Carmona'),
('24', '22', 'Moctezuma'),
('24', '23', 'Ray?n'),
('24', '24', 'Rioverde'),
('24', '25', 'Salinas'),
('24', '26', 'San Antonio'),
('24', '27', 'San Ciro de Acosta'),
('24', '28', 'San Luis Potos?\r\n24'),
('24', '30', 'San Nicol?s Tolentino'),
('24', '34', 'San Vicente Tancuayalab'),
('24', '31', 'Santa Catarina'),
('24', '32', 'Santa Mar?a del R?o'),
('24', '33', 'Santo Domingo'),
('24', '35', 'Soledad de Graciano S?nchez'),
('24', '36', 'Tamasopo'),
('24', '37', 'Tamazunchale'),
('24', '38', 'Tampac?n'),
('24', '39', 'Tampamol?n Corona'),
('24', '40', 'Tamu?n'),
('24', '12', 'Tancanhuitz'),
('24', '41', 'Tanlaj?s'),
('24', '42', 'Tanqui?n de Escobedo'),
('24', '43', 'Tierra Nueva'),
('24', '44', 'Vanegas'),
('24', '45', 'Venado'),
('24', '56', 'Villa de Arista'),
('24', '46', 'Villa de Arriaga'),
('24', '47', 'Villa de Guadalupe'),
('24', '48', 'Villa de la Paz'),
('24', '49', 'Villa de Ramos');
INSERT INTO `co_agr_municipio` (`cve_ent`, `cve_mun`, `opcion`) VALUES
('24', '50', 'Villa de Reyes'),
('24', '51', 'Villa Hidalgo'),
('24', '52', 'Villa Ju?rez'),
('24', '54', 'Xilitla'),
('24', '55', 'Zaragoza'),
('25', '1', 'Ahome'),
('25', '2', 'Angostura'),
('25', '3', 'Badiraguato'),
('25', '4', 'Concordia'),
('25', '5', 'Cosal?\r\n25'),
('25', '8', 'Elota'),
('25', '9', 'Escuinapa'),
('25', '10', 'El Fuerte'),
('25', '11', 'Guasave'),
('25', '12', 'Mazatl?n'),
('25', '13', 'Mocorito'),
('25', '14', 'Rosario'),
('25', '15', 'Salvador Alvarado'),
('25', '16', 'San Ignacio'),
('25', '17', 'Sinaloa'),
('25', '18', 'Navolato'),
('26', '1', 'Aconchi?'),
('26', '2', 'Agua Prieta'),
('26', '3', 'Alamos'),
('26', '4', 'Altar'),
('26', '5', 'Arivechi'),
('26', '6', 'Arizpe'),
('26', '7', 'Atil'),
('26', '8', 'Bacad?huachi'),
('26', '9', 'Bacanora'),
('26', '10', 'Bacerac'),
('26', '11', 'Bacoachi'),
('26', '12', 'B?cum'),
('26', '13', 'Ban?michi'),
('26', '14', 'Bavi?cora'),
('26', '15', 'Bavispe'),
('26', '71', 'Benito Ju?rez'),
('26', '16', 'Benjam?n Hill'),
('26', '17', 'Caborca'),
('26', '18', 'Cajeme'),
('26', '19', 'Cananea'),
('26', '20', 'Carb?'),
('26', '22', 'Cucurpe'),
('26', '23', 'Cumpas'),
('26', '24', 'Divisaderos'),
('26', '25', 'Empalme'),
('26', '26', 'Etchojoa'),
('26', '27', 'Fronteras'),
('26', '70', 'General Plutarco El?as Calles'),
('26', '28', 'Granados'),
('26', '29', 'Guaymas'),
('26', '30', 'Hermosillo'),
('26', '31', 'Huachinera?'),
('26', '32', 'Hu?sabas'),
('26', '33', 'Huatabampo'),
('26', '34', 'Hu?pac'),
('26', '35', 'Imuris'),
('26', '21', 'La Colorada'),
('26', '36', 'Magdalena'),
('26', '37', 'Mazat?n'),
('26', '38', 'Moctezuma'),
('26', '39', 'Naco'),
('26', '40', 'N?cori Chico'),
('26', '41', 'Nacozari de Garc?a'),
('26', '42', 'Navojoa'),
('26', '43', 'Nogales'),
('26', '44', 'Onavas'),
('26', '45', 'Opodepe'),
('26', '46', 'Oquitoa'),
('26', '47', 'Pitiquito'),
('26', '48', 'Puerto Pe?asco'),
('26', '49', 'Quiriego'),
('26', '50', 'Ray?n'),
('26', '51', 'Rosario'),
('26', '52', 'Sahuaripa'),
('26', '53', 'San Felipe de Jes?s'),
('26', '72', 'San Ignacio R?o Muerto'),
('26', '54', 'San Javier'),
('26', '55', 'San Luis R?o Colorado'),
('26', '56', 'San Miguel de Horcasitas'),
('26', '57', 'San Pedro de la Cueva'),
('26', '58', 'Santa Ana'),
('26', '59', 'Santa Cruz'),
('26', '60', 'S?ric'),
('26', '61', 'Soyopa'),
('26', '62', 'Suaqui Grande'),
('26', '63', 'Tepache'),
('26', '64', 'Trincheras'),
('26', '65', 'Tubutama'),
('26', '66', 'Ures'),
('26', '67', 'Villa Hidalgo'),
('26', '68', 'Villa Pesqueira?'),
('26', '69', 'Y?cora'),
('27', '1', 'Balanc?n'),
('27', '2', 'C?rdenas'),
('27', '3', 'Centla'),
('27', '4', 'Centro'),
('27', '5', 'Comalcalco'),
('27', '6', 'Cunduac?n'),
('27', '7', 'Emiliano Zapata'),
('27', '8', 'Huimanguillo'),
('27', '9', 'Jalapa'),
('27', '10', 'Jalpa de M?ndez'),
('27', '11', 'Jonuta'),
('27', '12', 'Macuspana'),
('27', '13', 'Nacajuca'),
('27', '14', 'Para?so'),
('27', '15', 'Tacotalpa'),
('27', '16', 'Teapa'),
('27', '17', 'Tenosique'),
('28', '1', 'Abasolo'),
('28', '2', 'Aldama'),
('28', '3', 'Altamira'),
('28', '4', 'Antiguo Morelos'),
('28', '5', 'Burgos'),
('28', '6', 'Bustamante'),
('28', '7', 'Camargo'),
('28', '8', 'Casas'),
('28', '9', 'Ciudad Madero'),
('28', '10', 'Cruillas'),
('28', '21', 'El Mante'),
('28', '11', 'G?mez Far?as'),
('28', '12', 'Gonz?lez'),
('28', '13', 'G??mez'),
('28', '14', 'Guerrero'),
('28', '15', 'Gustavo D?az Ordaz'),
('28', '16', 'Hidalgo'),
('28', '17', 'Jaumave'),
('28', '18', 'Jim?nez'),
('28', '19', 'Llera'),
('28', '20', 'Mainero'),
('28', '22', 'Matamoros'),
('28', '23', 'M?ndez'),
('28', '24', 'Mier'),
('28', '25', 'Miguel Alem?n'),
('28', '26', 'Miquihuana'),
('28', '27', 'Nuevo Laredo'),
('28', '28', 'Nuevo Morelos'),
('28', '29', 'Ocampo'),
('28', '30', 'Padilla'),
('28', '31', 'Palmillas'),
('28', '32', 'Reynosa'),
('28', '33', 'R?o Bravo'),
('28', '34', 'San Carlos'),
('28', '35', 'San Fernando'),
('28', '36', 'San Nicol?s'),
('28', '37', 'Soto la Marina'),
('28', '38', 'Tampico'),
('28', '39', 'Tula'),
('28', '40', 'Valle Hermoso'),
('28', '41', 'Victoria'),
('28', '42', 'Villagr?n'),
('28', '43', 'Xicot?ncatl'),
('29', '1', 'Amaxac de Guerrero'),
('29', '2', 'Apetatitl?n de Antonio Carvajal'),
('29', '3', 'Atlangatepec'),
('29', '4', 'Atltzayanca'),
('29', '5', 'Apizaco'),
('29', '6', 'Calpulalpan'),
('29', '7', 'El Carmen Tequexquitla'),
('29', '8', 'Cuapiaxtla'),
('29', '9', 'Cuaxomulco'),
('29', '10', 'Chiautempan'),
('29', '11', 'Mu?oz de Domingo Arenas'),
('29', '12', 'Espa?ita'),
('29', '13', 'Huamantla'),
('29', '14', 'Hueyotlipan'),
('29', '15', 'Ixtacuixtla de Mariano Matamoros'),
('29', '16', 'Ixtenco'),
('29', '17', 'Mazatecochco de Jos? Mar?a Morelos'),
('29', '18', 'Contla de Juan Cuamatzi'),
('29', '19', 'Tepetitla de Lardiz?bal'),
('29', '20', 'Sanct?rum de L?zaro C?rdenas'),
('29', '21', 'Nanacamilpa de Mariano Arista'),
('29', '22', 'Acuamanala de Miguel Hidalgo'),
('29', '23', 'Nat?vitas'),
('29', '24', 'Panotla'),
('29', '25', 'San Pablo del Monte'),
('29', '26', 'Santa Cruz Tlaxcala'),
('29', '27', 'Tenancingo'),
('29', '28', 'Teolocholco'),
('29', '29', 'Tepeyanco'),
('29', '30', 'Terrenate'),
('29', '31', 'Tetla de la Solidaridad'),
('29', '32', 'Tetlatlahuca'),
('29', '33', 'Tlaxcala'),
('29', '34', 'Tlaxco'),
('29', '35', 'Tocatl?n'),
('29', '36', 'Totolac'),
('29', '37', 'Ziltlalt?pec de Trinidad S?nchez Santos'),
('29', '38', 'Tzompantepec'),
('29', '39', 'Xaloztoc'),
('29', '40', 'Xaltocan'),
('29', '41', 'Papalotla de Xicoht?ncatl'),
('29', '42', 'Xicohtzinco'),
('29', '43', 'Yauhquemehcan'),
('29', '44', 'Zacatelco'),
('29', '45', 'Benito Ju?rez'),
('29', '46', 'Emiliano Zapata'),
('29', '47', 'L?zaro C?rdenas'),
('29', '48', 'La Magdalena Tlaltelulco'),
('29', '49', 'San Dami?n Tex?loc'),
('29', '50', 'San Francisco Tetlanohcan'),
('29', '51', 'San Jer?nimo Zacualpan?'),
('29', '52', 'San Jos? Teacalco?'),
('29', '53', 'San Juan Huactzinco'),
('29', '54', 'San Lorenzo Axocomanitla'),
('29', '55', 'San Lucas Tecopilco'),
('29', '56', 'Santa Ana Nopalucan'),
('29', '57', 'Santa Apolonia Teacalco'),
('29', '58', 'Santa Catarina Ayometla'),
('29', '59', 'Santa Cruz Quilehtla'),
('29', '60', 'Santa Isabel Xiloxoxtla'),
('31', '1', 'Abal?\r\n31'),
('31', '3', 'Akil'),
('31', '4', 'Baca'),
('31', '5', 'Bokob??'),
('31', '6', 'Buctzotz'),
('31', '7', 'Cacalch?n'),
('31', '8', 'Calotmul?'),
('31', '9', 'Cansahcab'),
('31', '10', 'Cantamayec'),
('31', '11', 'Celest?n'),
('31', '12', 'Cenotillo'),
('31', '13', 'Conkal'),
('31', '14', 'Cuncunul'),
('31', '15', 'Cuzam?\r\n31'),
('31', '18', 'Chapab'),
('31', '19', 'Chemax'),
('31', '20', 'Chicxulub Pueblo'),
('31', '21', 'Chichimil?\r\n31'),
('31', '23', 'Chochol?\r\n31'),
('31', '25', 'Dz?n'),
('31', '26', 'Dzemul'),
('31', '27', 'Dzidzant?n'),
('31', '28', 'Dzilam de Bravo'),
('31', '29', 'Dzilam Gonz?lez'),
('31', '30', 'Dzit?s'),
('31', '31', 'Dzoncauich'),
('31', '32', 'Espita'),
('31', '33', 'Halach?'),
('31', '34', 'Hocab?\r\n31'),
('31', '36', 'Hom?n'),
('31', '37', 'Huh?\r\n31'),
('31', '40', 'Izamal'),
('31', '41', 'Kanas?n'),
('31', '42', 'Kantunil'),
('31', '43', 'Kaua'),
('31', '44', 'Kinchil'),
('31', '45', 'Kopom?\r\n31'),
('31', '47', 'Man?\r\n31'),
('31', '49', 'Mayap?n'),
('31', '50', 'M?rida'),
('31', '51', 'Mococh?\r\n31'),
('31', '53', 'Muna'),
('31', '54', 'Muxupip'),
('31', '55', 'Opich?n'),
('31', '56', 'Oxkutzcab'),
('31', '57', 'Panab?\r\n31'),
('31', '59', 'Progreso'),
('31', '60', 'Quintana Roo'),
('31', '61', 'R?o Lagartos'),
('31', '62', 'Sacalum'),
('31', '63', 'Samahil'),
('31', '64', 'Sanahcat'),
('31', '65', 'San Felipe'),
('31', '66', 'Santa Elena'),
('31', '67', 'Sey?\r\n31'),
('31', '70', 'Sucil?\r\n31'),
('31', '72', 'Suma'),
('31', '73', 'Tahdzi?'),
('31', '74', 'Tahmek'),
('31', '75', 'Teabo'),
('31', '76', 'Tecoh'),
('31', '77', 'Tekal de Venegas'),
('31', '78', 'Tekant?'),
('31', '79', 'Tekax'),
('31', '80', 'Tekit'),
('31', '81', 'Tekom'),
('31', '82', 'Telchac Pueblo'),
('31', '83', 'Telchac Puerto'),
('31', '84', 'Temax'),
('31', '85', 'Temoz?n'),
('31', '86', 'Tepak?n'),
('31', '87', 'Tetiz'),
('31', '88', 'Teya'),
('31', '89', 'Ticul'),
('31', '90', 'Timucuy'),
('31', '91', 'Tinum'),
('31', '92', 'Tixcacalcupul'),
('31', '93', 'Tixkokob'),
('31', '94', 'Tixmehuac'),
('31', '95', 'Tixp?hual'),
('31', '96', 'Tizim?n'),
('31', '97', 'Tunk?s'),
('31', '98', 'Tzucacab'),
('31', '99', 'Uayma'),
('31', '100', 'Uc?'),
('31', '101', 'Um?n'),
('31', '102', 'Valladolid'),
('31', '103', 'Xocchel'),
('31', '104', 'Yaxcab?\r\n31'),
('31', '106', 'Yoba?n'),
('32', '1', 'Apozol'),
('32', '2', 'Apulco?'),
('32', '3', 'Atolinga?'),
('32', '4', 'Benito Ju?rez?'),
('32', '5', 'Calera'),
('32', '6', 'Ca?itas de Felipe Pescador'),
('32', '7', 'Concepci?n del Oro'),
('32', '8', 'Cuauht?moc'),
('32', '9', 'Chalchihuites'),
('32', '10', 'Fresnillo'),
('32', '11', 'Trinidad Garc?a de la Cadena?'),
('32', '12', 'Genaro Codina'),
('32', '13', 'General Enrique Estrada'),
('32', '14', 'General Francisco R. Murgu?a'),
('32', '15', 'El Plateado de Joaqu?n Amaro?'),
('32', '16', 'General P?nfilo Natera'),
('32', '17', 'Guadalupe'),
('32', '18', 'Huanusco?'),
('32', '19', 'Jalpa'),
('32', '20', 'Jerez'),
('32', '21', 'Jim?nez del Teul?'),
('32', '22', 'Juan Aldama'),
('32', '23', 'Juchipila'),
('32', '24', 'Loreto'),
('32', '25', 'Luis Moya'),
('32', '26', 'Mazapil'),
('32', '27', 'Melchor Ocampo?'),
('32', '28', 'Mezquital del Oro?'),
('32', '29', 'Miguel Auza'),
('32', '30', 'Momax?'),
('32', '31', 'Monte Escobedo'),
('32', '32', 'Morelos'),
('32', '33', 'Moyahua de Estrada'),
('32', '34', 'Nochistl?n de Mej?a'),
('32', '35', 'Noria de ?ngeles'),
('32', '36', 'Ojocaliente'),
('32', '37', 'P?nuco'),
('32', '38', 'Pinos'),
('32', '39', 'R?o Grande'),
('32', '40', 'Sain Alto'),
('32', '41', 'El Salvador?'),
('32', '42', 'Sombrerete'),
('32', '43', 'Susticac?n?'),
('32', '44', 'Tabasco'),
('32', '45', 'Tepechitl?n'),
('32', '46', 'Tepetongo'),
('32', '47', 'Te?l de Gonz?lez Ortega'),
('32', '48', 'Tlaltenango de S?nchez Rom?n'),
('32', '49', 'Valpara?so'),
('32', '50', 'Vetagrande'),
('32', '51', 'Villa de Cos'),
('32', '52', 'Villa Garc?a'),
('32', '53', 'Villa Gonz?lez Ortega'),
('32', '54', 'Villa Hidalgo'),
('32', '55', 'Villanueva'),
('32', '56', 'Zacatecas'),
('32', '57', 'Trancoso'),
('32', '58', 'Santa Mar?a de la Paz?'),
('30', '1', 'Acajete'),
('30', '2', 'Acatl?n'),
('30', '3', 'Acayucan'),
('30', '4', 'Actopan'),
('30', '5', 'Acula'),
('30', '6', 'Acultzingo'),
('30', '204', 'Agua Dulce'),
('30', '8', 'Alpatl?huac'),
('30', '9', 'Alto Lucero de Guti?rrez Barrios'),
('30', '10', 'Altotonga'),
('30', '11', 'Alvarado'),
('30', '12', 'Amatitl?n'),
('30', '14', 'Amatl?n de los Reyes'),
('30', '15', '?ngel R. Cabada'),
('30', '17', 'Apazapan'),
('30', '18', 'Aquila'),
('30', '19', 'Astacinga'),
('30', '20', 'Atlahuilco'),
('30', '21', 'Atoyac'),
('30', '22', 'Atzacan'),
('30', '23', 'Atzalan'),
('30', '25', 'Ayahualulco'),
('30', '26', 'Banderilla'),
('30', '27', 'Benito Ju?rez'),
('30', '28', 'Boca del R?o'),
('30', '44', 'C?rdoba'),
('30', '29', 'Calcahualco'),
('30', '7', 'Camar?n de Tejeda'),
('30', '30', 'Camerino Z. Mendoza'),
('30', '208', 'Carlos A. Carrillo'),
('30', '31', 'Carrillo Puerto'),
('30', '157', 'Castillo de Teayo'),
('30', '32', 'Catemaco'),
('30', '33', 'Cazones de Herrera'),
('30', '34', 'Cerro Azul'),
('30', '54', 'Chacaltianguis'),
('30', '55', 'Chalma'),
('30', '56', 'Chiconamel'),
('30', '57', 'Chiconquiaco'),
('30', '58', 'Chicontepec'),
('30', '59', 'Chinameca'),
('30', '60', 'Chinampa de Gorostiza'),
('30', '62', 'Chocam?n'),
('30', '63', 'Chontla'),
('30', '64', 'Chumatl?n'),
('30', '35', 'Citlalt?petl'),
('30', '36', 'Coacoatzintla'),
('30', '37', 'Coahuitl?n'),
('30', '38', 'Coatepec'),
('30', '39', 'Coatzacoalcos'),
('30', '40', 'Coatzintla'),
('30', '41', 'Coetzala'),
('30', '42', 'Colipa'),
('30', '43', 'Comapa'),
('30', '45', 'Cosamaloapan de Carpio'),
('30', '46', 'Cosautl?n de Carvajal'),
('30', '47', 'Coscomatepec'),
('30', '48', 'Cosoleacaque'),
('30', '49', 'Cotaxtla'),
('30', '50', 'Coxquihui'),
('30', '51', 'Coyutla'),
('30', '52', 'Cuichapa'),
('30', '53', 'Cuitl?huac'),
('30', '205', 'El Higo'),
('30', '65', 'Emiliano Zapata'),
('30', '66', 'Espinal'),
('30', '67', 'Filomeno Mata'),
('30', '68', 'Fort?n'),
('30', '69', 'Guti?rrez Zamora'),
('30', '70', 'Hidalgotitl?n'),
('30', '71', 'Huatusco'),
('30', '72', 'Huayacocotla'),
('30', '73', 'Hueyapan de Ocampo'),
('30', '74', 'Huiloapan de Cuauht?moc'),
('30', '75', 'Ignacio de la Llave'),
('30', '76', 'Ilamatl?n'),
('30', '77', 'Isla'),
('30', '78', 'Ixcatepec'),
('30', '79', 'Ixhuac?n de los Reyes'),
('30', '83', 'Ixhuatl?n de Madero'),
('30', '80', 'Ixhuatl?n del Caf?\r\n30'),
('30', '81', 'Ixhuatlancillo'),
('30', '84', 'Ixmatlahuacan'),
('30', '85', 'Ixtaczoquitl?n'),
('30', '89', 'J?ltipan'),
('30', '86', 'Jalacingo'),
('30', '88', 'Jalcomulco'),
('30', '90', 'Jamapa'),
('30', '91', 'Jes?s Carranza'),
('30', '93', 'Jilotepec'),
('30', '169', 'Jos? Azueta'),
('30', '94', 'Juan Rodr?guez Clara'),
('30', '95', 'Juchique de Ferrer'),
('30', '16', 'La Antigua'),
('30', '127', 'La Perla'),
('30', '96', 'Landero y Coss'),
('30', '61', 'Las Choapas'),
('30', '107', 'Las Minas'),
('30', '132', 'Las Vigas de Ram?rez'),
('30', '97', 'Lerdo de Tejada'),
('30', '137', 'Los Reyes'),
('30', '98', 'Magdalena'),
('30', '99', 'Maltrata'),
('30', '100', 'Manlio Fabio Altamirano'),
('30', '101', 'Mariano Escobedo'),
('30', '102', 'Mart?nez de la Torre'),
('30', '103', 'Mecatl?n'),
('30', '104', 'Mecayapan'),
('30', '105', 'Medell?n de Bravo'),
('30', '106', 'Miahuatl?n'),
('30', '108', 'Minatitl?n'),
('30', '109', 'Misantla'),
('30', '110', 'Mixtla de Altamirano'),
('30', '111', 'Moloac?n'),
('30', '206', 'Nanchital de L?zaro C?rdenas del R?o'),
('30', '112', 'Naolinco'),
('30', '113', 'Naranjal'),
('30', '13', 'Naranjos Amatl?n'),
('30', '114', 'Nautla'),
('30', '115', 'Nogales'),
('30', '116', 'Oluta'),
('30', '117', 'Omealca'),
('30', '118', 'Orizaba'),
('30', '119', 'Otatitl?n'),
('30', '120', 'Oteapan'),
('30', '121', 'Ozuluama de Masca?eras'),
('30', '123', 'P?nuco'),
('30', '122', 'Pajapan'),
('30', '124', 'Papantla'),
('30', '126', 'Paso de Ovejas'),
('30', '125', 'Paso del Macho'),
('30', '128', 'Perote'),
('30', '129', 'Plat?n S?nchez'),
('30', '130', 'Playa Vicente'),
('30', '131', 'Poza Rica de Hidalgo'),
('30', '133', 'Pueblo Viejo'),
('30', '134', 'Puente Nacional'),
('30', '138', 'R?o Blanco'),
('30', '135', 'Rafael Delgado'),
('30', '136', 'Rafael Lucio'),
('30', '139', 'Saltabarranca'),
('30', '140', 'San Andr?s Tenejapan'),
('30', '141', 'San Andr?s Tuxtla'),
('30', '142', 'San Juan Evangelista'),
('30', '211', 'San Rafael'),
('30', '212', 'Santiago Sochiapan'),
('30', '143', 'Santiago Tuxtla'),
('30', '144', 'Sayula de Alem?n'),
('30', '146', 'Sochiapa'),
('30', '145', 'Soconusco'),
('30', '147', 'Soledad Atzompa'),
('30', '148', 'Soledad de Doblado'),
('30', '149', 'Soteapan'),
('30', '150', 'Tamal?n'),
('30', '151', 'Tamiahua'),
('30', '152', 'Tampico Alto'),
('30', '153', 'Tancoco'),
('30', '154', 'Tantima'),
('30', '155', 'Tantoyuca'),
('30', '209', 'Tatahuicapan de Ju?rez'),
('30', '156', 'Tatatila'),
('30', '158', 'Tecolutla'),
('30', '159', 'Tehuipango'),
('30', '161', 'Tempoal'),
('30', '162', 'Tenampa'),
('30', '163', 'Tenochtitl?n'),
('30', '164', 'Teocelo'),
('30', '165', 'Tepatlaxco'),
('30', '166', 'Tepetl?n'),
('30', '167', 'Tepetzintla'),
('30', '168', 'Tequila'),
('30', '170', 'Texcatepec'),
('30', '171', 'Texhuac?n'),
('30', '172', 'Texistepec'),
('30', '173', 'Tezonapa'),
('30', '174', 'Tierra Blanca'),
('30', '175', 'Tihuatl?n'),
('30', '180', 'Tlachichilco'),
('30', '176', 'Tlacojalpan'),
('30', '177', 'Tlacolulan'),
('30', '178', 'Tlacotalpan'),
('30', '179', 'Tlacotepec de Mej?a'),
('30', '181', 'Tlalixcoyan'),
('30', '182', 'Tlalnelhuayocan'),
('30', '24', 'Tlaltetela'),
('30', '183', 'Tlapacoyan'),
('30', '184', 'Tlaquilpa'),
('30', '185', 'Tlilapan'),
('30', '186', 'Tomatl?n'),
('30', '187', 'Tonay?n'),
('30', '188', 'Totutla'),
('30', '207', 'Tres Valles'),
('30', '189', 'Tuxpan'),
('30', '190', 'Tuxtilla'),
('30', '191', '?rsulo Galv?n'),
('30', '210', 'Uxpanapa'),
('30', '192', 'Vega de Alatorre'),
('30', '193', 'Veracruz'),
('30', '194', 'Villa Aldama'),
('30', '87', 'Xalapa'),
('30', '92', 'Xico'),
('30', '195', 'Xoxocotla'),
('30', '196', 'Yanga'),
('30', '197', 'Yecuatla'),
('30', '198', 'Zacualpan'),
('30', '199', 'Zaragoza'),
('30', '200', 'Zentla'),
('30', '201', 'Zongolica'),
('30', '202', 'Zontecomatl?n de L?pez y Fuentes'),
('30', '203', 'Zozocolco de Hidalgo'),
('30', '160', '?lamo Temapache'),
('1', '1', 'Aguascalientes'),
('1', '2', 'Asientos'),
('1', '3', 'Calvillo'),
('1', '4', 'Cos?o'),
('1', '10', 'El Llano'),
('1', '5', 'Jes?s Mar?a'),
('1', '6', 'Pabell?n de Arteaga'),
('1', '7', 'Rinc?n de Romos'),
('1', '11', 'San Francisco de los Romo'),
('1', '8', 'San Jos? de Gracia'),
('1', '9', 'Tepezal?\r\n2'),
('2', '2', 'Mexicali'),
('2', '5', 'Playas de Rosarito'),
('2', '3', 'Tecate'),
('2', '4', 'Tijuana'),
('3', '1', 'Comond?'),
('3', '3', 'La Paz'),
('3', '9', 'Loreto'),
('3', '8', 'Los Cabos'),
('3', '2', 'Muleg?\r\n4'),
('4', '1', 'Calkin?\r\n4'),
('4', '11', 'Candelaria'),
('4', '3', 'Carmen'),
('4', '4', 'Champot?n'),
('4', '9', 'Esc?rcega'),
('4', '5', 'Hecelchak?n'),
('4', '6', 'Hopelch?n'),
('4', '7', 'Palizada'),
('4', '8', 'Tenabo'),
('5', '1', 'Abasolo'),
('5', '2', 'Acu?a'),
('5', '3', 'Allende'),
('5', '4', 'Arteaga'),
('5', '5', 'Candela'),
('5', '6', 'Casta?os'),
('5', '7', 'Cuatro Ci?negas'),
('5', '8', 'Escobedo'),
('5', '9', 'Francisco I. Madero'),
('5', '10', 'Frontera'),
('5', '11', 'General Cepeda'),
('5', '12', 'Guerrero'),
('5', '13', 'Hidalgo'),
('5', '14', 'Jim?nez'),
('5', '15', 'Ju?rez'),
('5', '16', 'Lamadrid'),
('5', '17', 'Matamoros'),
('5', '18', 'Monclova'),
('5', '19', 'Morelos'),
('5', '20', 'M?zquiz'),
('5', '21', 'Nadadores'),
('5', '22', 'Nava'),
('5', '23', 'Ocampo'),
('5', '24', 'Parras'),
('5', '25', 'Piedras Negras'),
('5', '26', 'Progreso'),
('5', '27', 'Ramos Arizpe'),
('5', '28', 'Sabinas'),
('5', '29', 'Sacramento'),
('5', '30', 'Saltillo'),
('5', '31', 'San Buenaventura'),
('5', '32', 'San Juan de Sabinas'),
('5', '33', 'San Pedro'),
('5', '34', 'Sierra Mojada'),
('5', '35', 'Torre?n'),
('5', '36', 'Viesca'),
('5', '37', 'Villa Uni?n'),
('5', '38', 'Zaragoza'),
('6', '1', 'Armer?a'),
('6', '2', 'Colima'),
('6', '3', 'Comala'),
('6', '4', 'Coquimatl?n'),
('6', '5', 'Cuauht?moc'),
('6', '6', 'Ixtlahuac?n'),
('6', '7', 'Manzanillo'),
('6', '8', 'Minatitl?n'),
('6', '9', 'Tecom?n'),
('6', '10', 'Villa de ?lvarez'),
('7', '1', 'Acacoyagua'),
('7', '2', 'Acala'),
('7', '3', 'Acapetahua'),
('7', '113', 'Aldama'),
('7', '4', 'Altamirano'),
('7', '5', 'Amat?n'),
('7', '6', 'Amatenango de la Frontera'),
('7', '7', 'Amatenango del Valle'),
('7', '8', '?ngel Albino Corzo'),
('7', '9', 'Arriaga'),
('7', '10', 'Bejucal de Ocampo'),
('7', '11', 'Bella Vista'),
('7', '114', 'Benem?rito de las Am?ricas'),
('7', '12', 'Berrioz?bal'),
('7', '13', 'Bochil'),
('7', '15', 'Cacahoat?n'),
('7', '16', 'Catazaj?\r\n7'),
('7', '24', 'Chanal'),
('7', '25', 'Chapultenango'),
('7', '26', 'Chenalh?'),
('7', '27', 'Chiapa de Corzo'),
('7', '28', 'Chiapilla'),
('7', '29', 'Chicoas?n'),
('7', '30', 'Chicomuselo'),
('7', '31', 'Chil?n'),
('7', '17', 'Cintalapa'),
('7', '18', 'Coapilla'),
('7', '19', 'Comit?n de Dom?nguez'),
('7', '21', 'Copainal?\r\n7'),
('7', '70', 'El Porvenir'),
('7', '32', 'Escuintla'),
('7', '33', 'Francisco Le?n'),
('7', '34', 'Frontera Comalapa'),
('7', '35', 'Frontera Hidalgo'),
('7', '37', 'Huehuet?n'),
('7', '39', 'Huitiup?n'),
('7', '38', 'Huixt?n'),
('7', '40', 'Huixtla'),
('7', '42', 'Ixhuat?n'),
('7', '43', 'Ixtacomit?n'),
('7', '44', 'Ixtapa'),
('7', '45', 'Ixtapangajoya'),
('7', '46', 'Jiquipilas'),
('7', '47', 'Jitotol'),
('7', '48', 'Ju?rez'),
('7', '20', 'La Concordia'),
('7', '36', 'La Grandeza'),
('7', '41', 'La Independencia'),
('7', '50', 'La Libertad'),
('7', '99', 'La Trinitaria'),
('7', '49', 'Larr?inzar'),
('7', '52', 'Las Margaritas'),
('7', '75', 'Las Rosas'),
('7', '51', 'Mapastepec'),
('7', '115', 'Maravilla Tenejapa'),
('7', '116', 'Marqu?s de Comillas'),
('7', '53', 'Mazapa de Madero'),
('7', '54', 'Mazat?n'),
('7', '55', 'Metapa'),
('7', '56', 'Mitontic'),
('7', '117', 'Montecristo de Guerrero'),
('7', '57', 'Motozintla'),
('7', '58', 'Nicol?s Ru?z'),
('7', '59', 'Ocosingo'),
('7', '60', 'Ocotepec'),
('7', '61', 'Ocozocoautla de Espinosa'),
('7', '62', 'Ostuac?n'),
('7', '63', 'Osumacinta'),
('7', '64', 'Oxchuc'),
('7', '65', 'Palenque'),
('7', '66', 'Pantelh?'),
('7', '67', 'Pantepec'),
('7', '68', 'Pichucalco'),
('7', '69', 'Pijijiapan'),
('7', '72', 'Pueblo Nuevo Solistahuac?n'),
('7', '73', 'Ray?n'),
('7', '74', 'Reforma'),
('7', '76', 'Sabanilla'),
('7', '77', 'Salto de Agua'),
('7', '118', 'San Andr?s Duraznal'),
('7', '78', 'San Cristobal de las Casas'),
('7', '79', 'San Fernando'),
('7', '112', 'San Juan Cancuc'),
('7', '110', 'San Lucas'),
('7', '119', 'Santiago el Pinar'),
('7', '80', 'Siltepec'),
('7', '81', 'Simojovel'),
('7', '82', 'Sital?\r\n7'),
('7', '84', 'Solosuchiapa'),
('7', '85', 'Soyal?'),
('7', '86', 'Suchiapa'),
('7', '87', 'Suchiate'),
('7', '88', 'Sunuapa'),
('7', '89', 'Tapachula'),
('7', '90', 'Tapalapa'),
('7', '91', 'Tapilula'),
('7', '92', 'Tecpat?n'),
('7', '93', 'Tenejapa'),
('7', '94', 'Teopisca'),
('7', '96', 'Tila'),
('7', '97', 'Tonal?\r\n7'),
('7', '100', 'Tumbal?\r\n7'),
('7', '101', 'Tuxtla Guti?rrez'),
('7', '103', 'Tuzant?n'),
('7', '104', 'Tzimol'),
('7', '105', 'Uni?n Ju?rez'),
('7', '106', 'Venustiano Carranza'),
('7', '71', 'Villa Comaltitlan'),
('7', '107', 'Villa Corzo'),
('7', '108', 'Villaflores'),
('7', '109', 'Yajal?n'),
('7', '111', 'Zinacant?n'),
('8', '1', 'Ahumada'),
('8', '2', 'Aldama'),
('8', '3', 'Allende'),
('8', '4', 'Aquiles Serd?n'),
('8', '5', 'Ascensi?n'),
('8', '6', 'Bach?niva'),
('8', '7', 'Balleza'),
('8', '8', 'Batopilas'),
('8', '9', 'Bocoyna'),
('8', '10', 'Buenaventura'),
('8', '11', 'Camargo'),
('8', '12', 'Carich?\r\n8'),
('8', '19', 'Chihuahua'),
('8', '20', 'Ch?nipas'),
('8', '14', 'Coronado'),
('8', '15', 'Coyame del Sotol'),
('8', '17', 'Cuauht?moc'),
('8', '18', 'Cusihuiriachi'),
('8', '21', 'Delicias'),
('8', '22', 'Dr. Belisario Dom?nguez'),
('8', '64', 'El Tule'),
('8', '25', 'G?mez Far?as'),
('8', '23', 'Galeana'),
('8', '26', 'Gran Morelos'),
('8', '27', 'Guachochi'),
('8', '28', 'Guadalupe'),
('8', '29', 'Guadalupe y Calvo'),
('8', '30', 'Guazapares'),
('8', '31', 'Guerrero'),
('8', '32', 'Hidalgo del Parral'),
('8', '33', 'Huejotit?n'),
('8', '34', 'Ignacio Zaragoza'),
('8', '35', 'Janos'),
('8', '36', 'Jim?nez'),
('8', '37', 'Ju?rez'),
('8', '38', 'Julimes'),
('8', '39', 'L?pez'),
('8', '16', 'La Cruz'),
('8', '40', 'Madera'),
('8', '41', 'Maguarichi'),
('8', '42', 'Manuel Benavides'),
('8', '43', 'Matach?\r\n8'),
('8', '45', 'Meoqui'),
('8', '46', 'Morelos'),
('8', '47', 'Moris'),
('8', '48', 'Namiquipa'),
('8', '49', 'Nonoava'),
('8', '50', 'Nuevo Casas Grandes'),
('8', '51', 'Ocampo'),
('8', '52', 'Ojinaga'),
('8', '53', 'Praxedis G. Guerrero'),
('8', '54', 'Riva Palacio'),
('8', '55', 'Rosales'),
('8', '56', 'Rosario'),
('8', '57', 'San Francisco de Borja'),
('8', '58', 'San Francisco de Conchos'),
('8', '59', 'San Francisco del Oro'),
('8', '60', 'Santa B?rbara'),
('8', '24', 'Santa Isabel'),
('8', '61', 'Satev?'),
('8', '62', 'Saucillo'),
('8', '63', 'Tem?sachi'),
('8', '65', 'Urique'),
('8', '66', 'Uruachi'),
('8', '67', 'Valle de Zaragoza'),
('9', '10', '?lvaro Obreg?n'),
('9', '2', 'Azcapotzalco'),
('9', '14', 'Benito Ju?rez'),
('9', '3', 'Coyoac?n'),
('9', '4', 'Cuajimalpa de Morelos'),
('9', '15', 'Cuauht?moc'),
('9', '5', 'Gustavo A. Madero'),
('9', '6', 'Iztacalco'),
('9', '7', 'Iztapalapa'),
('9', '8', 'La Magdalena Contreras'),
('9', '16', 'Miguel Hidalgo'),
('9', '9', 'Milpa Alta'),
('9', '11', 'Tl?huac'),
('9', '12', 'Tlalpan'),
('9', '17', 'Venustiano Carranza'),
('9', '13', 'Xochimilco');

-- --------------------------------------------------------

--
-- Estructura de tabla para la tabla `co_agr_nucleoagrario`
--

CREATE TABLE `co_agr_nucleoagrario` (
  `idNucleoAgrario` int(11) NOT NULL,
  `bienesComunales` tinyint(1) DEFAULT NULL,
  `Ejido` tinyint(1) DEFAULT NULL,
  `IdTipoColectivoOrganizacion` int(11) DEFAULT NULL
) ENGINE=InnoDB DEFAULT CHARSET=utf8;

--
-- Volcado de datos para la tabla `co_agr_nucleoagrario`
--

INSERT INTO `co_agr_nucleoagrario` (`idNucleoAgrario`, `bienesComunales`, `Ejido`, `IdTipoColectivoOrganizacion`) VALUES
(1, 1, 1, 8),
(2, 1, 1, 8),
(3, 1, 1, 9),
(4, 1, 1, 10),
(5, 1, 1, 11),
(6, 1, 1, 12),
(7, 1, 1, 13),
(8, 1, 1, 14),
(9, 0, 0, 15),
(10, 0, 0, 16),
(11, 0, 0, 18),
(12, 0, 0, 18),
(13, 0, 0, 20),
(14, 0, 0, 20),
(15, 0, 0, 21),
(16, 0, 0, 22),
(17, 0, 0, 24),
(18, 0, 0, 24),
(19, 0, 0, 26),
(20, 0, 0, 26),
(21, 0, 0, 29),
(22, 0, 0, 29),
(23, 0, 0, 29),
(24, 0, 0, 32),
(25, 0, 0, 32),
(26, 0, 0, 32),
(27, 0, 0, 33),
(28, 0, 0, 34),
(29, 0, 0, 35),
(30, 0, 0, 36),
(31, 0, 0, 37),
(32, 0, 0, 38),
(33, 0, 0, 40),
(34, 0, 0, 40),
(35, 0, 0, 41),
(36, 0, 0, 42),
(37, 0, 0, 43),
(38, 0, 0, 44),
(39, 0, 0, 45),
(40, 0, 0, 46),
(41, 0, 0, 47),
(42, 0, 0, 48),
(43, 0, 0, 49),
(44, 0, 0, 50),
(45, 0, 0, 51),
(46, 0, 0, 52),
(47, 0, 0, 53),
(48, 0, 0, 54),
(49, 0, 0, 55),
(50, 0, 0, 56),
(51, 0, 0, 58),
(52, 0, 0, 58),
(53, 0, 0, 59),
(54, 0, 0, 60),
(55, 0, 0, 62),
(56, 0, 0, 62),
(57, 0, 0, 64),
(58, 0, 0, 64),
(59, 0, 0, 65),
(60, 0, 0, 66),
(61, 0, 0, 67),
(62, 0, 0, 68),
(63, 0, 0, 69),
(64, 0, 0, 70),
(65, 0, 0, 71),
(66, 0, 0, 72),
(67, 0, 0, 73),
(68, 0, 0, 74),
(69, 0, 0, 75),
(70, 0, 0, 76),
(71, 0, 0, 77),
(72, 0, 0, 78),
(73, 0, 0, 79),
(74, 0, 0, 80),
(75, 0, 0, 81),
(76, 0, 0, 82),
(77, 0, 0, 83),
(78, 0, 0, 85),
(79, 0, 0, 85),
(80, 0, 0, 86),
(81, 0, 0, 87),
(82, 0, 0, 88),
(83, 0, 0, 89),
(84, 0, 0, 90),
(85, 0, 0, 91),
(86, 0, 0, 92),
(87, 0, 0, 93),
(88, 0, 0, 94),
(89, 0, 0, 95),
(90, 0, 0, 96),
(91, 0, 0, 97),
(92, 0, 0, 98),
(93, 0, 0, 99),
(94, 0, 0, 100),
(95, 0, 0, 101),
(96, 0, 0, 102),
(97, 0, 0, 103),
(98, 0, 0, 104),
(99, 0, 0, 105),
(100, 0, 0, 106),
(101, 0, 0, 107),
(102, 0, 0, 108),
(103, 0, 0, 109),
(104, 0, 0, 110),
(105, 0, 0, 111),
(106, 0, 0, 112),
(107, 0, 0, 113),
(108, 0, 0, 114),
(109, 0, 0, 115),
(110, 0, 0, 116),
(111, 0, 0, 117),
(112, 0, 0, 118),
(113, 0, 0, 119),
(114, 0, 0, 120),
(115, 0, 0, 121),
(116, 0, 0, 122),
(117, 0, 0, 123),
(118, 0, 0, 124),
(119, 0, 0, 125),
(120, 0, 0, 126),
(121, 0, 0, 127),
(122, 0, 0, 128),
(123, 0, 0, 129),
(124, 0, 0, 130),
(125, 0, 0, 131),
(126, 0, 0, 132),
(127, 0, 0, 133),
(128, 0, 0, 134),
(129, 0, 0, 135),
(130, 0, 0, 136),
(131, 0, 0, 137),
(132, 0, 0, 138),
(133, 0, 0, 139),
(134, 0, 0, 140),
(135, 0, 0, 141),
(136, 0, 0, 142),
(137, 0, 0, 143),
(138, 0, 0, 144),
(139, 0, 0, 145),
(140, 0, 0, 146),
(141, 0, 0, 147),
(142, 0, 0, 148),
(143, 0, 0, 149),
(144, 0, 0, 150),
(145, 0, 0, 151),
(146, 0, 0, 152),
(147, 0, 0, 153),
(148, 0, 0, 154),
(149, 0, 0, 155),
(150, 0, 0, 156),
(151, 1, 1, 157),
(152, 1, 1, 158),
(153, 1, 1, 159),
(154, 1, 1, 160),
(155, 1, 1, 161),
(156, 1, 1, 162),
(157, 1, 1, 163),
(158, 1, 1, 164),
(159, 0, 0, 165),
(160, 0, 0, 166),
(161, 0, 0, 167),
(162, 0, 0, 168),
(163, 0, 0, 169),
(164, 0, 0, 170),
(165, 0, 0, 171),
(166, 0, 0, 172),
(167, 0, 0, 173),
(168, 0, 0, 174),
(169, 0, 0, 175),
(170, 0, 0, 176),
(171, 0, 0, 177),
(172, 0, 0, 178),
(173, 0, 0, 179),
(174, 0, 0, 180),
(175, 0, 0, 181),
(176, 0, 0, 182),
(177, 0, 0, 183),
(178, 0, 0, 184),
(179, 0, 0, 185),
(180, 0, 0, 186),
(181, 0, 0, 187),
(182, 0, 0, 188),
(183, 1, 1, 189),
(184, 1, 1, 190);

-- --------------------------------------------------------

--
-- Estructura de tabla para la tabla `co_agr_politica`
--

CREATE TABLE `co_agr_politica` (
  `idPolitica` int(45) NOT NULL,
  `PoliticaActualFavor` mediumtext DEFAULT NULL,
  `PoliticaActualLimitada` mediumtext DEFAULT NULL,
  `PoliticaFaltante` mediumtext DEFAULT NULL,
  `idEntrevista` int(11) DEFAULT NULL
) ENGINE=InnoDB DEFAULT CHARSET=utf8;

--
-- Volcado de datos para la tabla `co_agr_politica`
--

INSERT INTO `co_agr_politica` (`idPolitica`, `PoliticaActualFavor`, `PoliticaActualLimitada`, `PoliticaFaltante`, `idEntrevista`) VALUES
(1, 'csd', 'vsd', 'vd', 33),
(2, 'polÃ­tica publica 1', 'polÃ­tica publica 2', 'polÃ­tica publica 3', 34),
(3, 'polÃ­tica publica 1', 'polÃ­tica publica 2', 'polÃ­tica publica 3', 35),
(4, 'polÃ­tica publica 1', 'polÃ­tica publica 2', 'polÃ­tica publica 3', 36),
(5, 'polÃ­tica publica 1', 'polÃ­tica publica 2', 'polÃ­tica publica 3', 37),
(6, 'polÃ­tica publica 1', 'polÃ­tica publica 2', 'polÃ­tica publica 3', 38),
(7, 'polÃ­tica publica 1', 'polÃ­tica publica 2', 'polÃ­tica publica 3', 39),
(8, '', '', '', 40),
(9, '', '', '', 41),
(10, '', '', '', 43),
(11, '', '', '', 43),
(12, '', '', '', 45),
(13, '', '', '', 45),
(14, '', '', '', 46),
(15, '', '', '', 47),
(16, '', '', '', 49),
(17, '', '', '', 49),
(18, '', '', '', 51),
(19, '', '', '', 51),
(20, '', '', '', 54),
(21, '', '', '', 54),
(22, '', '', '', 56),
(23, '', '', '', 57),
(24, '', '', '', 57),
(25, '', '', '', 57),
(26, '', '', '', 58),
(27, '', '', '', 59),
(28, '', '', '', 60),
(29, '', '', '', 61),
(30, '', '', '', 62),
(31, '', '', '', 63),
(32, '', '', '', 65),
(33, '', '', '', 66),
(34, '', '', '', 67),
(35, '', '', '', 67),
(36, '', '', '', 68),
(37, '', '', '', 69),
(38, '', '', '', 70),
(39, '', '', '', 71),
(40, '', '', '', 72),
(41, '', '', '', 73),
(42, '', '', '', 75),
(43, '', '', '', 76),
(44, '', '', '', 77),
(45, '', '', '', 78),
(46, '', '', '', 79),
(47, '', '', '', 81),
(48, '', '', '', 83),
(49, '', '', '', 83),
(50, '', '', '', 84),
(51, '', '', '', 84),
(52, '', '', '', 86),
(53, '', '', '', 87),
(54, '', '', '', 87),
(55, '', '', '', 88),
(56, '', '', '', 89),
(57, '', '', '', 89),
(58, '', '', '', 90),
(59, '', '', '', 91),
(60, '', '', '', 92),
(61, '', '', '', 93),
(62, '', '', '', 94),
(63, '', '', '', 95),
(64, '', '', '', 96),
(65, '', '', '', 97),
(66, '', '', '', 98),
(67, '', '', '', 99),
(68, '', '', '', 100),
(69, '', '', '', 101),
(70, '', '', '', 102),
(71, '', '', '', 103),
(72, '', '', '', 104),
(73, '', '', '', 105),
(74, '', '', '', 106),
(75, '', '', '', 107),
(76, '', '', '', 109),
(77, '', '', '', 111),
(78, '', '', '', 111),
(79, '', '', '', 112),
(80, '', '', '', 113),
(81, '', '', '', 113),
(82, '', '', '', 114),
(83, '', '', '', 115),
(84, '', '', '', 116),
(85, '', '', '', 117),
(86, '', '', '', 118),
(87, '', '', '', 119),
(88, '', '', '', 120),
(89, '', '', '', 121),
(90, '', '', '', 122),
(91, '', '', '', 123),
(92, '', '', '', 124),
(93, '', '', '', 125),
(94, '', '', '', 126),
(95, '', '', '', 127),
(96, '', '', '', 128),
(97, '', '', '', 129),
(98, '', '', '', 130),
(99, '', '', '', 131),
(100, '', '', '', 132),
(101, '', '', '', 133),
(102, '', '', '', 134),
(103, '', '', '', 135),
(104, '', '', '', 136),
(105, '', '', '', 137),
(106, '', '', '', 138),
(107, '', '', '', 139),
(108, '', '', '', 140),
(109, '', '', '', 141),
(110, '', '', '', 142),
(111, '', '', '', 143),
(112, '', '', '', 144),
(113, '', '', '', 145),
(114, '', '', '', 146),
(115, '', '', '', 147),
(116, '', '', '', 148),
(117, '', '', '', 149),
(118, '', '', '', 150),
(119, '', '', '', 151),
(120, '', '', '', 152),
(121, '', '', '', 153),
(122, '', '', '', 154),
(123, '', '', '', 155),
(124, '', '', '', 156),
(125, '', '', '', 157),
(126, '', '', '', 158),
(127, '', '', '', 159),
(128, '', '', '', 160),
(129, '', '', '', 161),
(130, '', '', '', 162),
(131, '', '', '', 163),
(132, '', '', '', 164),
(133, '', '', '', 165),
(134, '', '', '', 166),
(135, '', '', '', 167),
(136, '', '', '', 168),
(137, '', '', '', 169),
(138, '', '', '', 170),
(139, '', '', '', 171),
(140, '', '', '', 172),
(141, '', '', '', 173),
(142, '', '', '', 174),
(143, '', '', '', 175),
(144, '', '', '', 176),
(145, '', '', '', 177),
(146, '', '', '', 178),
(147, '', '', '', 179),
(148, '', '', '', 180),
(149, '', '', '', 181),
(150, '', '', '', 182),
(151, '', '', '', 183),
(152, '', '', '', 184),
(153, '', '', '', 185),
(154, '', '', '', 186),
(155, '', '', '', 187),
(156, '', '', '', 188),
(157, '', '', '', 189),
(158, '', '', '', 190),
(159, '', '', '', 191),
(160, '', '', '', 192),
(161, '', '', '', 193),
(162, '', '', '', 194),
(163, '', '', '', 195),
(164, '', '', '', 196),
(165, '', '', '', 197),
(166, '', '', '', 198),
(167, '', '', '', 199),
(168, '', '', '', 200),
(169, '', '', '', 201),
(170, '', '', '', 202),
(171, '', '', '', 203),
(172, '', '', '', 204),
(173, '', '', '', 205),
(174, '', '', '', 206),
(175, '', '', '', 207),
(176, '', '', '', 208),
(177, '', '', '', 209),
(178, '', '', '', 210),
(179, '', '', '', 211),
(180, '', '', '', 212),
(181, '', '', '', 213),
(182, 'sdfghjkl', 'sdfghjk', 'sdfghjmk', 214),
(183, 'sdfghjkl', 'sdfghjk', 'sdfghjmk', 215),
(184, 'muestra112', 'muestra212', 'muestra312', 239),
(185, '', '', '', 239),
(186, '', '', '', 239),
(187, '', '', '', 243);

-- --------------------------------------------------------

--
-- Estructura de tabla para la tabla `co_agr_practicas`
--

CREATE TABLE `co_agr_practicas` (
  `idPracticas` int(45) NOT NULL,
  `MejoraGenetico` tinyint(1) DEFAULT NULL,
  `NutriAnimal` tinyint(1) DEFAULT NULL,
  `PracticaSaludAni` tinyint(1) DEFAULT NULL,
  `VeterinariaAni` tinyint(1) DEFAULT NULL,
  `Homeopatia` tinyint(1) NOT NULL,
  `idSistemaProduAni` int(45) NOT NULL
) ENGINE=InnoDB DEFAULT CHARSET=utf16 COLLATE=utf16_bin;

-- --------------------------------------------------------

--
-- Estructura de tabla para la tabla `co_agr_produccion`
--

CREATE TABLE `co_agr_produccion` (
  `idProduccion` int(11) NOT NULL,
  `Semillas` tinyint(1) DEFAULT NULL,
  `Insumos` tinyint(1) DEFAULT NULL,
  `idCooperativa` int(11) DEFAULT NULL
) ENGINE=InnoDB DEFAULT CHARSET=utf8;

--
-- Volcado de datos para la tabla `co_agr_produccion`
--

INSERT INTO `co_agr_produccion` (`idProduccion`, `Semillas`, `Insumos`, `idCooperativa`) VALUES
(1, 1, 1, NULL),
(2, 1, 1, 2),
(3, 1, 1, 3),
(4, 1, 1, 4),
(5, 1, 1, 5),
(6, 1, 1, 6),
(7, 0, 0, 7),
(8, 0, 0, 8),
(9, 0, 0, 9),
(10, 0, 0, 10),
(11, 0, 0, 11),
(12, 0, 0, 12),
(13, 0, 0, 13),
(14, 0, 0, 14),
(15, 0, 0, 15),
(16, 0, 0, 16),
(17, 0, 0, 17),
(18, 0, 0, 18),
(19, 0, 0, 19),
(20, 0, 0, 20),
(21, 0, 0, 21),
(22, 0, 0, 22),
(23, 0, 0, 24),
(24, 0, 0, 24),
(25, 0, 0, 26),
(26, 0, 0, 26),
(27, 0, 0, 27),
(28, 0, 0, 28),
(29, 0, 0, 29),
(30, 0, 0, 30),
(31, 0, 0, 31),
(32, 0, 0, 32),
(33, 0, 0, 33),
(34, 0, 0, 34),
(35, 0, 0, 35),
(36, 0, 0, 36),
(37, 0, 0, 38),
(38, 0, 0, 38),
(39, 0, 0, 39),
(40, 0, 0, 40),
(41, 0, 0, 41),
(42, 0, 0, 42),
(43, 0, 0, 43),
(44, 0, 0, 44),
(45, 0, 0, 45),
(46, 0, 0, 46),
(47, 0, 0, 47),
(48, 0, 0, 48),
(49, 0, 0, 49),
(50, 0, 0, 50),
(51, 0, 0, 51),
(52, 0, 0, 52),
(53, 0, 0, 53),
(54, 0, 0, 54),
(55, 0, 0, 55),
(56, 0, 0, 56),
(57, 0, 0, 57),
(58, 0, 0, 58),
(59, 0, 0, 59),
(60, 0, 0, 60),
(61, 0, 0, 61),
(62, 0, 0, 62),
(63, 0, 0, 63),
(64, 0, 0, 64),
(65, 0, 0, 65),
(66, 0, 0, 66),
(67, 0, 0, 67),
(68, 0, 0, 68),
(69, 0, 0, 69),
(70, 0, 0, 70),
(71, 0, 0, 71),
(72, 0, 0, 72),
(73, 0, 0, 73),
(74, 0, 0, 74),
(75, 0, 0, 75),
(76, 0, 0, 76),
(77, 0, 0, 77),
(78, 0, 0, 78),
(79, 0, 0, 79),
(80, 0, 0, 80),
(81, 0, 0, 81),
(82, 0, 0, 82),
(83, 0, 0, 83),
(84, 0, 0, 84),
(85, 0, 0, 85),
(86, 0, 0, 86),
(87, 0, 0, 87),
(88, 0, 0, 88),
(89, 0, 0, 89),
(90, 0, 0, 90),
(91, 0, 0, 91),
(92, 0, 0, 92),
(93, 0, 0, 93),
(94, 0, 0, 94),
(95, 0, 0, 95),
(96, 0, 0, 96),
(97, 0, 0, 97),
(98, 0, 0, 98),
(99, 0, 0, 99),
(100, 0, 0, 100),
(101, 0, 0, 101),
(102, 0, 0, 102),
(103, 0, 0, 103),
(104, 0, 0, 104),
(105, 0, 0, 105),
(106, 0, 0, 106),
(107, 0, 0, 107),
(108, 0, 0, 108),
(109, 0, 0, 109),
(110, 0, 0, 110),
(111, 0, 0, 111),
(112, 0, 0, 112),
(113, 0, 0, 113),
(114, 0, 0, 114),
(115, 0, 0, 115),
(116, 0, 0, 116),
(117, 0, 0, 117),
(118, 0, 0, 118),
(119, 0, 0, 119),
(120, 0, 0, 120),
(121, 0, 0, 121),
(122, 0, 0, 122),
(123, 0, 0, 123),
(124, 0, 0, 124),
(125, 0, 0, 125),
(126, 0, 0, 126),
(127, 0, 0, 127),
(128, 0, 0, 128),
(129, 0, 0, 129),
(130, 0, 0, 130),
(131, 0, 0, 131),
(132, 0, 0, 132),
(133, 0, 0, 133),
(134, 0, 0, 134),
(135, 0, 0, 135),
(136, 0, 0, 136),
(137, 0, 0, 137),
(138, 0, 0, 138),
(139, 0, 0, 139),
(140, 0, 0, 140),
(141, 0, 0, 141),
(142, 0, 0, 142),
(143, 0, 0, 143),
(144, 0, 0, 144),
(145, 0, 0, 145),
(146, 0, 0, 146),
(147, 0, 0, 147),
(148, 0, 0, 148),
(149, 0, 0, 149),
(150, 0, 0, 150),
(151, 0, 0, 151),
(152, 0, 0, 152),
(153, 0, 0, 153),
(154, 0, 0, 154),
(155, 0, 0, 155),
(156, 0, 0, 156),
(157, 0, 0, 157),
(158, 0, 0, 158),
(159, 0, 0, 159),
(160, 0, 0, 160),
(161, 0, 0, 161),
(162, 0, 0, 162),
(163, 0, 0, 163),
(164, 0, 0, 164),
(165, 0, 0, 165),
(166, 0, 0, 166),
(167, 0, 0, 167),
(168, 0, 0, 168),
(169, 0, 0, 169),
(170, 0, 0, 170),
(171, 0, 0, 171),
(172, 0, 0, 172),
(173, 0, 0, 173),
(174, 0, 0, 174),
(175, 0, 0, 175),
(176, 0, 0, 176),
(177, 0, 0, 177),
(178, 0, 0, 178),
(179, 0, 0, 179),
(180, 0, 0, 180),
(181, 0, 0, 181),
(182, 0, 0, 182),
(183, 0, 0, 183),
(184, 0, 0, 184),
(185, 0, 0, 185),
(186, 0, 0, 186),
(187, 0, 0, 187),
(188, 0, 0, 188);

-- --------------------------------------------------------

--
-- Estructura de tabla para la tabla `co_agr_producinterinstalaciones`
--

CREATE TABLE `co_agr_producinterinstalaciones` (
  `idProducInterInstalaciones` int(45) NOT NULL,
  `ProducInterInsta` tinyint(1) DEFAULT NULL,
  `OtroProducInterInstal` varchar(45) COLLATE utf8_bin NOT NULL,
  `idSistemaProduccionAni` int(45) NOT NULL
) ENGINE=InnoDB DEFAULT CHARSET=utf8 COLLATE=utf8_bin;

-- --------------------------------------------------------

--
-- Estructura de tabla para la tabla `co_agr_productosforestales`
--

CREATE TABLE `co_agr_productosforestales` (
  `idProductosForestales` int(11) NOT NULL,
  `ProductoMaderable` tinyint(1) DEFAULT NULL,
  `ProductoNoMaderable` tinyint(1) DEFAULT NULL,
  `Otro` varchar(100) CHARACTER SET latin1 DEFAULT NULL,
  `idAreaTrabajo` int(11) DEFAULT NULL
) ENGINE=InnoDB DEFAULT CHARSET=utf8;

--
-- Volcado de datos para la tabla `co_agr_productosforestales`
--

INSERT INTO `co_agr_productosforestales` (`idProductosForestales`, `ProductoMaderable`, `ProductoNoMaderable`, `Otro`, `idAreaTrabajo`) VALUES
(1, 1, 1, 'productos', 33),
(2, 1, 1, 'Productos forestales', 34),
(3, 1, 1, 'Productos forestales', 35),
(4, 1, 1, 'Productos forestales', 36),
(5, 1, 1, 'Productos forestales', 37),
(6, 1, 1, 'Productos forestales', 38),
(7, 1, 1, 'Productos forestales', 39),
(8, 0, 0, '', 40),
(9, 0, 0, '', 41),
(10, 0, 0, '', 43),
(11, 0, 0, '', 43),
(12, 0, 0, '', 45),
(13, 0, 0, '', 45),
(14, 0, 0, '', 46),
(15, 0, 0, '', 47),
(16, 0, 0, '', 49),
(17, 0, 0, '', 49),
(18, 0, 0, '', 51),
(19, 0, 0, '', 51),
(20, 0, 0, '', 54),
(21, 0, 0, '', 54),
(22, 0, 0, '', 54),
(23, 0, 0, '', 57),
(24, 0, 0, '', 57),
(25, 0, 0, '', 57),
(26, 0, 0, '', 58),
(27, 0, 0, '', 59),
(28, 0, 0, '', 60),
(29, 0, 0, '', 61),
(30, 0, 0, '', 62),
(31, 0, 0, '', 63),
(32, 0, 0, '', 65),
(33, 0, 0, '', 65),
(34, 0, 0, '', 67),
(35, 0, 0, '', 67),
(36, 0, 0, '', 68),
(37, 0, 0, '', 69),
(38, 0, 0, '', 70),
(39, 0, 0, '', 71),
(40, 0, 0, '', 72),
(41, 0, 0, '', 73),
(42, 0, 0, '', 75),
(43, 0, 0, '', 75),
(44, 0, 0, '', 77),
(45, 0, 0, '', 77),
(46, 0, 0, '', 78),
(47, 0, 0, '', 80),
(48, 0, 0, '', 81),
(49, 0, 0, '', 83),
(50, 0, 0, '', 83),
(51, 0, 0, '', 83),
(52, 0, 0, '', 85),
(53, 0, 0, '', 87),
(54, 0, 0, '', 87),
(55, 0, 0, '', 87),
(56, 0, 0, '', 89),
(57, 0, 0, '', 89),
(58, 0, 0, '', 90),
(59, 0, 0, '', 91),
(60, 0, 0, '', 92),
(61, 0, 0, '', 93),
(62, 0, 0, '', 94),
(63, 0, 0, '', 95),
(64, 0, 0, '', 96),
(65, 0, 0, '', 97),
(66, 0, 0, '', 98),
(67, 0, 0, '', 99),
(68, 0, 0, '', 100),
(69, 0, 0, '', 101),
(70, 0, 0, '', 102),
(71, 0, 0, '', 103),
(72, 0, 0, '', 104),
(73, 0, 0, '', 105),
(74, 0, 0, '', 106),
(75, 0, 0, '', 107),
(76, 0, 0, '', 108),
(77, 0, 0, '', 111),
(78, 0, 0, '', 111),
(79, 0, 0, '', 111),
(80, 0, 0, '', 113),
(81, 0, 0, '', 113),
(82, 0, 0, '', 114),
(83, 0, 0, '', 115),
(84, 0, 0, '', 116),
(85, 0, 0, '', 117),
(86, 0, 0, '', 118),
(87, 0, 0, '', 119),
(88, 0, 0, '', 120),
(89, 0, 0, '', 121),
(90, 0, 0, '', 122),
(91, 0, 0, '', 123),
(92, 0, 0, '', 124),
(93, 0, 0, '', 125),
(94, 0, 0, '', 126),
(95, 0, 0, '', 127),
(96, 0, 0, '', 128),
(97, 0, 0, '', 129),
(98, 0, 0, '', 130),
(99, 0, 0, '', 131),
(100, 0, 0, '', 132),
(101, 0, 0, '', 133),
(102, 0, 0, '', 134),
(103, 0, 0, '', 135),
(104, 0, 0, '', 136),
(105, 0, 0, '', 137),
(106, 0, 0, '', 138),
(107, 0, 0, '', 139),
(108, 0, 0, '', 140),
(109, 0, 0, '', 141),
(110, 0, 0, '', 142),
(111, 0, 0, '', 143),
(112, 0, 0, '', 144),
(113, 0, 0, '', 145),
(114, 0, 0, '', 146),
(115, 0, 0, '', 147),
(116, 0, 0, '', 148),
(117, 0, 0, '', 149),
(118, 0, 0, '', 150),
(119, 0, 0, '', 151),
(120, 0, 0, '', 152),
(121, 0, 0, '', 153),
(122, 0, 0, '', 154),
(123, 0, 0, '', 155),
(124, 0, 0, '', 156),
(125, 0, 0, '', 157),
(126, 0, 0, '', 158),
(127, 0, 0, '', 159),
(128, 0, 0, '', 160),
(129, 0, 0, '', 161),
(130, 0, 0, '1', 162),
(131, 0, 0, '1', 163),
(132, 0, 0, '1', 164),
(133, 0, 0, '1', 165),
(134, 0, 0, '1', 166),
(135, 0, 0, '1', 167),
(136, 0, 0, '1', 168),
(137, 0, 0, '1', 169),
(138, 0, 0, '1', 170),
(139, 0, 0, '1', 171),
(140, 0, 0, '1', 172),
(141, 0, 0, '1', 173),
(142, 0, 0, '1', 174),
(143, 0, 0, '1', 175),
(144, 0, 0, '1', 176),
(145, 0, 0, '1', 177),
(146, 0, 0, '1', 178),
(147, 0, 0, '1', 179),
(148, 0, 0, '1', 180),
(149, 0, 0, '1', 181),
(150, 0, 0, 'Productos forestales', 182),
(151, 0, 0, 'Productos forestales', 183),
(152, 0, 0, 'Productos forestales', 184),
(153, 0, 0, 'Productos forestales', 185),
(154, 0, 0, 'Productos forestales', 186),
(155, 0, 0, 'Productos forestales', 187),
(156, 0, 0, 'Productos forestales', 188),
(157, 0, 0, 'Productos forestales', 189),
(158, 0, 0, '', 190),
(159, 0, 0, '', 191),
(160, 0, 0, '', 192),
(161, 0, 0, '', 193),
(162, 0, 0, '', 194),
(163, 0, 0, '', 195),
(164, 0, 0, '', 196),
(165, 0, 0, '', 197),
(166, 0, 0, '', 198),
(167, 0, 0, '', 199),
(168, 0, 0, '', 200),
(169, 0, 0, '', 201),
(170, 0, 0, '', 202),
(171, 0, 0, '', 203),
(172, 0, 0, '', 204),
(173, 0, 0, '', 205),
(174, 0, 0, '', 206),
(175, 0, 0, '', 207),
(176, 0, 0, '', 208),
(177, 0, 0, '', 209),
(178, 0, 0, '', 210),
(179, 0, 0, '', 211),
(180, 0, 0, '', 212),
(181, 0, 0, '', 213),
(182, 1, 0, '', 214),
(183, 1, 0, '', 215);

-- --------------------------------------------------------

--
-- Estructura de tabla para la tabla `co_agr_proyect0pedago`
--

CREATE TABLE `co_agr_proyect0pedago` (
  `EducaciónAlimen` tinyint(1) DEFAULT NULL,
  `idProyectoPedago` int(45) NOT NULL,
  `idTrabajoJuventud` int(45) NOT NULL
) ENGINE=InnoDB DEFAULT CHARSET=utf8 COLLATE=utf8_bin;

-- --------------------------------------------------------

--
-- Estructura de tabla para la tabla `co_agr_redes`
--

CREATE TABLE `co_agr_redes` (
  `id_redes` int(11) NOT NULL,
  `RelacionTrabajo` tinytext CHARACTER SET utf16 COLLATE utf16_bin DEFAULT NULL,
  `FortalezaTrabajo` tinytext CHARACTER SET utf8 COLLATE utf8_bin DEFAULT NULL,
  `TransicionEscala` tinytext CHARACTER SET utf8 COLLATE utf8_bin DEFAULT NULL,
  `ObstaculosTransicion` tinytext CHARACTER SET utf16 COLLATE utf16_bin DEFAULT NULL,
  `idEntrevista` int(11) DEFAULT NULL
) ENGINE=InnoDB DEFAULT CHARSET=utf8;

--
-- Volcado de datos para la tabla `co_agr_redes`
--

INSERT INTO `co_agr_redes` (`id_redes`, `RelacionTrabajo`, `FortalezaTrabajo`, `TransicionEscala`, `ObstaculosTransicion`, `idEntrevista`) VALUES
(1, 'redes 1', 'redes 2', 'redes 3', 'redes 4', 33),
(2, 'redes 1', 'redes 2', 'redes 3', 'redes 4', 34),
(3, 'redes 1', 'redes 2', 'redes 3', 'redes 4', 35),
(4, 'redes 1', 'redes 2', 'redes 3', 'redes 4', 36),
(5, 'redes 1', 'redes 2', 'redes 3', 'redes 4', 37),
(6, 'redes 1', 'redes 2', 'redes 3', 'redes 4', 38),
(7, 'redes 1', 'redes 2', 'redes 3', 'redes 4', 39),
(8, '', '', '', '', 40),
(9, '', '', '', '', 41),
(10, '', '', '', '', 43),
(11, '', '', '', '', 43),
(12, '', '', '', '', 45),
(13, '', '', '', '', 45),
(14, '', '', '', '', 46),
(15, '', '', '', '', 47),
(16, '', '', '', '', 49),
(17, '', '', '', '', 49),
(18, '', '', '', '', 51),
(19, '', '', '', '', 51),
(20, '', '', '', '', 54),
(21, '', '', '', '', 54),
(22, '', '', '', '', 54),
(23, '', '', '', '', 57),
(24, '', '', '', '', 57),
(25, '', '', '', '', 57),
(26, '', '', '', '', 58),
(27, '', '', '', '', 59),
(28, '', '', '', '', 60),
(29, '', '', '', '', 61),
(30, '', '', '', '', 62),
(31, '', '', '', '', 63),
(32, '', '', '', '', 65),
(33, '', '', '', '', 66),
(34, '', '', '', '', 67),
(35, '', '', '', '', 67),
(36, '', '', '', '', 68),
(37, '', '', '', '', 69),
(38, '', '', '', '', 70),
(39, '', '', '', '', 71),
(40, '', '', '', '', 72),
(41, '', '', '', '', 73),
(42, '', '', '', '', 75),
(43, '', '', '', '', 76),
(44, '', '', '', '', 77),
(45, '', '', '', '', 78),
(46, '', '', '', '', 79),
(47, '', '', '', '', 81),
(48, '', '', '', '', 83),
(49, '', '', '', '', 83),
(50, '', '', '', '', 84),
(51, '', '', '', '', 84),
(52, '', '', '', '', 86),
(53, '', '', '', '', 87),
(54, '', '', '', '', 87),
(55, '', '', '', '', 87),
(56, '', '', '', '', 89),
(57, '', '', '', '', 89),
(58, '', '', '', '', 90),
(59, '', '', '', '', 91),
(60, '', '', '', '', 92),
(61, '', '', '', '', 93),
(62, '', '', '', '', 94),
(63, '', '', '', '', 95),
(64, '', '', '', '', 96),
(65, '', '', '', '', 97),
(66, '', '', '', '', 98),
(67, '', '', '', '', 99),
(68, '', '', '', '', 100),
(69, '', '', '', '', 101),
(70, '', '', '', '', 102),
(71, '', '', '', '', 103),
(72, '', '', '', '', 104),
(73, '', '', '', '', 105),
(74, '', '', '', '', 106),
(75, '', '', '', '', 107),
(76, '', '', '', '', 108),
(77, '', '', '', '', 111),
(78, '', '', '', '', 111),
(79, '', '', '', '', 112),
(80, '', '', '', '', 113),
(81, '', '', '', '', 113),
(82, '', '', '', '', 114),
(83, '', '', '', '', 115),
(84, '', '', '', '', 116),
(85, '', '', '', '', 117),
(86, '', '', '', '', 118),
(87, '', '', '', '', 119),
(88, '', '', '', '', 120),
(89, '', '', '', '', 121),
(90, '', '', '', '', 122),
(91, '', '', '', '', 123),
(92, '', '', '', '', 124),
(93, '', '', '', '', 125),
(94, '', '', '', '', 126),
(95, '', '', '', '', 127),
(96, '', '', '', '', 128),
(97, '', '', '', '', 129),
(98, '', '', '', '', 130),
(99, '', '', '', '', 131),
(100, '', '', '', '', 132),
(101, '', '', '', '', 133),
(102, '', '', '', '', 134),
(103, '', '', '', '', 135),
(104, '', '', '', '', 136),
(105, '', '', '', '', 137),
(106, '', '', '', '', 138),
(107, '', '', '', '', 139),
(108, '', '', '', '', 140),
(109, '', '', '', '', 141),
(110, '', '', '', '', 142),
(111, '', '', '', '', 143),
(112, '', '', '', '', 144),
(113, '', '', '', '', 145),
(114, '', '', '', '', 146),
(115, '', '', '', '', 147),
(116, '', '', '', '', 148),
(117, '', '', '', '', 149),
(118, '', '', '', '', 150),
(119, '', '', '', '', 151),
(120, '', '', '', '', 152),
(121, '', '', '', '', 153),
(122, '', '', '', '', 154),
(123, '', '', '', '', 155),
(124, '', '', '', '', 156),
(125, '', '', '', '', 157),
(126, '', '', '', '', 158),
(127, '', '', '', '', 159),
(128, '', '', '', '', 160),
(129, '', '', '', '', 161),
(130, '', '', '', '', 162),
(131, '', '', '', '', 163),
(132, '', '', '', '', 164),
(133, '', '', '', '', 165),
(134, '', '', '', '', 166),
(135, '', '', '', '', 167),
(136, '', '', '', '', 168),
(137, '', '', '', '', 169),
(138, '', '', '', '', 170),
(139, '', '', '', '', 171),
(140, '', '', '', '', 172),
(141, '', '', '', '', 173),
(142, '', '', '', '', 174),
(143, '', '', '', '', 175),
(144, '', '', '', '', 176),
(145, '', '', '', '', 177),
(146, '', '', '', '', 178),
(147, '', '', '', '', 179),
(148, '', '', '', '', 180),
(149, '', '', '', '', 181),
(150, '', '', '', '', 182),
(151, '', '', '', '', 183),
(152, '', '', '', '', 184),
(153, '', '', '', '', 185),
(154, '', '', '', '', 186),
(155, '', '', '', '', 187),
(156, '', '', '', '', 188),
(157, '', '', '', '', 189),
(158, '', '', '', '', 190),
(159, '', '', '', '', 191),
(160, '', '', '', '', 192),
(161, '', '', '', '', 193),
(162, '', '', '', '', 194),
(163, '', '', '', '', 195),
(164, '', '', '', '', 196),
(165, '', '', '', '', 197),
(166, '', '', '', '', 198),
(167, '', '', '', '', 199),
(168, '', '', '', '', 200),
(169, '', '', '', '', 201),
(170, '', '', '', '', 202),
(171, '', '', '', '', 203),
(172, '', '', '', '', 204),
(173, '', '', '', '', 205),
(174, '', '', '', '', 206),
(175, '', '', '', '', 207),
(176, '', '', '', '', 208),
(177, '', '', '', '', 209),
(178, '', '', '', '', 210),
(179, '', '', '', '', 211),
(180, '', '', '', '', 212),
(181, '', '', '', '', 213),
(182, 'sdfghjk', 'sdfgh', 'dsfgh', 'sfdg', 214),
(183, 'sdfghjk', 'sdfgh', 'dsfgh', 'sfdg', 215),
(189, '11m', '21m', '31m', '41m', 239),
(190, '', '', '', '', 239),
(191, '', '', '', '', 239),
(192, '', '', '', '', 243);

-- --------------------------------------------------------

--
-- Estructura de tabla para la tabla `co_agr_saludplantasmedicinales`
--

CREATE TABLE `co_agr_saludplantasmedicinales` (
  `idSaludPlantasMedicinales` int(11) NOT NULL,
  `Homepatia` tinyint(1) DEFAULT NULL,
  `Medicina` tinyint(1) DEFAULT NULL,
  `PreparadosBotanicos` tinyint(1) DEFAULT NULL,
  `RemedioCasero` tinyint(1) DEFAULT NULL,
  `NutricionAgri` tinyint(1) DEFAULT NULL,
  `Otro` varchar(45) CHARACTER SET latin1 DEFAULT NULL,
  `idAreaTrabajo` int(11) DEFAULT NULL
) ENGINE=InnoDB DEFAULT CHARSET=utf8;

--
-- Volcado de datos para la tabla `co_agr_saludplantasmedicinales`
--

INSERT INTO `co_agr_saludplantasmedicinales` (`idSaludPlantasMedicinales`, `Homepatia`, `Medicina`, `PreparadosBotanicos`, `RemedioCasero`, `NutricionAgri`, `Otro`, `idAreaTrabajo`) VALUES
(6, 0, NULL, NULL, NULL, NULL, NULL, NULL),
(7, 1, NULL, NULL, NULL, NULL, NULL, NULL),
(8, 1, NULL, NULL, NULL, NULL, NULL, NULL),
(9, 1, 1, NULL, NULL, NULL, NULL, NULL),
(10, 1, 1, 1, NULL, NULL, NULL, NULL),
(11, 1, 1, 1, 1, NULL, NULL, NULL),
(12, 1, 1, 1, 1, NULL, 'muestra', NULL),
(17, 1, 1, 1, 1, NULL, 'muestra', 33),
(18, 1, 1, 1, 1, NULL, 'muestra', 33),
(19, 1, 1, 1, 1, NULL, 'Salud y plantas medicinales', 34),
(20, 1, 1, 1, 1, NULL, 'Salud y plantas medicinales', 35),
(21, 1, 1, 1, 1, NULL, 'Salud y plantas medicinales', 36),
(22, 1, 1, 1, 1, NULL, 'Salud y plantas medicinales', 37),
(23, 1, 1, 1, 1, NULL, 'Salud y plantas medicinales', 38),
(24, 1, 1, 1, 1, NULL, 'Salud y plantas medicinales', 39),
(25, 0, 0, 0, 0, NULL, '', 40),
(26, 0, 0, 0, 0, NULL, '', 41),
(27, 0, 0, 0, 0, NULL, '', 43),
(28, 0, 0, 0, 0, NULL, '', 43),
(29, 0, 0, 0, 0, NULL, '', 45),
(30, 0, 0, 0, 0, NULL, '', 45),
(31, 0, 0, 0, 0, NULL, '', 46),
(32, 0, 0, 0, 0, NULL, '', 47),
(33, 0, 0, 0, 0, NULL, '', 49),
(34, 0, 0, 0, 0, NULL, '', 49),
(35, 0, 0, 0, 0, NULL, '', 51),
(36, 0, 0, 0, 0, NULL, '', 51),
(37, 0, 0, 0, 0, NULL, '', 52),
(38, 0, 0, 0, 0, NULL, '', 54),
(39, 0, 0, 0, 0, NULL, '', 54),
(40, 0, 0, 0, 0, NULL, '', 56),
(41, 0, 0, 0, 0, NULL, '', 56),
(42, 0, 0, 0, 0, NULL, '', 57),
(43, 0, 0, 0, 0, NULL, '', 58),
(44, 0, 0, 0, 0, NULL, '', 59),
(45, 0, 0, 0, 0, NULL, '', 60),
(46, 0, 0, 0, 0, NULL, '', 61),
(47, 0, 0, 0, 0, NULL, '', 62),
(48, 0, 0, 0, 0, NULL, '', 63),
(49, 0, 0, 0, 0, NULL, '', 65),
(50, 0, 0, 0, 0, NULL, '', 65),
(51, 0, 0, 0, 0, NULL, '', 66),
(52, 0, 0, 0, 0, NULL, '', 67),
(53, 0, 0, 0, 0, NULL, '', 68),
(54, 0, 0, 0, 0, NULL, '', 69),
(55, 0, 0, 0, 0, NULL, '', 70),
(56, 0, 0, 0, 0, NULL, '', 71),
(57, 0, 0, 0, 0, NULL, '', 72),
(58, 0, 0, 0, 0, NULL, '', 73),
(59, 0, 0, 0, 0, NULL, '', 74),
(60, 0, 0, 0, 0, NULL, '', 75),
(61, 0, 0, 0, 0, NULL, '', 76),
(62, 0, 0, 0, 0, NULL, '', 77),
(63, 0, 0, 0, 0, NULL, '', 78),
(64, 0, 0, 0, 0, NULL, '', 79),
(65, 0, 0, 0, 0, NULL, '', 80),
(66, 0, 0, 0, 0, NULL, '', 81),
(67, 0, 0, 0, 0, NULL, '', 83),
(68, 0, 0, 0, 0, NULL, '', 83),
(69, 0, 0, 0, 0, NULL, '', 84),
(70, 0, 0, 0, 0, NULL, '', 85),
(71, 0, 0, 0, 0, NULL, '', 86),
(72, 0, 0, 0, 0, NULL, '', 87),
(73, 0, 0, 0, 0, NULL, '', 88),
(74, 0, 0, 0, 0, NULL, '', 89),
(75, 0, 0, 0, 0, NULL, '', 90),
(76, 0, 0, 0, 0, NULL, '', 91),
(77, 0, 0, 0, 0, NULL, '', 92),
(78, 0, 0, 0, 0, NULL, '', 93),
(79, 0, 0, 0, 0, NULL, '', 94),
(80, 0, 0, 0, 0, NULL, '', 95),
(81, 0, 0, 0, 0, NULL, '', 96),
(82, 0, 0, 0, 0, NULL, '', 97),
(83, 0, 0, 0, 0, NULL, '', 98),
(84, 0, 0, 0, 0, NULL, '', 99),
(85, 0, 0, 0, 0, NULL, '', 100),
(86, 0, 0, 0, 0, NULL, '', 101),
(87, 0, 0, 0, 0, NULL, '', 102),
(88, 0, 0, 0, 0, NULL, '', 103),
(89, 0, 0, 0, 0, NULL, '', 104),
(90, 0, 0, 0, 0, NULL, '', 105),
(91, 0, 0, 0, 0, NULL, '', 106),
(92, 0, 0, 0, 0, NULL, '', 107),
(93, 0, 0, 0, 0, NULL, '', 108),
(94, 0, 0, 0, 0, NULL, '', 109),
(95, 0, 0, 0, 0, NULL, '', 110),
(96, 0, 0, 0, 0, NULL, '', 111),
(97, 0, 0, 0, 0, NULL, '', 112),
(98, 0, 0, 0, 0, NULL, '', 113),
(99, 0, 0, 0, 0, NULL, '', 114),
(100, 0, 0, 0, 0, NULL, '', 115),
(101, 0, 0, 0, 0, NULL, '', 116),
(102, 0, 0, 0, 0, NULL, '', 117),
(103, 0, 0, 0, 0, NULL, '', 118),
(104, 0, 0, 0, 0, NULL, '', 119),
(105, 0, 0, 0, 0, NULL, '', 120),
(106, 0, 0, 0, 0, NULL, '', 121),
(107, 0, 0, 0, 0, NULL, '', 122),
(108, 0, 0, 0, 0, NULL, '', 123),
(109, 0, 0, 0, 0, NULL, '', 124),
(110, 0, 0, 0, 0, NULL, '', 125),
(111, 0, 0, 0, 0, NULL, '', 126),
(112, 0, 0, 0, 0, NULL, '', 127),
(113, 0, 0, 0, 0, NULL, '', 128),
(114, 0, 0, 0, 0, NULL, '', 129),
(115, 0, 0, 0, 0, NULL, '', 130),
(116, 0, 0, 0, 0, NULL, '', 131),
(117, 0, 0, 0, 0, NULL, '', 132),
(118, 0, 0, 0, 0, NULL, '', 133),
(119, 0, 0, 0, 0, NULL, '', 134),
(120, 0, 0, 0, 0, NULL, '', 135),
(121, 0, 0, 0, 0, NULL, '', 136),
(122, 0, 0, 0, 0, NULL, '', 137),
(123, 0, 0, 0, 0, NULL, '', 138),
(124, 0, 0, 0, 0, NULL, '', 139),
(125, 0, 0, 0, 0, NULL, '', 140),
(126, 0, 0, 0, 0, NULL, '', 141),
(127, 0, 0, 0, 0, NULL, '1', 142),
(128, 0, 0, 0, 0, NULL, '1', 143),
(129, 0, 0, 0, 0, NULL, '1', 144),
(130, 0, 0, 0, 0, NULL, '1', 145),
(131, 0, 0, 0, 0, NULL, '1', 146),
(132, 0, 0, 0, 0, NULL, '1', 147),
(133, 0, 0, 0, 0, NULL, '1', 148),
(134, 0, 0, 0, 0, NULL, '1', 149),
(135, 0, 0, 0, 0, NULL, '1', 150),
(136, 0, 0, 0, 0, NULL, '1', 151),
(137, 0, 0, 0, 0, NULL, '1', 152),
(138, 0, 0, 0, 0, NULL, '1', 153),
(139, 0, 0, 0, 0, NULL, '1', 154),
(140, 0, 0, 0, 0, NULL, '1', 155),
(141, 0, 0, 0, 0, NULL, '1', 156),
(142, 0, 0, 0, 0, NULL, '1', 157),
(143, 0, 0, 0, 0, NULL, '1', 158),
(144, 0, 0, 0, 0, NULL, '1', 159),
(145, 0, 0, 0, 0, NULL, '1', 160),
(146, 0, 0, 0, 0, NULL, '1', 161),
(147, 0, 0, 0, 0, NULL, '1', 162),
(148, 0, 0, 0, 0, NULL, '1', 163),
(149, 0, 0, 0, 0, NULL, '1', 164),
(150, 0, 0, 0, 0, NULL, '1', 165),
(151, 0, 0, 0, 0, NULL, '1', 166),
(152, 0, 0, 0, 0, NULL, '1', 167),
(153, 0, 0, 0, 0, NULL, '1', 168),
(154, 0, 0, 0, 0, NULL, '1', 169),
(155, 0, 0, 0, 0, NULL, '1', 170),
(156, 0, 0, 0, 0, NULL, '1', 171),
(157, 0, 0, 0, 0, NULL, '1', 172),
(158, 0, 0, 0, 0, NULL, '1', 173),
(159, 0, 0, 0, 0, NULL, '1', 174),
(160, 0, 0, 0, 0, NULL, '1', 175),
(161, 0, 0, 0, 0, NULL, '1', 176),
(162, 0, 0, 0, 0, NULL, '1', 177),
(163, 0, 0, 0, 0, NULL, '1', 178),
(164, 0, 0, 0, 0, NULL, '1', 179),
(165, 0, 0, 0, 0, NULL, '1', 180),
(166, 0, 0, 0, 0, NULL, '1', 181),
(167, 0, 1, 0, 0, NULL, 'Salud y plantas medicinales', 182),
(168, 0, 1, 0, 0, NULL, 'Salud y plantas medicinales', 183),
(169, 0, 1, 0, 0, NULL, 'Salud y plantas medicinales', 184),
(170, 0, 1, 0, 0, NULL, 'Salud y plantas medicinales', 185),
(171, 0, 1, 0, 0, NULL, 'Salud y plantas medicinales', 186),
(172, 0, 1, 0, 0, NULL, 'Salud y plantas medicinales', 187),
(173, 0, 1, 0, 0, NULL, 'Salud y plantas medicinales', 188),
(174, 0, 1, 0, 0, NULL, 'Salud y plantas medicinales', 189),
(175, 1, 1, 0, 0, NULL, '', 190),
(176, 1, 1, 0, 0, NULL, '', 191),
(177, 0, 0, 0, 0, NULL, '', 192),
(178, 0, 0, 0, 0, NULL, '', 193),
(179, 0, 0, 0, 0, NULL, '', 194),
(180, 0, 0, 0, 0, NULL, '', 195),
(181, 0, 0, 0, 0, NULL, '', 196),
(182, 0, 0, 0, 0, NULL, '', 197),
(183, 0, 0, 0, 0, NULL, '', 198),
(184, 0, 0, 0, 0, NULL, '', 199),
(185, 0, 0, 0, 0, NULL, '', 200),
(186, 0, 0, 0, 0, NULL, '', 201),
(187, 0, 0, 0, 0, NULL, '', 202),
(188, 0, 0, 0, 0, NULL, '', 203),
(189, 0, 0, 0, 0, NULL, '', 204),
(190, 0, 0, 0, 0, NULL, '', 205),
(191, 0, 0, 0, 0, NULL, '', 206),
(192, 0, 0, 0, 0, NULL, '', 207),
(193, 0, 0, 0, 0, NULL, '', 208),
(194, 0, 0, 0, 0, NULL, '', 209),
(195, 0, 0, 0, 0, NULL, '', 210),
(196, 0, 0, 0, 0, NULL, '', 211),
(197, 1, 0, 0, 0, NULL, '', 212),
(198, 1, 0, 0, 0, NULL, '', 213),
(199, 1, 1, 0, 0, NULL, '', 214),
(200, 1, 1, 0, 0, NULL, '', 215);

-- --------------------------------------------------------

--
-- Estructura de tabla para la tabla `co_agr_seguridad`
--

CREATE TABLE `co_agr_seguridad` (
  `idSeguridad` int(11) NOT NULL,
  `Siemple` tinyint(1) DEFAULT NULL,
  `Ocasiones` tinyint(1) DEFAULT NULL,
  `Nunca` tinyint(1) DEFAULT NULL,
  `idEntrevista` int(11) DEFAULT NULL
) ENGINE=InnoDB DEFAULT CHARSET=utf8;

--
-- Volcado de datos para la tabla `co_agr_seguridad`
--

INSERT INTO `co_agr_seguridad` (`idSeguridad`, `Siemple`, `Ocasiones`, `Nunca`, `idEntrevista`) VALUES
(1, 1, 1, 1, 239);

-- --------------------------------------------------------

--
-- Estructura de tabla para la tabla `co_agr_semillas`
--

CREATE TABLE `co_agr_semillas` (
  `idSemillas` int(11) NOT NULL,
  `AlmacenConservacionSemillas` tinyint(1) DEFAULT NULL,
  `BancosComuniSemilla` tinyint(1) DEFAULT NULL,
  `IntercambioSemilla` tinyint(1) DEFAULT NULL,
  `MejoraPlantaAnimal` tinyint(1) DEFAULT NULL,
  `ProduccionSemilla` tinyint(1) DEFAULT NULL,
  `Otro` varchar(100) CHARACTER SET latin1 DEFAULT NULL,
  `idAreaTrabajo` int(11) DEFAULT NULL
) ENGINE=InnoDB DEFAULT CHARSET=utf8;

--
-- Volcado de datos para la tabla `co_agr_semillas`
--

INSERT INTO `co_agr_semillas` (`idSemillas`, `AlmacenConservacionSemillas`, `BancosComuniSemilla`, `IntercambioSemilla`, `MejoraPlantaAnimal`, `ProduccionSemilla`, `Otro`, `idAreaTrabajo`) VALUES
(1, 1, 1, 1, 1, 1, 'semillas', 33),
(2, 1, 1, 1, 1, 1, 'Semillas', 34),
(3, 1, 1, 1, 1, 1, 'Semillas', 35),
(4, 1, 1, 1, 1, 1, 'Semillas', 36),
(5, 1, 1, 1, 1, 1, 'Semillas', 37),
(6, 1, 1, 1, 1, 1, 'Semillas', 38),
(7, 1, 1, 1, 1, 1, 'Semillas', 39),
(8, 0, 0, 0, 0, 0, '', 40),
(9, 0, 0, 0, 0, 0, '', 41),
(10, 0, 0, 0, 0, 0, '', 43),
(11, 0, 0, 0, 0, 0, '', 43),
(12, 0, 0, 0, 0, 0, '', 45),
(13, 0, 0, 0, 0, 0, '', 45),
(14, 0, 0, 0, 0, 0, '', 46),
(15, 0, 0, 0, 0, 0, '', 47),
(16, 0, 0, 0, 0, 0, '', 49),
(17, 0, 0, 0, 0, 0, '', 49),
(18, 0, 0, 0, 0, 0, '', 51),
(19, 0, 0, 0, 0, 0, '', 51),
(20, 0, 0, 0, 0, 0, '', 54),
(21, 0, 0, 0, 0, 0, '', 54),
(22, 0, 0, 0, 0, 0, '', 54),
(23, 0, 0, 0, 0, 0, '', 57),
(24, 0, 0, 0, 0, 0, '', 57),
(25, 0, 0, 0, 0, 0, '', 57),
(26, 0, 0, 0, 0, 0, '', 58),
(27, 0, 0, 0, 0, 0, '', 59),
(28, 0, 0, 0, 0, 0, '', 60),
(29, 0, 0, 0, 0, 0, '', 61),
(30, 0, 0, 0, 0, 0, '', 62),
(31, 0, 0, 0, 0, 0, '', 63),
(32, 0, 0, 0, 0, 0, '', 65),
(33, 0, 0, 0, 0, 0, '', 65),
(34, 0, 0, 0, 0, 0, '', 67),
(35, 0, 0, 0, 0, 0, '', 67),
(36, 0, 0, 0, 0, 0, '', 68),
(37, 0, 0, 0, 0, 0, '', 69),
(38, 0, 0, 0, 0, 0, '', 70),
(39, 0, 0, 0, 0, 0, '', 71),
(40, 0, 0, 0, 0, 0, '', 72),
(41, 0, 0, 0, 0, 0, '', 73),
(42, 0, 0, 0, 0, 0, '', 75),
(43, 0, 0, 0, 0, 0, '', 75),
(44, 0, 0, 0, 0, 0, '', 76),
(45, 0, 0, 0, 0, 0, '', 77),
(46, 0, 0, 0, 0, 0, '', 78),
(47, 0, 0, 0, 0, 0, '', 80),
(48, 0, 0, 0, 0, 0, '', 81),
(49, 0, 0, 0, 0, 0, '', 83),
(50, 0, 0, 0, 0, 0, '', 83),
(51, 0, 0, 0, 0, 0, '', 83),
(52, 0, 0, 0, 0, 0, '', 84),
(53, 0, 0, 0, 0, 0, '', 86),
(54, 0, 0, 0, 0, 0, '', 87),
(55, 0, 0, 0, 0, 0, '', 87),
(56, 0, 0, 0, 0, 0, '', 89),
(57, 0, 0, 0, 0, 0, '', 89),
(58, 0, 0, 0, 0, 0, '', 90),
(59, 0, 0, 0, 0, 0, '', 91),
(60, 0, 0, 0, 0, 0, '', 92),
(61, 0, 0, 0, 0, 0, '', 93),
(62, 0, 0, 0, 0, 0, '', 94),
(63, 0, 0, 0, 0, 0, '', 95),
(64, 0, 0, 0, 0, 0, '', 96),
(65, 0, 0, 0, 0, 0, '', 97),
(66, 0, 0, 0, 0, 0, '', 98),
(67, 0, 0, 0, 0, 0, '', 99),
(68, 0, 0, 0, 0, 0, '', 100),
(69, 0, 0, 0, 0, 0, '', 101),
(70, 0, 0, 0, 0, 0, '', 102),
(71, 0, 0, 0, 0, 0, '', 103),
(72, 0, 0, 0, 0, 0, '', 104),
(73, 0, 0, 0, 0, 0, '', 105),
(74, 0, 0, 0, 0, 0, '', 106),
(75, 0, 0, 0, 0, 0, '', 107),
(76, 0, 0, 0, 0, 0, '', 108),
(77, 0, 0, 0, 0, 0, '', 110),
(78, 0, 0, 0, 0, 0, '', 111),
(79, 0, 0, 0, 0, 0, '', 111),
(80, 0, 0, 0, 0, 0, '', 112),
(81, 0, 0, 0, 0, 0, '', 113),
(82, 0, 0, 0, 0, 0, '', 114),
(83, 0, 0, 0, 0, 0, '', 115),
(84, 0, 0, 0, 0, 0, '', 116),
(85, 0, 0, 0, 0, 0, '', 117),
(86, 0, 0, 0, 0, 0, '', 118),
(87, 0, 0, 0, 0, 0, '', 119),
(88, 0, 0, 0, 0, 0, '', 120),
(89, 0, 0, 0, 0, 0, '', 121),
(90, 0, 0, 0, 0, 0, '', 122),
(91, 0, 0, 0, 0, 0, '', 123),
(92, 0, 0, 0, 0, 0, '', 124),
(93, 0, 0, 0, 0, 0, '', 125),
(94, 0, 0, 0, 0, 0, '', 126),
(95, 0, 0, 0, 0, 0, '', 127),
(96, 0, 0, 0, 0, 0, '', 128),
(97, 0, 0, 0, 0, 0, '', 129),
(98, 0, 0, 0, 0, 0, '', 130),
(99, 0, 0, 0, 0, 0, '', 131),
(100, 0, 0, 0, 0, 0, '', 132),
(101, 0, 0, 0, 0, 0, '', 133),
(102, 0, 0, 0, 0, 0, '', 134),
(103, 0, 0, 0, 0, 0, '', 135),
(104, 0, 0, 0, 0, 0, '', 136),
(105, 0, 0, 0, 0, 0, '', 137),
(106, 0, 0, 0, 0, 0, '', 138),
(107, 0, 0, 0, 0, 0, '', 139),
(108, 0, 0, 0, 0, 0, '', 140),
(109, 0, 0, 0, 0, 0, '', 141),
(110, 0, 0, 0, 0, 0, '', 142),
(111, 0, 0, 0, 0, 0, '', 143),
(112, 0, 0, 0, 0, 0, '', 144),
(113, 0, 0, 0, 0, 0, '', 145),
(114, 0, 0, 0, 0, 0, '', 146),
(115, 0, 0, 0, 0, 0, '', 147),
(116, 0, 0, 0, 0, 0, '', 148),
(117, 0, 0, 0, 0, 0, '', 149),
(118, 0, 0, 0, 0, 0, '', 150),
(119, 0, 0, 0, 0, 0, '', 151),
(120, 0, 0, 0, 0, 0, '', 152),
(121, 0, 0, 0, 0, 0, '', 153),
(122, 0, 0, 0, 0, 0, '', 154),
(123, 0, 0, 0, 0, 0, '', 155),
(124, 0, 0, 0, 0, 0, '', 156),
(125, 0, 0, 0, 0, 0, '', 157),
(126, 0, 0, 0, 0, 0, '1', 158),
(127, 0, 0, 0, 0, 0, '1', 159),
(128, 0, 0, 0, 0, 0, '1', 160),
(129, 0, 0, 0, 0, 0, '1', 161),
(130, 0, 0, 0, 0, 0, '1', 162),
(131, 0, 0, 0, 0, 0, '1', 163),
(132, 0, 0, 0, 0, 0, '1', 164),
(133, 0, 0, 0, 0, 0, '1', 165),
(134, 0, 0, 0, 0, 0, '1', 166),
(135, 0, 0, 0, 0, 0, '1', 167),
(136, 0, 0, 0, 0, 0, '1', 168),
(137, 0, 0, 0, 0, 0, '1', 169),
(138, 0, 0, 0, 0, 0, '1', 170),
(139, 0, 0, 0, 0, 0, '1', 171),
(140, 0, 0, 0, 0, 0, '1', 172),
(141, 0, 0, 0, 0, 0, '1', 173),
(142, 0, 0, 0, 0, 0, '1', 174),
(143, 0, 0, 0, 0, 0, '1', 175),
(144, 0, 0, 0, 0, 0, '1', 176),
(145, 0, 0, 0, 0, 0, '1', 177),
(146, 0, 0, 0, 0, 0, '1', 178),
(147, 0, 0, 0, 0, 0, '1', 179),
(148, 0, 0, 0, 0, 0, '1', 180),
(149, 0, 0, 0, 0, 0, '1', 181),
(150, 1, 1, 0, 1, 0, 'Semillas', 182),
(151, 1, 1, 0, 1, 0, 'Semillas', 183),
(152, 1, 1, 0, 1, 0, 'Semillas', 184),
(153, 1, 1, 0, 1, 0, 'Semillas', 185),
(154, 1, 1, 0, 1, 0, 'Semillas', 186),
(155, 1, 1, 0, 1, 0, 'Semillas', 187),
(156, 1, 1, 0, 1, 0, 'Semillas', 188),
(157, 1, 1, 0, 1, 0, 'Semillas', 189),
(158, 0, 0, 0, 0, 0, '', 190),
(159, 0, 0, 0, 0, 0, '', 191),
(160, 0, 0, 0, 0, 0, '', 192),
(161, 0, 0, 0, 0, 0, '', 193),
(162, 0, 0, 0, 0, 0, '', 194),
(163, 0, 0, 0, 0, 0, '', 195),
(164, 0, 0, 0, 0, 0, '', 196),
(165, 0, 0, 0, 0, 0, '', 197),
(166, 0, 0, 0, 0, 0, '', 198),
(167, 0, 0, 0, 0, 0, '', 199),
(168, 0, 0, 0, 0, 0, '', 200),
(169, 0, 0, 0, 0, 0, '', 201),
(170, 0, 0, 0, 0, 0, '', 202),
(171, 0, 0, 0, 0, 0, '', 203),
(172, 0, 0, 0, 0, 0, '', 204),
(173, 0, 0, 0, 0, 0, '', 205),
(174, 0, 0, 0, 0, 0, '', 206),
(175, 0, 0, 0, 0, 0, '', 207),
(176, 0, 0, 0, 0, 0, '', 208),
(177, 0, 0, 0, 0, 0, '', 209),
(178, 0, 0, 0, 0, 0, '', 210),
(179, 0, 0, 0, 0, 0, '', 211),
(180, 0, 0, 0, 0, 0, '', 212),
(181, 0, 0, 0, 0, 0, '', 213),
(182, 1, 1, 0, 1, 0, '', 214),
(183, 1, 1, 0, 1, 0, '', 215);

-- --------------------------------------------------------

--
-- Estructura de tabla para la tabla `co_agr_sistemaproduccionagricola`
--

CREATE TABLE `co_agr_sistemaproduccionagricola` (
  `idSistemaProduccionAgricola` int(11) NOT NULL,
  `Otro` varchar(100) CHARACTER SET latin1 DEFAULT NULL,
  `idAreaTrabajo` int(11) DEFAULT NULL
) ENGINE=InnoDB DEFAULT CHARSET=utf8;

--
-- Volcado de datos para la tabla `co_agr_sistemaproduccionagricola`
--

INSERT INTO `co_agr_sistemaproduccionagricola` (`idSistemaProduccionAgricola`, `Otro`, `idAreaTrabajo`) VALUES
(1, '1', 33),
(2, '1', 33),
(3, 'on', 33),
(4, 'on', 33),
(5, 'on', 33),
(6, 'sistemas_agricilas ', 33),
(7, 'sistemas_agricilas ', 33),
(8, 'sistemas_agricilas ', 33),
(9, 'Sistemas de producciÃ³n agrÃ­cola', 34),
(10, 'Sistemas de producciÃ³n agrÃ­cola', 35),
(11, 'Sistemas de producciÃ³n agrÃ­cola', 36),
(12, 'Sistemas de producciÃ³n agrÃ­cola', 37),
(13, 'Sistemas de producciÃ³n agrÃ­cola', 38),
(14, 'Sistemas de producciÃ³n agrÃ­cola', 39),
(15, '', 40),
(16, '', 41),
(17, '', 43),
(18, '', 43),
(19, '', 45),
(20, '', 45),
(21, '', 46),
(22, '', 47),
(23, '', 49),
(24, '', 49),
(25, '', 51),
(26, '', 51),
(27, '', 54),
(28, '', 54),
(29, '', 54),
(30, '', 57),
(31, '', 57),
(32, '', 57),
(33, '', 58),
(34, '', 59),
(35, '', 60),
(36, '', 61),
(37, '', 62),
(38, '', 63),
(39, '', 65),
(40, '', 65),
(41, '', 67),
(42, '', 67),
(43, '', 68),
(44, '', 69),
(45, '', 70),
(46, '', 71),
(47, '', 72),
(48, '', 73),
(49, '', 75),
(50, '', 76),
(51, '', 77),
(52, '', 78),
(53, '', 78),
(54, '', 80),
(55, '', 81),
(56, '', 83),
(57, '', 83),
(58, '', 83),
(59, '', 85),
(60, '', 87),
(61, '', 87),
(62, '', 87),
(63, '', 89),
(64, '', 89),
(65, '', 90),
(66, '', 91),
(67, '', 92),
(68, '', 93),
(69, '', 94),
(70, '', 95),
(71, '', 96),
(72, '', 97),
(73, '', 98),
(74, '', 99),
(75, '', 100),
(76, '', 101),
(77, '', 102),
(78, '', 103),
(79, '', 104),
(80, '', 105),
(81, '', 106),
(82, '', 107),
(83, '', 108),
(84, '', 111),
(85, '', 111),
(86, '', 112),
(87, '', 113),
(88, '', 113),
(89, '', 114),
(90, '', 115),
(91, '', 116),
(92, '', 117),
(93, '', 118),
(94, '', 119),
(95, '', 120),
(96, '', 121),
(97, '', 122),
(98, '', 123),
(99, '', 124),
(100, '', 125),
(101, '', 126),
(102, '', 127),
(103, '', 128),
(104, '', 129),
(105, '', 130),
(106, '', 131),
(107, '', 132),
(108, '', 133),
(109, '', 134),
(110, '', 135),
(111, '', 136),
(112, '', 137),
(113, '', 138),
(114, '', 139),
(115, '', 140),
(116, '', 141),
(117, '', 142),
(118, '', 143),
(119, '', 144),
(120, '', 145),
(121, '', 146),
(122, '', 147),
(123, '', 148),
(124, '', 149),
(125, '', 150),
(126, '', 151),
(127, '', 152),
(128, '', 153),
(129, '', 154),
(130, '', 155),
(131, '', 156),
(132, '', 157),
(133, '', 158),
(134, '', 159),
(135, '', 160),
(136, '', 161),
(137, '', 162),
(138, '', 163),
(139, '', 164),
(140, '', 165),
(141, '', 166),
(142, '', 167),
(143, '', 168),
(144, '', 169),
(145, '', 170),
(146, '', 171),
(147, '1', 172),
(148, '1', 173),
(149, '1', 174),
(150, '1', 175),
(151, '1', 176),
(152, '1', 177),
(153, '1', 178),
(154, '1', 179),
(155, '1', 180),
(156, '1', 181),
(157, 'Sistemas de producciÃ³n agrÃ­cola', 182),
(158, 'Sistemas de producciÃ³n agrÃ­cola', 183),
(159, 'Sistemas de producciÃ³n agrÃ­cola', 184),
(160, 'Sistemas de producciÃ³n agrÃ­cola', 185),
(161, 'Sistemas de producciÃ³n agrÃ­cola', 186),
(162, 'Sistemas de producciÃ³n agrÃ­cola', 187),
(163, 'Sistemas de producciÃ³n agrÃ­cola', 188),
(164, 'Sistemas de producciÃ³n agrÃ­cola', 189),
(165, '', 190),
(166, '', 191),
(167, '', 192),
(168, '', 193),
(169, '', 194),
(170, '', 195),
(171, '', 196),
(172, '', 197),
(173, '', 198),
(174, '', 199),
(175, '', 200),
(176, '', 201),
(177, '', 202),
(178, '', 203),
(179, '', 204),
(180, '', 205),
(181, '', 206),
(182, '', 207),
(183, '', 208),
(184, '', 209),
(185, '', 210),
(186, '', 211),
(187, '', 212),
(188, '', 213),
(189, '', 214),
(190, '', 215);

-- --------------------------------------------------------

--
-- Estructura de tabla para la tabla `co_agr_sistemaproduccionagricolacultivo`
--

CREATE TABLE `co_agr_sistemaproduccionagricolacultivo` (
  `idSistemaProduccionAgricolaCultivo` int(11) NOT NULL,
  `Cereales` tinyint(1) DEFAULT NULL,
  `CultivoAsociado` tinyint(1) DEFAULT NULL,
  `Forraje` tinyint(1) DEFAULT NULL,
  `Frutales` tinyint(1) DEFAULT NULL,
  `Hortaliza` tinyint(1) DEFAULT NULL,
  `Leguminosa` tinyint(1) DEFAULT NULL,
  `Medicinales` tinyint(1) DEFAULT NULL,
  `Oleaginosa` tinyint(1) DEFAULT NULL,
  `Textil` tinyint(1) DEFAULT NULL,
  `idSistemaProduccionAgricola` int(11) DEFAULT NULL
) ENGINE=InnoDB DEFAULT CHARSET=utf8;

--
-- Volcado de datos para la tabla `co_agr_sistemaproduccionagricolacultivo`
--

INSERT INTO `co_agr_sistemaproduccionagricolacultivo` (`idSistemaProduccionAgricolaCultivo`, `Cereales`, `CultivoAsociado`, `Forraje`, `Frutales`, `Hortaliza`, `Leguminosa`, `Medicinales`, `Oleaginosa`, `Textil`, `idSistemaProduccionAgricola`) VALUES
(1, 1, 1, 1, 1, 1, 1, 1, 1, 1, 1),
(2, 1, 1, 1, 1, 1, 1, 1, 1, 1, 2),
(3, 1, 1, 1, 1, 1, 1, 1, 1, 1, 3),
(4, 1, 1, 1, 1, 1, 1, 1, 1, 1, 4),
(5, 1, 1, 1, 1, 1, 1, 1, 1, 1, 5),
(6, 1, 1, 1, 1, 1, 1, 1, 1, 1, 6),
(7, 1, 1, 1, 1, 1, 1, 1, 1, 1, 7),
(8, 1, 1, 1, 1, 1, 1, 1, 1, 1, 8),
(9, 1, 1, 1, 1, 1, 1, 1, 1, 1, 9),
(10, 1, 1, 1, 1, 1, 1, 1, 1, 1, 10),
(11, 1, 1, 1, 1, 1, 1, 1, 1, 1, 11),
(12, 1, 1, 1, 1, 1, 1, 1, 1, 1, 12),
(13, 1, 1, 1, 1, 1, 1, 1, 1, 1, 13),
(14, 1, 1, 1, 1, 1, 1, 1, 1, 1, 14),
(15, 0, 0, 0, 0, 0, 0, 0, 0, 0, 15),
(16, 0, 0, 0, 0, 0, 0, 0, 0, 0, 16),
(17, 0, 0, 0, 0, 0, 0, 0, 0, 0, 18),
(18, 0, 0, 0, 0, 0, 0, 0, 0, 0, 18),
(19, 0, 0, 0, 0, 0, 0, 0, 0, 0, 20),
(20, 0, 0, 0, 0, 0, 0, 0, 0, 0, 20),
(21, 0, 0, 0, 0, 0, 0, 0, 0, 0, 21),
(22, 0, 0, 0, 0, 0, 0, 0, 0, 0, 22),
(23, 0, 0, 0, 0, 0, 0, 0, 0, 0, 24),
(24, 0, 0, 0, 0, 0, 0, 0, 0, 0, 24),
(25, 0, 0, 0, 0, 0, 0, 0, 0, 0, 26),
(26, 0, 0, 0, 0, 0, 0, 0, 0, 0, 26),
(27, 0, 0, 0, 0, 0, 0, 0, 0, 0, 28),
(28, 0, 0, 0, 0, 0, 0, 0, 0, 0, 28),
(29, 0, 0, 0, 0, 0, 0, 0, 0, 0, 29),
(30, 0, 0, 0, 0, 0, 0, 0, 0, 0, 32),
(31, 0, 0, 0, 0, 0, 0, 0, 0, 0, 32),
(32, 0, 0, 0, 0, 0, 0, 0, 0, 0, 32),
(33, 0, 0, 0, 0, 0, 0, 0, 0, 0, 33),
(34, 0, 0, 0, 0, 0, 0, 0, 0, 0, 34),
(35, 0, 0, 0, 0, 0, 0, 0, 0, 0, 35),
(36, 0, 0, 0, 0, 0, 0, 0, 0, 0, 36),
(37, 0, 0, 0, 0, 0, 0, 0, 0, 0, 37),
(38, 0, 0, 0, 0, 0, 0, 0, 0, 0, 38),
(39, 0, 0, 0, 0, 0, 0, 0, 0, 0, 40),
(40, 0, 0, 0, 0, 0, 0, 0, 0, 0, 40),
(41, 0, 0, 0, 0, 0, 0, 0, 0, 0, 41),
(42, 0, 0, 0, 0, 0, 0, 0, 0, 0, 42),
(43, 0, 0, 0, 0, 0, 0, 0, 0, 0, 43),
(44, 0, 0, 0, 0, 0, 0, 0, 0, 0, 44),
(45, 0, 0, 0, 0, 0, 0, 0, 0, 0, 45),
(46, 0, 0, 0, 0, 0, 0, 0, 0, 0, 46),
(47, 0, 0, 0, 0, 0, 0, 0, 0, 0, 47),
(48, 0, 0, 0, 0, 0, 0, 0, 0, 0, 48),
(49, 0, 0, 0, 0, 0, 0, 0, 0, 0, 49),
(50, 0, 0, 0, 0, 0, 0, 0, 0, 0, 50),
(51, 0, 0, 0, 0, 0, 0, 0, 0, 0, 51),
(52, 0, 0, 0, 0, 0, 0, 0, 0, 0, 52),
(53, 0, 0, 0, 0, 0, 0, 0, 0, 0, 53),
(54, 0, 0, 0, 0, 0, 0, 0, 0, 0, 54),
(55, 0, 0, 0, 0, 0, 0, 0, 0, 0, 55),
(56, 0, 0, 0, 0, 0, 0, 0, 0, 0, 56),
(57, 0, 0, 0, 0, 0, 0, 0, 0, 0, 58),
(58, 0, 0, 0, 0, 0, 0, 0, 0, 0, 58),
(59, 0, 0, 0, 0, 0, 0, 0, 0, 0, 59),
(60, 0, 0, 0, 0, 0, 0, 0, 0, 0, 60),
(61, 0, 0, 0, 0, 0, 0, 0, 0, 0, 61),
(62, 0, 0, 0, 0, 0, 0, 0, 0, 0, 62),
(63, 0, 0, 0, 0, 0, 0, 0, 0, 0, 63),
(64, 0, 0, 0, 0, 0, 0, 0, 0, 0, 64),
(65, 0, 0, 0, 0, 0, 0, 0, 0, 0, 65),
(66, 0, 0, 0, 0, 0, 0, 0, 0, 0, 66),
(67, 0, 0, 0, 0, 0, 0, 0, 0, 0, 67),
(68, 0, 0, 0, 0, 0, 0, 0, 0, 0, 68),
(69, 0, 0, 0, 0, 0, 0, 0, 0, 0, 69),
(70, 0, 0, 0, 0, 0, 0, 0, 0, 0, 70),
(71, 0, 0, 0, 0, 0, 0, 0, 0, 0, 71),
(72, 0, 0, 0, 0, 0, 0, 0, 0, 0, 72),
(73, 0, 0, 0, 0, 0, 0, 0, 0, 0, 73),
(74, 0, 0, 0, 0, 0, 0, 0, 0, 0, 74),
(75, 0, 0, 0, 0, 0, 0, 0, 0, 0, 75),
(76, 0, 0, 0, 0, 0, 0, 0, 0, 0, 76),
(77, 0, 0, 0, 0, 0, 0, 0, 0, 0, 77),
(78, 0, 0, 0, 0, 0, 0, 0, 0, 0, 78),
(79, 0, 0, 0, 0, 0, 0, 0, 0, 0, 79),
(80, 0, 0, 0, 0, 0, 0, 0, 0, 0, 80),
(81, 0, 0, 0, 0, 0, 0, 0, 0, 0, 81),
(82, 0, 0, 0, 0, 0, 0, 0, 0, 0, 82),
(83, 0, 0, 0, 0, 0, 0, 0, 0, 0, 83),
(84, 0, 0, 0, 0, 0, 0, 0, 0, 0, 85),
(85, 0, 0, 0, 0, 0, 0, 0, 0, 0, 85),
(86, 0, 0, 0, 0, 0, 0, 0, 0, 0, 86),
(87, 0, 0, 0, 0, 0, 0, 0, 0, 0, 87),
(88, 0, 0, 0, 0, 0, 0, 0, 0, 0, 88),
(89, 0, 0, 0, 0, 0, 0, 0, 0, 0, 89),
(90, 0, 0, 0, 0, 0, 0, 0, 0, 0, 90),
(91, 0, 0, 0, 0, 0, 0, 0, 0, 0, 91),
(92, 0, 0, 0, 0, 0, 0, 0, 0, 0, 92),
(93, 0, 0, 0, 0, 0, 0, 0, 0, 0, 93),
(94, 0, 0, 0, 0, 0, 0, 0, 0, 0, 94),
(95, 0, 0, 0, 0, 0, 0, 0, 0, 0, 95),
(96, 0, 0, 0, 0, 0, 0, 0, 0, 0, 96),
(97, 0, 0, 0, 0, 0, 0, 0, 0, 0, 97),
(98, 0, 0, 0, 0, 0, 0, 0, 0, 0, 98),
(99, 0, 0, 0, 0, 0, 0, 0, 0, 0, 99),
(100, 0, 0, 0, 0, 0, 0, 0, 0, 0, 100),
(101, 0, 0, 0, 0, 0, 0, 0, 0, 0, 101),
(102, 0, 0, 0, 0, 0, 0, 0, 0, 0, 102),
(103, 0, 0, 0, 0, 0, 0, 0, 0, 0, 103),
(104, 0, 0, 0, 0, 0, 0, 0, 0, 0, 104),
(105, 0, 0, 0, 0, 0, 0, 0, 0, 0, 105),
(106, 0, 0, 0, 0, 0, 0, 0, 0, 0, 106),
(107, 0, 0, 0, 0, 0, 0, 0, 0, 0, 107),
(108, 0, 0, 0, 0, 0, 0, 0, 0, 0, 108),
(109, 0, 0, 0, 0, 0, 0, 0, 0, 0, 109),
(110, 0, 0, 0, 0, 0, 0, 0, 0, 0, 110),
(111, 0, 0, 0, 0, 0, 0, 0, 0, 0, 111),
(112, 0, 0, 0, 0, 0, 0, 0, 0, 0, 112),
(113, 0, 0, 0, 0, 0, 0, 0, 0, 0, 113),
(114, 0, 0, 0, 0, 0, 0, 0, 0, 0, 114),
(115, 0, 0, 0, 0, 0, 0, 0, 0, 0, 115),
(116, 0, 0, 0, 0, 0, 0, 0, 0, 0, 116),
(117, 0, 0, 0, 0, 0, 0, 0, 0, 0, 117),
(118, 0, 0, 0, 0, 0, 0, 0, 0, 0, 118),
(119, 0, 0, 0, 0, 0, 0, 0, 0, 0, 119),
(120, 0, 0, 0, 0, 0, 0, 0, 0, 0, 120),
(121, 0, 0, 0, 0, 0, 0, 0, 0, 0, 121),
(122, 0, 0, 0, 0, 0, 0, 0, 0, 0, 122),
(123, 0, 0, 0, 0, 0, 0, 0, 0, 0, 123),
(124, 0, 0, 0, 0, 0, 0, 0, 0, 0, 124),
(125, 0, 0, 0, 0, 0, 0, 0, 0, 0, 125),
(126, 0, 0, 0, 0, 0, 0, 0, 0, 0, 126),
(127, 0, 0, 0, 0, 0, 0, 0, 0, 0, 127),
(128, 0, 0, 0, 0, 0, 0, 0, 0, 0, 128),
(129, 0, 0, 0, 0, 0, 0, 0, 0, 0, 129),
(130, 0, 0, 0, 0, 0, 0, 0, 0, 0, 130),
(131, 0, 0, 0, 0, 0, 0, 0, 0, 0, 131),
(132, 0, 0, 0, 0, 0, 0, 0, 0, 0, 132),
(133, 0, 0, 0, 0, 0, 0, 0, 0, 0, 133),
(134, 0, 0, 0, 0, 0, 0, 0, 0, 0, 134),
(135, 0, 0, 0, 0, 0, 0, 0, 0, 0, 135),
(136, 0, 0, 0, 0, 0, 0, 0, 0, 0, 136),
(137, 0, 0, 0, 0, 0, 0, 0, 0, 0, 137),
(138, 0, 0, 0, 0, 0, 0, 0, 0, 0, 138),
(139, 0, 0, 0, 0, 0, 0, 0, 0, 0, 139),
(140, 0, 0, 0, 0, 0, 0, 0, 0, 0, 140),
(141, 0, 0, 0, 0, 0, 0, 0, 0, 0, 141),
(142, 0, 0, 0, 0, 0, 0, 0, 0, 0, 142),
(143, 0, 0, 0, 0, 0, 0, 0, 0, 0, 143),
(144, 0, 0, 0, 0, 0, 0, 0, 0, 0, 144),
(145, 0, 0, 0, 0, 0, 0, 0, 0, 0, 145),
(146, 0, 0, 0, 0, 0, 0, 0, 0, 0, 146),
(147, 0, 0, 0, 0, 0, 0, 0, 0, 0, 147),
(148, 0, 0, 0, 0, 0, 0, 0, 0, 0, 148),
(149, 0, 0, 0, 0, 0, 0, 0, 0, 0, 149),
(150, 0, 0, 0, 0, 0, 0, 0, 0, 0, 150),
(151, 0, 0, 0, 0, 0, 0, 0, 0, 0, 151),
(152, 0, 0, 0, 0, 0, 0, 0, 0, 0, 152),
(153, 0, 0, 0, 0, 0, 0, 0, 0, 0, 153),
(154, 0, 0, 0, 0, 0, 0, 0, 0, 0, 154),
(155, 0, 0, 0, 0, 0, 0, 0, 0, 0, 155),
(156, 0, 0, 0, 0, 0, 0, 0, 0, 0, 156),
(157, 0, 0, 0, 0, 0, 0, 0, 0, 0, 157),
(158, 0, 0, 0, 0, 0, 0, 0, 0, 0, 158),
(159, 0, 0, 0, 0, 0, 0, 0, 0, 0, 159),
(160, 0, 0, 0, 0, 0, 0, 0, 0, 0, 160),
(161, 0, 0, 0, 0, 0, 0, 0, 0, 0, 161),
(162, 0, 0, 0, 0, 0, 0, 0, 0, 0, 162),
(163, 0, 0, 0, 0, 0, 0, 0, 0, 0, 163),
(164, 0, 0, 0, 0, 0, 0, 0, 0, 0, 164),
(165, 0, 0, 0, 0, 0, 0, 0, 0, 0, 165),
(166, 0, 0, 0, 0, 0, 0, 0, 0, 0, 166),
(167, 0, 0, 0, 0, 0, 0, 0, 0, 0, 167),
(168, 0, 0, 0, 0, 0, 0, 0, 0, 0, 168),
(169, 0, 0, 0, 0, 0, 0, 0, 0, 0, 169),
(170, 0, 0, 0, 0, 0, 0, 0, 0, 0, 170),
(171, 0, 0, 0, 0, 0, 0, 0, 0, 0, 171),
(172, 0, 0, 0, 0, 0, 0, 0, 0, 0, 172),
(173, 0, 0, 0, 0, 0, 0, 0, 0, 0, 173),
(174, 0, 0, 0, 0, 0, 0, 0, 0, 0, 174),
(175, 0, 0, 0, 0, 0, 0, 0, 0, 0, 175),
(176, 0, 0, 0, 0, 0, 0, 0, 0, 0, 176),
(177, 0, 0, 0, 0, 0, 0, 0, 0, 0, 177),
(178, 0, 0, 0, 0, 0, 0, 0, 0, 0, 178),
(179, 0, 0, 0, 0, 0, 0, 0, 0, 0, 179),
(180, 0, 0, 0, 0, 0, 0, 0, 0, 0, 180),
(181, 0, 0, 0, 0, 0, 0, 0, 0, 0, 181),
(182, 0, 0, 0, 0, 0, 0, 0, 0, 0, 182),
(183, 0, 0, 0, 0, 0, 0, 0, 0, 0, 183),
(184, 0, 0, 0, 0, 0, 0, 0, 0, 0, 184),
(185, 0, 0, 0, 0, 0, 0, 0, 0, 0, 185),
(186, 0, 0, 0, 0, 0, 0, 0, 0, 0, 186),
(187, 0, 0, 0, 0, 0, 0, 0, 0, 0, 187),
(188, 0, 0, 0, 0, 0, 0, 0, 0, 0, 188),
(189, 0, 0, 0, 0, 0, 0, 0, 1, 0, 189),
(190, 0, 0, 0, 0, 0, 0, 0, 1, 0, 190);

-- --------------------------------------------------------

--
-- Estructura de tabla para la tabla `co_agr_sistemaproduccionanimal`
--

CREATE TABLE `co_agr_sistemaproduccionanimal` (
  `idSistemaProduccionAnimal` int(11) NOT NULL,
  `Acuacultura` tinyint(1) DEFAULT NULL,
  `Aves` tinyint(1) DEFAULT NULL,
  `Bovinos` tinyint(1) DEFAULT NULL,
  `Caprinos` tinyint(1) DEFAULT NULL,
  `Cuniculturas` tinyint(1) DEFAULT NULL,
  `Equinos` tinyint(1) DEFAULT NULL,
  `Lombricultura` tinyint(1) DEFAULT NULL,
  `ManejoInstalacion` tinyint(1) DEFAULT NULL,
  `MejoraGeneticaAnimal` tinyint(1) DEFAULT NULL,
  `NutricionAnimal` tinyint(1) DEFAULT NULL,
  `Ovinos` tinyint(1) DEFAULT NULL,
  `Pesca` tinyint(1) DEFAULT NULL,
  `Porcinos` tinyint(1) DEFAULT NULL,
  `PracticaSaludVeterinaria` tinyint(1) DEFAULT NULL,
  `Otro` varchar(100) CHARACTER SET latin1 DEFAULT NULL,
  `idAreaTrabajo` int(11) DEFAULT NULL
) ENGINE=InnoDB DEFAULT CHARSET=utf8;

--
-- Volcado de datos para la tabla `co_agr_sistemaproduccionanimal`
--

INSERT INTO `co_agr_sistemaproduccionanimal` (`idSistemaProduccionAnimal`, `Acuacultura`, `Aves`, `Bovinos`, `Caprinos`, `Cuniculturas`, `Equinos`, `Lombricultura`, `ManejoInstalacion`, `MejoraGeneticaAnimal`, `NutricionAnimal`, `Ovinos`, `Pesca`, `Porcinos`, `PracticaSaludVeterinaria`, `Otro`, `idAreaTrabajo`) VALUES
(1, 1, 1, 1, 1, 1, 1, 1, 1, 1, 1, 1, 1, 1, 1, 'sistema', 33),
(2, 1, 1, 1, 1, 1, 1, 1, 1, 1, 1, 1, 1, 1, 1, 'sistema', 33),
(3, 1, 1, 1, 1, 1, 1, 1, 1, 1, 1, 1, 1, 1, 1, 'sistema', 33),
(4, 1, 1, 1, 1, 1, 1, 1, 1, 1, 1, 1, 1, 1, 1, 'sistema', 33),
(5, 1, 1, 1, 1, 1, 1, 1, 1, 1, 1, 1, 1, 1, 1, 'sistema', 33),
(6, 1, 1, 1, 1, 1, 1, 1, 1, 1, 1, 1, 1, 1, 1, 'sistema', 33),
(7, 1, 1, 1, 1, 1, 1, 1, 1, 1, 1, 1, 1, 1, 1, 'sistema', 33),
(8, 1, 1, 1, 1, 1, 1, 1, 1, 1, 1, 1, 1, 1, 1, 'sistema', 33),
(9, 1, 1, 1, 1, 1, 1, 1, 1, 1, 1, 1, 1, 1, 1, 'sistema', 33),
(10, 1, 1, 1, 1, 1, 1, 1, 1, 1, 1, 1, 1, 1, 1, 'sistema', 33),
(11, 1, 1, 1, 1, 1, 1, 1, 1, 1, 1, 1, 1, 1, 1, 'sistema', 33),
(12, 1, 1, 1, 1, 1, 1, 1, 1, 1, 1, 1, 1, 1, 1, 'sistema', 33),
(13, 1, 1, 1, 1, 1, 1, 1, 1, 1, 1, 1, 1, 1, 1, 'sistema', 33),
(14, 1, 1, 1, 1, 1, 1, 1, 1, 1, 1, 1, 1, 1, 1, 'sistema', 33),
(15, 1, 1, 1, 1, 1, 1, 1, 1, 1, 1, 1, 1, 1, 1, 'sistema', 33),
(16, 1, 1, 1, 1, 1, 1, 1, 1, 1, 1, 1, 1, 1, 1, 'sistema', 33),
(17, 1, 1, 1, 1, 1, 1, 1, 1, 1, 1, 1, 1, 1, 1, 'sistema', 33),
(18, 1, 1, 1, 1, 1, 1, 1, 1, 1, 1, 1, 1, 1, 1, 'sistema', 33),
(19, 1, 1, 1, 1, 1, 1, 1, 1, 1, 1, 1, 1, 1, 1, 'sistema', 33),
(20, 1, 1, 1, 1, 1, 1, 1, 1, 1, 1, 1, 1, 1, 1, 'sistema', 33),
(21, 1, 1, 1, 1, 1, 1, 1, 1, 1, 1, 1, 1, 1, 1, 'Sistemas de producciÃ³n animal', 34),
(22, 1, 1, 1, 1, 1, 1, 1, 1, 1, 1, 1, 1, 1, 1, 'Sistemas de producciÃ³n animal', 35),
(23, 1, 1, 1, 1, 1, 1, 1, 1, 1, 1, 1, 1, 1, 1, 'Sistemas de producciÃ³n animal', 36),
(24, 1, 1, 1, 1, 1, 1, 1, 1, 1, 1, 1, 1, 1, 1, 'Sistemas de producciÃ³n animal', 37),
(25, 1, 1, 1, 1, 1, 1, 1, 1, 1, 1, 1, 1, 1, 1, 'Sistemas de producciÃ³n animal', 38),
(26, 1, 1, 1, 1, 1, 1, 1, 1, 1, 1, 1, 1, 1, 1, 'Sistemas de producciÃ³n animal', 39),
(27, 0, 0, 0, 0, 0, 0, 0, 0, 0, 0, 0, 0, 0, 0, '', 40),
(28, 0, 0, 0, 0, 0, 0, 0, 0, 0, 0, 0, 0, 0, 0, '', 41),
(29, 0, 0, 0, 0, 0, 0, 0, 0, 0, 0, 0, 0, 0, 0, '', 43),
(30, 0, 0, 0, 0, 0, 0, 0, 0, 0, 0, 0, 0, 0, 0, '', 43),
(31, 0, 0, 0, 0, 0, 0, 0, 0, 0, 0, 0, 0, 0, 0, '', 45),
(32, 0, 0, 0, 0, 0, 0, 0, 0, 0, 0, 0, 0, 0, 0, '', 45),
(33, 0, 0, 0, 0, 0, 0, 0, 0, 0, 0, 0, 0, 0, 0, '', 46),
(34, 0, 0, 0, 0, 0, 0, 0, 0, 0, 0, 0, 0, 0, 0, '', 47),
(35, 0, 0, 0, 0, 0, 0, 0, 0, 0, 0, 0, 0, 0, 0, '', 49),
(36, 0, 0, 0, 0, 0, 0, 0, 0, 0, 0, 0, 0, 0, 0, '', 49),
(37, 0, 0, 0, 0, 0, 0, 0, 0, 0, 0, 0, 0, 0, 0, '', 51),
(38, 0, 0, 0, 0, 0, 0, 0, 0, 0, 0, 0, 0, 0, 0, '', 51),
(39, 0, 0, 0, 0, 0, 0, 0, 0, 0, 0, 0, 0, 0, 0, '', 54),
(40, 0, 0, 0, 0, 0, 0, 0, 0, 0, 0, 0, 0, 0, 0, '', 54),
(41, 0, 0, 0, 0, 0, 0, 0, 0, 0, 0, 0, 0, 0, 0, '', 54),
(42, 0, 0, 0, 0, 0, 0, 0, 0, 0, 0, 0, 0, 0, 0, '', 57),
(43, 0, 0, 0, 0, 0, 0, 0, 0, 0, 0, 0, 0, 0, 0, '', 57),
(44, 0, 0, 0, 0, 0, 0, 0, 0, 0, 0, 0, 0, 0, 0, '', 57),
(45, 0, 0, 0, 0, 0, 0, 0, 0, 0, 0, 0, 0, 0, 0, '', 58),
(46, 0, 0, 0, 0, 0, 0, 0, 0, 0, 0, 0, 0, 0, 0, '', 59),
(47, 0, 0, 0, 0, 0, 0, 0, 0, 0, 0, 0, 0, 0, 0, '', 60),
(48, 0, 0, 0, 0, 0, 0, 0, 0, 0, 0, 0, 0, 0, 0, '', 61),
(49, 0, 0, 0, 0, 0, 0, 0, 0, 0, 0, 0, 0, 0, 0, '', 62),
(50, 0, 0, 0, 0, 0, 0, 0, 0, 0, 0, 0, 0, 0, 0, '', 63),
(51, 0, 0, 0, 0, 0, 0, 0, 0, 0, 0, 0, 0, 0, 0, '', 65),
(52, 0, 0, 0, 0, 0, 0, 0, 0, 0, 0, 0, 0, 0, 0, '', 65),
(53, 0, 0, 0, 0, 0, 0, 0, 0, 0, 0, 0, 0, 0, 0, '', 67),
(54, 0, 0, 0, 0, 0, 0, 0, 0, 0, 0, 0, 0, 0, 0, '', 67),
(55, 0, 0, 0, 0, 0, 0, 0, 0, 0, 0, 0, 0, 0, 0, '', 68),
(56, 0, 0, 0, 0, 0, 0, 0, 0, 0, 0, 0, 0, 0, 0, '', 69),
(57, 0, 0, 0, 0, 0, 0, 0, 0, 0, 0, 0, 0, 0, 0, '', 70),
(58, 0, 0, 0, 0, 0, 0, 0, 0, 0, 0, 0, 0, 0, 0, '', 71),
(59, 0, 0, 0, 0, 0, 0, 0, 0, 0, 0, 0, 0, 0, 0, '', 72),
(60, 0, 0, 0, 0, 0, 0, 0, 0, 0, 0, 0, 0, 0, 0, '', 73),
(61, 0, 0, 0, 0, 0, 0, 0, 0, 0, 0, 0, 0, 0, 0, '', 75),
(62, 0, 0, 0, 0, 0, 0, 0, 0, 0, 0, 0, 0, 0, 0, '', 76),
(63, 0, 0, 0, 0, 0, 0, 0, 0, 0, 0, 0, 0, 0, 0, '', 77),
(64, 0, 0, 0, 0, 0, 0, 0, 0, 0, 0, 0, 0, 0, 0, '', 77),
(65, 0, 0, 0, 0, 0, 0, 0, 0, 0, 0, 0, 0, 0, 0, '', 78),
(66, 0, 0, 0, 0, 0, 0, 0, 0, 0, 0, 0, 0, 0, 0, '', 80),
(67, 0, 0, 0, 0, 0, 0, 0, 0, 0, 0, 0, 0, 0, 0, '', 81),
(68, 0, 0, 0, 0, 0, 0, 0, 0, 0, 0, 0, 0, 0, 0, '', 83),
(69, 0, 0, 0, 0, 0, 0, 0, 0, 0, 0, 0, 0, 0, 0, '', 83),
(70, 0, 0, 0, 0, 0, 0, 0, 0, 0, 0, 0, 0, 0, 0, '', 83),
(71, 0, 0, 0, 0, 0, 0, 0, 0, 0, 0, 0, 0, 0, 0, '', 85),
(72, 0, 0, 0, 0, 0, 0, 0, 0, 0, 0, 0, 0, 0, 0, '', 87),
(73, 0, 0, 0, 0, 0, 0, 0, 0, 0, 0, 0, 0, 0, 0, '', 87),
(74, 0, 0, 0, 0, 0, 0, 0, 0, 0, 0, 0, 0, 0, 0, '', 87),
(75, 0, 0, 0, 0, 0, 0, 0, 0, 0, 0, 0, 0, 0, 0, '', 89),
(76, 0, 0, 0, 0, 0, 0, 0, 0, 0, 0, 0, 0, 0, 0, '', 89),
(77, 0, 0, 0, 0, 0, 0, 0, 0, 0, 0, 0, 0, 0, 0, '', 90),
(78, 0, 0, 0, 0, 0, 0, 0, 0, 0, 0, 0, 0, 0, 0, '', 91),
(79, 0, 0, 0, 0, 0, 0, 0, 0, 0, 0, 0, 0, 0, 0, '', 92),
(80, 0, 0, 0, 0, 0, 0, 0, 0, 0, 0, 0, 0, 0, 0, '', 93),
(81, 0, 0, 0, 0, 0, 0, 0, 0, 0, 0, 0, 0, 0, 0, '', 94),
(82, 0, 0, 0, 0, 0, 0, 0, 0, 0, 0, 0, 0, 0, 0, '', 95),
(83, 0, 0, 0, 0, 0, 0, 0, 0, 0, 0, 0, 0, 0, 0, '', 96),
(84, 0, 0, 0, 0, 0, 0, 0, 0, 0, 0, 0, 0, 0, 0, '', 97),
(85, 0, 0, 0, 0, 0, 0, 0, 0, 0, 0, 0, 0, 0, 0, '', 98),
(86, 0, 0, 0, 0, 0, 0, 0, 0, 0, 0, 0, 0, 0, 0, '', 99),
(87, 0, 0, 0, 0, 0, 0, 0, 0, 0, 0, 0, 0, 0, 0, '', 100),
(88, 0, 0, 0, 0, 0, 0, 0, 0, 0, 0, 0, 0, 0, 0, '', 101),
(89, 0, 0, 0, 0, 0, 0, 0, 0, 0, 0, 0, 0, 0, 0, '', 102),
(90, 0, 0, 0, 0, 0, 0, 0, 0, 0, 0, 0, 0, 0, 0, '', 103),
(91, 0, 0, 0, 0, 0, 0, 0, 0, 0, 0, 0, 0, 0, 0, '', 104),
(92, 0, 0, 0, 0, 0, 0, 0, 0, 0, 0, 0, 0, 0, 0, '', 105),
(93, 0, 0, 0, 0, 0, 0, 0, 0, 0, 0, 0, 0, 0, 0, '', 106),
(94, 0, 0, 0, 0, 0, 0, 0, 0, 0, 0, 0, 0, 0, 0, '', 107),
(95, 0, 0, 0, 0, 0, 0, 0, 0, 0, 0, 0, 0, 0, 0, '', 108),
(96, 0, 0, 0, 0, 0, 0, 0, 0, 0, 0, 0, 0, 0, 0, '', 111),
(97, 0, 0, 0, 0, 0, 0, 0, 0, 0, 0, 0, 0, 0, 0, '', 111),
(98, 0, 0, 0, 0, 0, 0, 0, 0, 0, 0, 0, 0, 0, 0, '', 111),
(99, 0, 0, 0, 0, 0, 0, 0, 0, 0, 0, 0, 0, 0, 0, '', 113),
(100, 0, 0, 0, 0, 0, 0, 0, 0, 0, 0, 0, 0, 0, 0, '', 113),
(101, 0, 0, 0, 0, 0, 0, 0, 0, 0, 0, 0, 0, 0, 0, '', 114),
(102, 0, 0, 0, 0, 0, 0, 0, 0, 0, 0, 0, 0, 0, 0, '', 115),
(103, 0, 0, 0, 0, 0, 0, 0, 0, 0, 0, 0, 0, 0, 0, '', 116),
(104, 0, 0, 0, 0, 0, 0, 0, 0, 0, 0, 0, 0, 0, 0, '', 117),
(105, 0, 0, 0, 0, 0, 0, 0, 0, 0, 0, 0, 0, 0, 0, '', 118),
(106, 0, 0, 0, 0, 0, 0, 0, 0, 0, 0, 0, 0, 0, 0, '', 119),
(107, 0, 0, 0, 0, 0, 0, 0, 0, 0, 0, 0, 0, 0, 0, '', 120),
(108, 0, 0, 0, 0, 0, 0, 0, 0, 0, 0, 0, 0, 0, 0, '', 121),
(109, 0, 0, 0, 0, 0, 0, 0, 0, 0, 0, 0, 0, 0, 0, '', 122),
(110, 0, 0, 0, 0, 0, 0, 0, 0, 0, 0, 0, 0, 0, 0, '', 123),
(111, 0, 0, 0, 0, 0, 0, 0, 0, 0, 0, 0, 0, 0, 0, '', 124),
(112, 0, 0, 0, 0, 0, 0, 0, 0, 0, 0, 0, 0, 0, 0, '', 125),
(113, 0, 0, 0, 0, 0, 0, 0, 0, 0, 0, 0, 0, 0, 0, '', 126),
(114, 0, 0, 0, 0, 0, 0, 0, 0, 0, 0, 0, 0, 0, 0, '', 127),
(115, 0, 0, 0, 0, 0, 0, 0, 0, 0, 0, 0, 0, 0, 0, '', 128),
(116, 0, 0, 0, 0, 0, 0, 0, 0, 0, 0, 0, 0, 0, 0, '', 129),
(117, 0, 0, 0, 0, 0, 0, 0, 0, 0, 0, 0, 0, 0, 0, '', 130),
(118, 0, 0, 0, 0, 0, 0, 0, 0, 0, 0, 0, 0, 0, 0, '', 131),
(119, 0, 0, 0, 0, 0, 0, 0, 0, 0, 0, 0, 0, 0, 0, '', 132),
(120, 0, 0, 0, 0, 0, 0, 0, 0, 0, 0, 0, 0, 0, 0, '', 133),
(121, 0, 0, 0, 0, 0, 0, 0, 0, 0, 0, 0, 0, 0, 0, '', 134),
(122, 0, 0, 0, 0, 0, 0, 0, 0, 0, 0, 0, 0, 0, 0, '', 135),
(123, 0, 0, 0, 0, 0, 0, 0, 0, 0, 0, 0, 0, 0, 0, '', 136),
(124, 0, 0, 0, 0, 0, 0, 0, 0, 0, 0, 0, 0, 0, 0, '', 137),
(125, 0, 0, 0, 0, 0, 0, 0, 0, 0, 0, 0, 0, 0, 0, '', 138),
(126, 0, 0, 0, 0, 0, 0, 0, 0, 0, 0, 0, 0, 0, 0, '', 139),
(127, 0, 0, 0, 0, 0, 0, 0, 0, 0, 0, 0, 0, 0, 0, '', 140),
(128, 0, 0, 0, 0, 0, 0, 0, 0, 0, 0, 0, 0, 0, 0, '', 141),
(129, 0, 0, 0, 0, 0, 0, 0, 0, 0, 0, 0, 0, 0, 0, '', 142),
(130, 0, 0, 0, 0, 0, 0, 0, 0, 0, 0, 0, 0, 0, 0, '', 143),
(131, 0, 0, 0, 0, 0, 0, 0, 0, 0, 0, 0, 0, 0, 0, '', 144),
(132, 0, 0, 0, 0, 0, 0, 0, 0, 0, 0, 0, 0, 0, 0, '', 145),
(133, 0, 0, 0, 0, 0, 0, 0, 0, 0, 0, 0, 0, 0, 0, '', 146),
(134, 0, 0, 0, 0, 0, 0, 0, 0, 0, 0, 0, 0, 0, 0, '', 147),
(135, 0, 0, 0, 0, 0, 0, 0, 0, 0, 0, 0, 0, 0, 0, '', 148),
(136, 0, 0, 0, 0, 0, 0, 0, 0, 0, 0, 0, 0, 0, 0, '', 149),
(137, 0, 0, 0, 0, 0, 0, 0, 0, 0, 0, 0, 0, 0, 0, '', 150),
(138, 0, 0, 0, 0, 0, 0, 0, 0, 0, 0, 0, 0, 0, 0, '', 151),
(139, 0, 0, 0, 0, 0, 0, 0, 0, 0, 0, 0, 0, 0, 0, '', 152),
(140, 0, 0, 0, 0, 0, 0, 0, 0, 0, 0, 0, 0, 0, 0, '', 153),
(141, 0, 0, 0, 0, 0, 0, 0, 0, 0, 0, 0, 0, 0, 0, '', 154),
(142, 0, 0, 0, 0, 0, 0, 0, 0, 0, 0, 0, 0, 0, 0, '', 155),
(143, 0, 0, 0, 0, 0, 0, 0, 0, 0, 0, 0, 0, 0, 0, '', 156),
(144, 0, 0, 0, 0, 0, 0, 0, 0, 0, 0, 0, 0, 0, 0, '', 157),
(145, 0, 0, 0, 0, 0, 0, 0, 0, 0, 0, 0, 0, 0, 0, '', 158),
(146, 0, 0, 0, 0, 0, 0, 0, 0, 0, 0, 0, 0, 0, 0, '', 159),
(147, 0, 0, 0, 0, 0, 0, 0, 0, 0, 0, 0, 0, 0, 0, '', 160),
(148, 0, 0, 0, 0, 0, 0, 0, 0, 0, 0, 0, 0, 0, 0, '', 161),
(149, 0, 0, 0, 0, 0, 0, 0, 0, 0, 0, 0, 0, 0, 0, '1', 162),
(150, 0, 0, 0, 0, 0, 0, 0, 0, 0, 0, 0, 0, 0, 0, '1', 163),
(151, 0, 0, 0, 0, 0, 0, 0, 0, 0, 0, 0, 0, 0, 0, '1', 164),
(152, 0, 0, 0, 0, 0, 0, 0, 0, 0, 0, 0, 0, 0, 0, '1', 165),
(153, 0, 0, 0, 0, 0, 0, 0, 0, 0, 0, 0, 0, 0, 0, '1', 166),
(154, 0, 0, 0, 0, 0, 0, 0, 0, 0, 0, 0, 0, 0, 0, '1', 167),
(155, 0, 0, 0, 0, 0, 0, 0, 0, 0, 0, 0, 0, 0, 0, '1', 168),
(156, 0, 0, 0, 0, 0, 0, 0, 0, 0, 0, 0, 0, 0, 0, '1', 169),
(157, 0, 0, 0, 0, 0, 0, 0, 0, 0, 0, 0, 0, 0, 0, '1', 170),
(158, 0, 0, 0, 0, 0, 0, 0, 0, 0, 0, 0, 0, 0, 0, '1', 171),
(159, 0, 0, 0, 0, 0, 0, 0, 0, 0, 0, 0, 0, 0, 0, '1', 172),
(160, 0, 0, 0, 0, 0, 0, 0, 0, 0, 0, 0, 0, 0, 0, '1', 173),
(161, 0, 0, 0, 0, 0, 0, 0, 0, 0, 0, 0, 0, 0, 0, '1', 174),
(162, 0, 0, 0, 0, 0, 0, 0, 0, 0, 0, 0, 0, 0, 0, '1', 175),
(163, 0, 0, 0, 0, 0, 0, 0, 0, 0, 0, 0, 0, 0, 0, '1', 176),
(164, 0, 0, 0, 0, 0, 0, 0, 0, 0, 0, 0, 0, 0, 0, '1', 177),
(165, 0, 0, 0, 0, 0, 0, 0, 0, 0, 0, 0, 0, 0, 0, '1', 178),
(166, 0, 0, 0, 0, 0, 0, 0, 0, 0, 0, 0, 0, 0, 0, '1', 179),
(167, 0, 0, 0, 0, 0, 0, 0, 0, 0, 0, 0, 0, 0, 0, '1', 180),
(168, 0, 0, 0, 0, 0, 0, 0, 0, 0, 0, 0, 0, 0, 0, '1', 181),
(169, 0, 0, 0, 0, 0, 0, 0, 0, 0, 0, 0, 0, 0, 0, 'Sistemas de producciÃ³n animal', 182),
(170, 0, 0, 0, 0, 0, 0, 0, 0, 0, 0, 0, 0, 0, 0, 'Sistemas de producciÃ³n animal', 183),
(171, 0, 0, 0, 0, 0, 0, 0, 0, 0, 0, 0, 0, 0, 0, 'Sistemas de producciÃ³n animal', 184),
(172, 0, 0, 0, 0, 0, 0, 0, 0, 0, 0, 0, 0, 0, 0, 'Sistemas de producciÃ³n animal', 185),
(173, 0, 0, 0, 0, 0, 0, 0, 0, 0, 0, 0, 0, 0, 0, 'Sistemas de producciÃ³n animal', 186),
(174, 0, 0, 0, 0, 0, 0, 0, 0, 0, 0, 0, 0, 0, 0, 'Sistemas de producciÃ³n animal', 187),
(175, 0, 0, 0, 0, 0, 0, 0, 0, 0, 0, 0, 0, 0, 0, 'Sistemas de producciÃ³n animal', 188),
(176, 0, 0, 0, 0, 0, 0, 0, 0, 0, 0, 0, 0, 0, 0, 'Sistemas de producciÃ³n animal', 189),
(177, 0, 0, 0, 0, 0, 0, 0, 0, 0, 0, 0, 0, 0, 0, '', 190),
(178, 0, 0, 0, 0, 0, 0, 0, 0, 0, 0, 0, 0, 0, 0, '', 191),
(179, 0, 0, 0, 0, 0, 0, 0, 0, 0, 0, 0, 0, 0, 0, '', 192),
(180, 0, 0, 0, 0, 0, 0, 0, 0, 0, 0, 0, 0, 0, 0, '', 193),
(181, 0, 0, 0, 0, 0, 0, 0, 0, 0, 0, 0, 0, 0, 0, '', 194),
(182, 0, 0, 0, 0, 0, 0, 0, 0, 0, 0, 0, 0, 0, 0, '', 195),
(183, 0, 0, 0, 0, 0, 0, 0, 0, 0, 0, 0, 0, 0, 0, '', 196),
(184, 0, 0, 0, 0, 0, 0, 0, 0, 0, 0, 0, 0, 0, 0, '', 197),
(185, 0, 0, 0, 0, 0, 0, 0, 0, 0, 0, 0, 0, 0, 0, '', 198),
(186, 0, 0, 0, 0, 0, 0, 0, 0, 0, 0, 0, 0, 0, 0, '', 199),
(187, 0, 0, 0, 0, 0, 0, 0, 0, 0, 0, 0, 0, 0, 0, '', 200),
(188, 0, 0, 0, 0, 0, 0, 0, 0, 0, 0, 0, 0, 0, 0, '', 201),
(189, 0, 0, 0, 0, 0, 0, 0, 0, 0, 0, 0, 0, 0, 0, '', 202),
(190, 0, 0, 0, 0, 0, 0, 0, 0, 0, 0, 0, 0, 0, 0, '', 203),
(191, 0, 0, 0, 0, 0, 0, 0, 0, 0, 0, 0, 0, 0, 0, '', 204),
(192, 0, 0, 0, 0, 0, 0, 0, 0, 0, 0, 0, 0, 0, 0, '', 205),
(193, 0, 0, 0, 0, 0, 0, 0, 0, 0, 0, 0, 0, 0, 0, '', 206),
(194, 0, 0, 0, 0, 0, 0, 0, 0, 0, 0, 0, 0, 0, 0, '', 207),
(195, 0, 0, 0, 0, 0, 0, 0, 0, 0, 0, 0, 0, 0, 0, '', 208),
(196, 0, 0, 0, 0, 0, 0, 0, 0, 0, 0, 0, 0, 0, 0, '', 209),
(197, 0, 0, 0, 0, 0, 0, 0, 0, 0, 0, 0, 0, 0, 0, '', 210),
(198, 0, 0, 0, 0, 0, 0, 0, 0, 0, 0, 0, 0, 0, 0, '', 211),
(199, 0, 0, 0, 0, 0, 0, 0, 0, 0, 0, 0, 0, 0, 0, '', 212),
(200, 0, 0, 0, 0, 0, 0, 0, 0, 0, 0, 0, 0, 0, 0, '', 213),
(201, 0, 0, 0, 0, 0, 1, 1, 1, 1, 0, 1, 0, 0, 0, '', 214),
(202, 0, 0, 0, 0, 0, 1, 1, 1, 1, 0, 1, 0, 0, 0, '', 215);

-- --------------------------------------------------------

--
-- Estructura de tabla para la tabla `co_agr_sistemasagroforestales`
--

CREATE TABLE `co_agr_sistemasagroforestales` (
  `idSistemasAgroforestales` int(11) NOT NULL,
  `AreaDestinoConservaSilvo` tinyint(1) DEFAULT NULL,
  `SistemaAgroforestal` tinyint(1) DEFAULT NULL,
  `Otro` varchar(100) CHARACTER SET latin1 DEFAULT NULL,
  `idAreaTrabajo` int(11) DEFAULT NULL
) ENGINE=InnoDB DEFAULT CHARSET=utf8;

--
-- Volcado de datos para la tabla `co_agr_sistemasagroforestales`
--

INSERT INTO `co_agr_sistemasagroforestales` (`idSistemasAgroforestales`, `AreaDestinoConservaSilvo`, `SistemaAgroforestal`, `Otro`, `idAreaTrabajo`) VALUES
(1, 1, 1, 'sistemas', 33),
(2, 1, 1, 'sistemas', 33),
(3, 1, 1, 'sistemas', 33),
(4, 1, 1, 'sistemas', 33),
(5, 1, 1, 'sistemas', 33),
(6, 1, 1, 'sistemas', 33),
(7, 1, 1, 'Sistemas agroforestales', 34),
(8, 1, 1, 'Sistemas agroforestales', 35),
(9, 1, 1, 'Sistemas agroforestales', 36),
(10, 1, 1, 'Sistemas agroforestales', 37),
(11, 1, 1, 'Sistemas agroforestales', 38),
(12, 1, 1, 'Sistemas agroforestales', 39),
(13, 0, 0, '', 40),
(14, 0, 0, '', 41),
(15, 0, 0, '', 43),
(16, 0, 0, '', 43),
(17, 0, 0, '', 45),
(18, 0, 0, '', 45),
(19, 0, 0, '', 46),
(20, 0, 0, '', 47),
(21, 0, 0, '', 49),
(22, 0, 0, '', 49),
(23, 0, 0, '', 51),
(24, 0, 0, '', 51),
(25, 0, 0, '', 54),
(26, 0, 0, '', 54),
(27, 0, 0, '', 54),
(28, 0, 0, '', 57),
(29, 0, 0, '', 57),
(30, 0, 0, '', 57),
(31, 0, 0, '', 58),
(32, 0, 0, '', 59),
(33, 0, 0, '', 60),
(34, 0, 0, '', 61),
(35, 0, 0, '', 62),
(36, 0, 0, '', 63),
(37, 0, 0, '', 65),
(38, 0, 0, '', 65),
(39, 0, 0, '', 67),
(40, 0, 0, '', 67),
(41, 0, 0, '', 68),
(42, 0, 0, '', 69),
(43, 0, 0, '', 70),
(44, 0, 0, '', 71),
(45, 0, 0, '', 72),
(46, 0, 0, '', 73),
(47, 0, 0, '', 75),
(48, 0, 0, '', 75),
(49, 0, 0, '', 77),
(50, 0, 0, '', 77),
(51, 0, 0, '', 78),
(52, 0, 0, '', 80),
(53, 0, 0, '', 81),
(54, 0, 0, '', 83),
(55, 0, 0, '', 83),
(56, 0, 0, '', 83),
(57, 0, 0, '', 84),
(58, 0, 0, '', 87),
(59, 0, 0, '', 87),
(60, 0, 0, '', 87),
(61, 0, 0, '', 89),
(62, 0, 0, '', 89),
(63, 0, 0, '', 90),
(64, 0, 0, '', 91),
(65, 0, 0, '', 92),
(66, 0, 0, '', 93),
(67, 0, 0, '', 94),
(68, 0, 0, '', 95),
(69, 0, 0, '', 96),
(70, 0, 0, '', 97),
(71, 0, 0, '', 98),
(72, 0, 0, '', 99),
(73, 0, 0, '', 100),
(74, 0, 0, '', 101),
(75, 0, 0, '', 102),
(76, 0, 0, '', 103),
(77, 0, 0, '', 104),
(78, 0, 0, '', 105),
(79, 0, 0, '', 106),
(80, 0, 0, '', 107),
(81, 0, 0, '', 108),
(82, 0, 0, '', 110),
(83, 0, 0, '', 111),
(84, 0, 0, '', 111),
(85, 0, 0, '', 113),
(86, 0, 0, '', 113),
(87, 0, 0, '', 114),
(88, 0, 0, '', 115),
(89, 0, 0, '', 116),
(90, 0, 0, '', 117),
(91, 0, 0, '', 118),
(92, 0, 0, '', 119),
(93, 0, 0, '', 120),
(94, 0, 0, '', 121),
(95, 0, 0, '', 122),
(96, 0, 0, '', 123),
(97, 0, 0, '', 124),
(98, 0, 0, '', 125),
(99, 0, 0, '', 126),
(100, 0, 0, '', 127),
(101, 0, 0, '', 128),
(102, 0, 0, '', 129),
(103, 0, 0, '', 130),
(104, 0, 0, '', 131),
(105, 0, 0, '', 132),
(106, 0, 0, '', 133),
(107, 0, 0, '', 134),
(108, 0, 0, '', 135),
(109, 0, 0, '', 136),
(110, 0, 0, '', 137),
(111, 0, 0, '', 138),
(112, 0, 0, '', 139),
(113, 0, 0, '', 140),
(114, 0, 0, '', 141),
(115, 0, 0, '', 142),
(116, 0, 0, '', 143),
(117, 0, 0, '', 144),
(118, 0, 0, '', 145),
(119, 0, 0, '', 146),
(120, 0, 0, '', 147),
(121, 0, 0, '', 148),
(122, 0, 0, '', 149),
(123, 0, 0, '', 150),
(124, 0, 0, '', 151),
(125, 0, 0, '', 152),
(126, 0, 0, '', 153),
(127, 0, 0, '', 154),
(128, 0, 0, '', 155),
(129, 0, 0, '', 156),
(130, 0, 0, '', 157),
(131, 0, 0, '', 158),
(132, 0, 0, '', 159),
(133, 0, 0, '1', 160),
(134, 0, 0, '1', 161),
(135, 0, 0, '1', 162),
(136, 0, 0, '1', 163),
(137, 0, 0, '1', 164),
(138, 0, 0, '1', 165),
(139, 0, 0, '1', 166),
(140, 0, 0, '1', 167),
(141, 0, 0, '1', 168),
(142, 0, 0, '1', 169),
(143, 0, 0, '1', 170),
(144, 0, 0, '1', 171),
(145, 0, 0, '1', 172),
(146, 0, 0, '1', 173),
(147, 0, 0, '1', 174),
(148, 0, 0, '1', 175),
(149, 0, 0, '1', 176),
(150, 0, 0, '1', 177),
(151, 0, 0, '1', 178),
(152, 0, 0, '1', 179),
(153, 0, 0, '1', 180),
(154, 0, 0, '1', 181),
(155, 0, 0, 'Sistemas agroforestales', 182),
(156, 0, 0, 'Sistemas agroforestales', 183),
(157, 0, 0, 'Sistemas agroforestales', 184),
(158, 0, 0, 'Sistemas agroforestales', 185),
(159, 0, 0, 'Sistemas agroforestales', 186),
(160, 0, 0, 'Sistemas agroforestales', 187),
(161, 0, 0, 'Sistemas agroforestales', 188),
(162, 0, 0, 'Sistemas agroforestales', 189),
(163, 0, 0, '', 190),
(164, 0, 0, '', 191),
(165, 0, 0, '', 192),
(166, 0, 0, '', 193),
(167, 0, 0, '', 194),
(168, 0, 0, '', 195),
(169, 0, 0, '', 196),
(170, 0, 0, '', 197),
(171, 0, 0, '', 198),
(172, 0, 0, '', 199),
(173, 0, 0, '', 200),
(174, 0, 0, '', 201),
(175, 0, 0, '', 202),
(176, 0, 0, '', 203),
(177, 0, 0, '', 204),
(178, 0, 0, '', 205),
(179, 0, 0, '', 206),
(180, 0, 0, '', 207),
(181, 0, 0, '', 208),
(182, 0, 0, '', 209),
(183, 0, 0, '', 210),
(184, 0, 0, '', 211),
(185, 0, 0, '', 212),
(186, 0, 0, '', 213),
(187, 0, 1, '', 214),
(188, 0, 1, '', 215);

-- --------------------------------------------------------

--
-- Estructura de tabla para la tabla `co_agr_tipocolectivoorganizacion`
--

CREATE TABLE `co_agr_tipocolectivoorganizacion` (
  `idTipoColectivoOrganizacion` int(11) NOT NULL,
  `PorgramaExtensionUniversitaria` tinyint(1) DEFAULT NULL,
  `Otro` varchar(100) CHARACTER SET latin1 DEFAULT NULL,
  `idEntrevista` int(11) NOT NULL
) ENGINE=InnoDB DEFAULT CHARSET=utf8;

--
-- Volcado de datos para la tabla `co_agr_tipocolectivoorganizacion`
--

INSERT INTO `co_agr_tipocolectivoorganizacion` (`idTipoColectivoOrganizacion`, `PorgramaExtensionUniversitaria`, `Otro`, `idEntrevista`) VALUES
(1, NULL, NULL, 0),
(2, NULL, NULL, 0),
(3, NULL, NULL, 0),
(4, NULL, NULL, 0),
(5, NULL, NULL, 0),
(6, 1, 'otrao', 0),
(7, 1, 'otrao', 33),
(8, 1, 'otrao', 33),
(9, 1, 'otro Colectivo', 34),
(10, 1, 'otro Colectivo', 35),
(11, 1, 'otro Colectivo', 36),
(12, 1, 'otro Colectivo', 37),
(13, 1, 'otro Colectivo', 38),
(14, 1, 'otro Colectivo', 39),
(15, 0, '', 40),
(16, 0, '', 41),
(17, 0, '', 43),
(18, 0, '', 43),
(19, 0, '', 45),
(20, 0, '', 45),
(21, 0, '', 46),
(22, 0, '', 47),
(23, 0, '', 49),
(24, 0, '', 49),
(25, 0, '', 51),
(26, 0, '', 51),
(27, 0, '', 54),
(28, 0, '', 54),
(29, 0, '', 54),
(30, 0, '', 57),
(31, 0, '', 57),
(32, 0, '', 57),
(33, 0, '', 58),
(34, 0, '', 59),
(35, 0, '', 60),
(36, 0, '', 61),
(37, 0, '', 62),
(38, 0, '', 63),
(39, 0, '', 65),
(40, 0, '', 65),
(41, 0, '', 67),
(42, 0, '', 67),
(43, 0, '', 68),
(44, 0, '', 69),
(45, 0, '', 70),
(46, 0, '', 71),
(47, 0, '', 72),
(48, 0, '', 73),
(49, 0, '', 75),
(50, 0, '', 76),
(51, 0, '', 77),
(52, 0, '', 78),
(53, 0, '', 79),
(54, 0, '', 81),
(55, 0, '', 82),
(56, 0, '', 83),
(57, 0, '', 84),
(58, 0, '', 84),
(59, 0, '', 85),
(60, 0, '', 87),
(61, 0, '', 87),
(62, 0, '', 87),
(63, 0, '', 89),
(64, 0, '', 89),
(65, 0, '', 90),
(66, 0, '', 91),
(67, 0, '', 92),
(68, 0, '', 93),
(69, 0, '', 94),
(70, 0, '', 95),
(71, 0, '', 96),
(72, 0, '', 97),
(73, 0, '', 98),
(74, 0, '', 99),
(75, 0, '', 100),
(76, 0, '', 101),
(77, 0, '', 102),
(78, 0, '', 103),
(79, 0, '', 104),
(80, 0, '', 105),
(81, 0, '', 106),
(82, 0, '', 107),
(83, 0, '', 108),
(84, 0, '', 111),
(85, 0, '', 111),
(86, 0, '', 112),
(87, 0, '', 113),
(88, 0, '', 113),
(89, 0, '', 114),
(90, 0, '', 115),
(91, 0, '', 116),
(92, 0, '', 117),
(93, 0, '', 118),
(94, 0, '', 119),
(95, 0, '', 120),
(96, 0, '', 121),
(97, 0, '', 122),
(98, 0, '', 123),
(99, 0, '', 124),
(100, 0, '', 125),
(101, 0, '', 126),
(102, 0, '', 127),
(103, 0, '', 128),
(104, 0, '', 129),
(105, 0, '', 130),
(106, 0, '', 131),
(107, 0, '', 132),
(108, 0, '', 133),
(109, 0, '', 134),
(110, 0, '', 135),
(111, 0, '', 136),
(112, 0, '', 137),
(113, 0, '', 138),
(114, 0, '', 139),
(115, 0, '', 140),
(116, 0, '', 141),
(117, 0, '', 142),
(118, 0, '', 143),
(119, 0, '', 144),
(120, 0, '', 145),
(121, 0, '', 146),
(122, 0, '', 147),
(123, 0, '', 148),
(124, 0, '', 149),
(125, 0, '', 150),
(126, 0, '', 151),
(127, 0, '', 152),
(128, 0, '', 153),
(129, 0, '', 154),
(130, 0, '', 155),
(131, 0, '', 156),
(132, 0, '', 157),
(133, 0, '', 158),
(134, 0, '', 159),
(135, 0, '', 160),
(136, 0, '', 161),
(137, 0, '', 162),
(138, 0, '', 163),
(139, 0, '', 164),
(140, 0, '', 165),
(141, 0, '', 166),
(142, 0, '', 167),
(143, 0, '', 168),
(144, 0, '', 169),
(145, 0, '', 170),
(146, 0, '', 171),
(147, 0, '', 172),
(148, 0, '', 173),
(149, 0, '', 174),
(150, 0, '', 175),
(151, 0, '', 176),
(152, 0, '', 177),
(153, 0, '1', 178),
(154, 0, '1', 179),
(155, 0, '1', 180),
(156, 0, '1', 181),
(157, 1, 'Otro', 182),
(158, 1, 'Otro', 183),
(159, 1, 'Otro', 184),
(160, 1, 'Otro', 185),
(161, 1, 'Otro', 186),
(162, 1, 'Otro', 187),
(163, 1, 'Otro', 188),
(164, 1, 'Otro', 189),
(165, 0, '', 190),
(166, 0, '', 191),
(167, 0, '', 192),
(168, 0, '', 193),
(169, 0, '', 194),
(170, 0, '', 195),
(171, 0, '', 196),
(172, 0, '', 197),
(173, 0, '', 198),
(174, 0, '', 199),
(175, 0, '', 200),
(176, 0, '', 201),
(177, 0, '', 202),
(178, 0, '', 203),
(179, 0, '', 204),
(180, 0, '', 205),
(181, 0, '', 206),
(182, 0, '', 207),
(183, 0, '', 208),
(184, 0, '', 209),
(185, 0, '', 210),
(186, 0, '', 211),
(187, 0, '', 212),
(188, 0, '', 213),
(189, 0, '', 214),
(190, 0, '', 215);

-- --------------------------------------------------------

--
-- Estructura de tabla para la tabla `co_agr_tipoorganizacion`
--

CREATE TABLE `co_agr_tipoorganizacion` (
  `idTipoOrganizacion` int(45) NOT NULL,
  `OrganizacionCampesina` tinyint(1) DEFAULT NULL,
  `SociedadCivil` tinyint(1) DEFAULT NULL,
  `OtroTipoOrganizacion` varchar(45) COLLATE utf8_bin NOT NULL,
  `IdTipoColectivoOrganizacion` int(45) NOT NULL
) ENGINE=InnoDB DEFAULT CHARSET=utf8 COLLATE=utf8_bin;

-- --------------------------------------------------------

--
-- Estructura de tabla para la tabla `co_agr_trabajoninojuventud`
--

CREATE TABLE `co_agr_trabajoninojuventud` (
  `idTrabajoNinoJuventd` int(11) NOT NULL,
  `HuertoEscolar` tinyint(1) DEFAULT NULL,
  `ProyectoPedagogico` tinyint(1) DEFAULT NULL,
  `Otro` varchar(100) DEFAULT NULL,
  `idAreaTrabajo` int(11) DEFAULT NULL
) ENGINE=InnoDB DEFAULT CHARSET=utf8;

--
-- Volcado de datos para la tabla `co_agr_trabajoninojuventud`
--

INSERT INTO `co_agr_trabajoninojuventud` (`idTrabajoNinoJuventd`, `HuertoEscolar`, `ProyectoPedagogico`, `Otro`, `idAreaTrabajo`) VALUES
(1, 1, 1, 'trabajo', 33),
(2, 1, 1, 'trabajo', 33),
(3, 1, 1, 'Trabajo con niÃ±os/juventud', 34),
(4, 1, 1, 'Trabajo con niÃ±os/juventud', 35),
(5, 1, 1, 'Trabajo con niÃ±os/juventud', 36),
(6, 1, 1, 'Trabajo con niÃ±os/juventud', 37),
(7, 1, 1, 'Trabajo con niÃ±os/juventud', 38),
(8, 1, 1, 'Trabajo con niÃ±os/juventud', 39),
(9, 0, 0, '', 40),
(10, 0, 0, '', 41),
(11, 0, 0, '', 43),
(12, 0, 0, '', 43),
(13, 0, 0, '', 45),
(14, 0, 0, '', 45),
(15, 0, 0, '', 46),
(16, 0, 0, '', 47),
(17, 0, 0, '', 49),
(18, 0, 0, '', 49),
(19, 0, 0, '', 51),
(20, 0, 0, '', 51),
(21, 0, 0, '', 54),
(22, 0, 0, '', 54),
(23, 0, 0, '', 54),
(24, 0, 0, '', 57),
(25, 0, 0, '', 57),
(26, 0, 0, '', 57),
(27, 0, 0, '', 58),
(28, 0, 0, '', 59),
(29, 0, 0, '', 60),
(30, 0, 0, '', 61),
(31, 0, 0, '', 62),
(32, 0, 0, '', 63),
(33, 0, 0, '', 65),
(34, 0, 0, '', 65),
(35, 0, 0, '', 67),
(36, 0, 0, '', 67),
(37, 0, 0, '', 68),
(38, 0, 0, '', 69),
(39, 0, 0, '', 70),
(40, 0, 0, '', 71),
(41, 0, 0, '', 72),
(42, 0, 0, '', 73),
(43, 0, 0, '', 74),
(44, 0, 0, '', 75),
(45, 0, 0, '', 76),
(46, 0, 0, '', 77),
(47, 0, 0, '', 78),
(48, 0, 0, '', 80),
(49, 0, 0, '', 80),
(50, 0, 0, '', 81),
(51, 0, 0, '', 83),
(52, 0, 0, '', 83),
(53, 0, 0, '', 84),
(54, 0, 0, '', 85),
(55, 0, 0, '', 87),
(56, 0, 0, '', 87),
(57, 0, 0, '', 89),
(58, 0, 0, '', 89),
(59, 0, 0, '', 90),
(60, 0, 0, '', 91),
(61, 0, 0, '', 92),
(62, 0, 0, '', 93),
(63, 0, 0, '', 94),
(64, 0, 0, '', 95),
(65, 0, 0, '', 96),
(66, 0, 0, '', 97),
(67, 0, 0, '', 98),
(68, 0, 0, '', 99),
(69, 0, 0, '', 100),
(70, 0, 0, '', 101),
(71, 0, 0, '', 102),
(72, 0, 0, '', 103),
(73, 0, 0, '', 104),
(74, 0, 0, '', 105),
(75, 0, 0, '', 106),
(76, 0, 0, '', 107),
(77, 0, 0, '', 108),
(78, 0, 0, '', 110),
(79, 0, 0, '', 110),
(80, 0, 0, '', 111),
(81, 0, 0, '', 112),
(82, 0, 0, '', 113),
(83, 0, 0, '', 114),
(84, 0, 0, '', 115),
(85, 0, 0, '', 116),
(86, 0, 0, '', 117),
(87, 0, 0, '', 118),
(88, 0, 0, '', 119),
(89, 0, 0, '', 120),
(90, 0, 0, '', 121),
(91, 0, 0, '', 122),
(92, 0, 0, '', 123),
(93, 0, 0, '', 124),
(94, 0, 0, '', 125),
(95, 0, 0, '', 126),
(96, 0, 0, '', 127),
(97, 0, 0, '', 128),
(98, 0, 0, '', 129),
(99, 0, 0, '', 130),
(100, 0, 0, '', 131),
(101, 0, 0, '', 132),
(102, 0, 0, '', 133),
(103, 0, 0, '', 134),
(104, 0, 0, '', 135),
(105, 0, 0, '', 136),
(106, 0, 0, '', 137),
(107, 0, 0, '', 138),
(108, 0, 0, '', 139),
(109, 0, 0, '', 140),
(110, 0, 0, '', 141),
(111, 0, 0, '', 142),
(112, 0, 0, '', 143),
(113, 0, 0, '', 144),
(114, 0, 0, '', 145),
(115, 0, 0, '', 146),
(116, 0, 0, '', 147),
(117, 0, 0, '', 148),
(118, 0, 0, '', 149),
(119, 0, 0, '', 150),
(120, 0, 0, '', 151),
(121, 0, 0, '', 152),
(122, 0, 0, '', 153),
(123, 0, 0, '', 154),
(124, 0, 0, '', 155),
(125, 0, 0, '1', 156),
(126, 0, 0, '1', 157),
(127, 0, 0, '1', 158),
(128, 0, 0, '1', 159),
(129, 0, 0, '1', 160),
(130, 0, 0, '1', 161),
(131, 0, 0, '1', 162),
(132, 0, 0, '1', 163),
(133, 0, 0, '1', 164),
(134, 0, 0, '1', 165),
(135, 0, 0, '1', 166),
(136, 0, 0, '1', 167),
(137, 0, 0, '1', 168),
(138, 0, 0, '1', 169),
(139, 0, 0, '1', 170),
(140, 0, 0, '1', 171),
(141, 0, 0, '1', 172),
(142, 0, 0, '1', 173),
(143, 0, 0, '1', 174),
(144, 0, 0, '1', 175),
(145, 0, 0, '1', 176),
(146, 0, 0, '1', 177),
(147, 0, 0, '1', 178),
(148, 0, 0, '1', 179),
(149, 0, 0, '1', 180),
(150, 0, 0, '1', 181),
(151, 1, 0, 'Trabajo con niÃ±os/juventud', 182),
(152, 1, 0, 'Trabajo con niÃ±os/juventud', 183),
(153, 1, 0, 'Trabajo con niÃ±os/juventud', 184),
(154, 1, 0, 'Trabajo con niÃ±os/juventud', 185),
(155, 1, 0, 'Trabajo con niÃ±os/juventud', 186),
(156, 1, 0, 'Trabajo con niÃ±os/juventud', 187),
(157, 1, 0, 'Trabajo con niÃ±os/juventud', 188),
(158, 1, 0, 'Trabajo con niÃ±os/juventud', 189),
(159, 0, 0, '', 190),
(160, 0, 0, '', 191),
(161, 0, 0, '', 192),
(162, 0, 0, '', 193),
(163, 0, 0, '', 194),
(164, 0, 0, '', 195),
(165, 0, 0, '', 196),
(166, 0, 0, '', 197),
(167, 0, 0, '', 198),
(168, 0, 0, '', 199),
(169, 0, 0, '', 200),
(170, 0, 0, '', 201),
(171, 0, 0, '', 202),
(172, 0, 0, '', 203),
(173, 0, 0, '', 204),
(174, 0, 0, '', 205),
(175, 0, 0, '', 206),
(176, 0, 0, '', 207),
(177, 0, 0, '', 208),
(178, 0, 0, '', 209),
(179, 0, 0, '', 210),
(180, 0, 0, '', 211),
(181, 0, 0, '', 212),
(182, 0, 0, '', 213),
(183, 0, 1, '', 214),
(184, 0, 1, '', 215);

-- --------------------------------------------------------

--
-- Estructura de tabla para la tabla `co_agr_ubicacion`
--

CREATE TABLE `co_agr_ubicacion` (
  `idUbicacion` int(11) NOT NULL,
  `idEstado` int(11) NOT NULL,
  `idMunicipio` int(11) NOT NULL,
  `idEntrevista` int(11) DEFAULT NULL
) ENGINE=InnoDB DEFAULT CHARSET=utf8;

--
-- Volcado de datos para la tabla `co_agr_ubicacion`
--

INSERT INTO `co_agr_ubicacion` (`idUbicacion`, `idEstado`, `idMunicipio`, `idEntrevista`) VALUES
(7, 5, 18, 239),
(8, 17, 26, 240),
(9, 27, 26, 241),
(10, 11, 17, 242),
(11, 17, 27, 243);

-- --------------------------------------------------------

--
-- Estructura de tabla para la tabla `co_agr_usuario`
--

CREATE TABLE `co_agr_usuario` (
  `idUsuario` int(30) NOT NULL,
  `Nombre` varchar(45) CHARACTER SET latin1 DEFAULT NULL,
  `Apellido` varchar(45) CHARACTER SET latin1 DEFAULT NULL,
  `Correo` varchar(45) CHARACTER SET latin1 DEFAULT NULL,
  `Contrasena` varchar(45) CHARACTER SET latin1 DEFAULT NULL,
  `usuario` varchar(45) DEFAULT NULL,
  `admin` tinyint(1) DEFAULT NULL,
  `user` varchar(150) DEFAULT NULL,
  `fecha_creacion` date DEFAULT NULL
) ENGINE=InnoDB DEFAULT CHARSET=utf8;

--
-- Volcado de datos para la tabla `co_agr_usuario`
--

INSERT INTO `co_agr_usuario` (`idUsuario`, `Nombre`, `Apellido`, `Correo`, `Contrasena`, `usuario`, `admin`, `user`, `fecha_creacion`) VALUES
(1, 'Javier', 'Lopez', 'prueba@2.com', '123', 'user1', NULL, NULL, '2020-03-01'),
(2, 'Jesus', 'Mario', 'prueba@1.com', '1234', 'user2', 1, NULL, '2020-02-04'),
(3, 'Javier', 'Lopez', 'prueba@1.com', '123', NULL, NULL, NULL, '2020-02-10'),
(4, 'Javier', 'Lopez', 'prueba@1.com', '123', NULL, NULL, NULL, '2020-03-08'),
(5, 'Javier', 'Lopez', 'prueba@2.com', '123', NULL, NULL, NULL, '2020-03-15'),
(6, 'Javier', 'Tapia', 'jamro4076@gmail.com', '123', NULL, NULL, NULL, '2020-03-07'),
(7, 'myestras', NULL, 'swq@hoas', NULL, NULL, NULL, NULL, '2020-03-01'),
(8, 'wqs', NULL, 'swq@hoas', NULL, NULL, NULL, NULL, '2020-03-02'),
(9, 'wqs', NULL, 'swq@hoas', NULL, NULL, NULL, NULL, '2020-03-02'),
(10, 'wqs', NULL, 'swq@hoas', NULL, NULL, NULL, NULL, '2020-03-02'),
(11, 'wqs', NULL, 'swq@hoas', NULL, NULL, NULL, NULL, '2020-03-02'),
(12, 'wqs', NULL, 'swq@hoas', NULL, NULL, NULL, NULL, '2020-03-02'),
(13, 'wqs', NULL, 'swq@hoas', NULL, NULL, NULL, NULL, '2020-03-02'),
(14, 'wqs', NULL, 'swq@hoas', NULL, NULL, NULL, NULL, '2020-03-02'),
(15, 'csd', NULL, 'csdc@csd', NULL, NULL, NULL, NULL, '2020-03-02'),
(16, 'csd', NULL, 'csdc@csd', NULL, NULL, NULL, NULL, '2020-02-04'),
(17, 'csd', NULL, 'csdc@csd', NULL, NULL, NULL, NULL, '2020-02-04'),
(18, '', NULL, '', NULL, NULL, NULL, NULL, NULL),
(19, 'vsd', 'vsd', 'vsd@vsd', 'vsd', 'vsd', NULL, NULL, '2020-03-03'),
(20, 'Admin', 'Admin', 'Admin', 'Admin', 'Admin', NULL, NULL, '2020-03-03'),
(21, 'xas', 'xas', 'xas', 'xas', 'xas', NULL, NULL, '2020-03-03'),
(22, 'muestra', 'muestra', 'muytes', 'xas', 'xas', NULL, NULL, '2020-03-03'),
(23, 'muestracsd', 'muestra', 'muytes', '', 'xas', NULL, NULL, '2020-03-03'),
(24, 'muestracsd', 'muestra', 'muytes', '', 'xas', NULL, NULL, '2020-03-03'),
(25, 'muestracsd', 'muestra', 'muytes', '', 'xas', NULL, NULL, '2020-03-03'),
(26, 'muestracsd', 'muestra', 'muytes', 'cascsa', 'xas', NULL, NULL, '2020-03-03'),
(27, 'dwqd', 'dwe', 'dew@ds', 'user', 'user', NULL, NULL, '2020-03-03'),
(28, 'dwqd', 'dwe', 'dew@ds', '', 'user', NULL, NULL, '2020-03-03'),
(29, 'dwqd', 'dwe', 'dew@ds', 'cdscsd', 'user', NULL, NULL, '2020-03-03'),
(30, 'dwqd', 'dwe', 'dew@ds', '', 'user', NULL, NULL, '2020-03-03'),
(31, 'dwqd', 'dwe', 'dew@ds', '', 'user', NULL, NULL, '2020-03-03'),
(32, 'juan', 'perez', 'email@hotmail', '123', 'user5', NULL, NULL, '2020-03-03'),
(33, 'juan', 'perez', 'email@hotmail', '123', 'user5', NULL, NULL, '2020-03-03'),
(34, 'cs', 'csd', 'csd@hf', 'asw', 'asa', NULL, NULL, '2020-03-03'),
(35, 'cssdc', 'csd', 'csd', 'csd', 'csd@sdcs', NULL, NULL, '2020-03-03'),
(36, 'muestra', 'da', 'dwc@ced', 'de', 'ew', NULL, NULL, '2020-03-03'),
(37, '', '', '', '', '', NULL, NULL, '2020-03-03'),
(38, '', '', '', '', '', NULL, NULL, '2020-03-03'),
(39, '', '', '', '', '', NULL, NULL, '2020-03-03'),
(40, '', '', '', '', '', NULL, NULL, '2020-03-03'),
(41, '', '', '', '', '', NULL, NULL, '2020-03-03'),
(42, '', '', '', '', '', NULL, NULL, '2020-03-03'),
(43, '', '', '', '', '', NULL, NULL, '2020-03-03'),
(44, '', '', '', '', '', NULL, NULL, '2020-03-03'),
(45, '', '', '', '', '', NULL, NULL, '2020-03-03'),
(46, '', '', '', '', '', NULL, NULL, '2020-03-03'),
(47, '', '', '', '', '', NULL, NULL, '2020-03-03'),
(48, '', '', '', '', '', NULL, NULL, '2020-03-03'),
(49, '', '', '', '', '', NULL, NULL, '2020-03-03'),
(50, '', '', '', '', '', NULL, NULL, '2020-03-03'),
(51, 'vdf', '', '', '', '', NULL, NULL, '2020-03-03'),
(52, '', '', '', '', '', NULL, NULL, '2020-03-03'),
(53, '', '', '', '', '', NULL, NULL, '2020-03-03'),
(54, 'sd', '', '', '', '', NULL, NULL, '2020-03-03'),
(55, '', '', '', '', '', NULL, NULL, '2020-03-03'),
(56, '', '', '', '', '', NULL, NULL, '2020-03-03'),
(57, '', '', '', '', '', NULL, NULL, '2020-03-03'),
(58, 'as', 'casc', 'as', 'cas', 'cas', NULL, NULL, '2020-03-03'),
(59, '', '', '', '', '', NULL, NULL, '2020-03-03'),
(60, 'carlos ', 'castillo |', 'muestra@as|', '123', 'usermaster', NULL, NULL, '2020-03-03'),
(61, 'csd', 'csd', 'csd', 'csd', 'csd', NULL, NULL, '2020-03-03'),
(62, 'ac', 'cas', 'csa', 'csa', 'csa', NULL, NULL, '2020-03-03'),
(63, 'ac', 'cas', 'csa', 'xas', 'csa', NULL, NULL, '2020-03-03'),
(64, 'ca', 'csa', 'csa', 'csa', 'csa', NULL, NULL, '2020-03-03'),
(65, 'csd', 'sdcvsd', 'vsd', 'vsd', 'vsd', NULL, NULL, '2020-03-03'),
(66, 'vdf', 'vdf', 'vdf', 'vf', 'vdf', NULL, NULL, '2020-03-03'),
(67, 'vsdv', 'sd', 'vsdv', 'vsd', 'sd', NULL, NULL, '2020-03-03'),
(68, 'vdf', 'vdf', 'vdf', 'vfd', 'vdf', NULL, NULL, '2020-03-03'),
(69, 'fd', 'vdv', 'dfvd', 'vdf', 'f', NULL, NULL, '2020-03-03'),
(70, 'vd', 'vsd', 'vdsv', 'sd', 'sdv', NULL, NULL, '2020-03-03'),
(71, 'cdscs', 'cd', 'csd@hs.com', 'csd', 'csd', NULL, NULL, '2020-03-03'),
(72, 'xasx', 'as', 'xas@hom.com', 'xas', 'xas', NULL, NULL, '2020-03-03'),
(73, 'csd', 'csd', 'csd@homail.com', '123456789', 'user785', NULL, NULL, '2020-03-03'),
(74, 'cef', 'fwe', 'Anime@hotmail.com', '12345678', 'user8', NULL, NULL, '2020-03-04'),
(75, 'csa', 'csa', 'muestra@hotmail.com', '123456789', 'csd', NULL, NULL, '2020-03-05'),
(76, 'vsd', 'vf', 'dfv@muestra.co', 'cs', 'vdf', NULL, NULL, '2020-03-05'),
(77, 'vsd', 'vf', 'dfv@muestra.co', 'vdf', 'vdf', NULL, NULL, '2020-03-05'),
(78, 'Fernando', 'Lopez', 'jamro4076@gmail.com', '1234567890', 'FernandoPrueba', NULL, NULL, '2020-03-12'),
(79, 'pedro', 'lopez', 'asd@asd.com', '123456789', 'pepe', NULL, NULL, '2020-03-20'),
(80, 'jose carlos', 'castillo villa', 'DevJCCastilloVilla@hotmail.com', '123456789', 'carlos_51', NULL, NULL, '2020-03-24'),
(81, 'jose carlos', 'castillo villa', 'DevJCCastilloVilla@hotmail.com', '123456789', 'una', NULL, NULL, '2020-03-24'),
(82, 'jose carlos', 'castillo villa', 'DevJCCastilloVilla@hotmail.com', '12345678', 'Carlos_p', NULL, NULL, '2020-03-25'),
(83, 'jose carlos', 'castillo villa', 'DevJCCastilloVilla@hotmail.com', '123456789', 'user_root', NULL, NULL, '2020-03-26'),
(84, 'jose carlos', 'castillo villa', 'ejemplo@hotmail.com', '123456789', 'muestra_2111', NULL, NULL, '2020-03-27'),
(85, 'jose carlos', 'castillo villa', 'DevJCCastilloVilla@hotmail.com', '123456789', 'user4', NULL, NULL, '2020-03-27');

--
-- Índices para tablas volcadas
--

--
-- Indices de la tabla `co_agr_actividadnoagricola`
--
ALTER TABLE `co_agr_actividadnoagricola`
  ADD PRIMARY KEY (`idActividadNoAgricola`),
  ADD KEY `IdAreaTrabajo` (`idAreaTrabajo`);

--
-- Indices de la tabla `co_agr_apicultura`
--
ALTER TABLE `co_agr_apicultura`
  ADD PRIMARY KEY (`IdApicultura`),
  ADD KEY `IdApicultura` (`IdSistemaProduccionAnimal`);

--
-- Indices de la tabla `co_agr_arbolizacion`
--
ALTER TABLE `co_agr_arbolizacion`
  ADD PRIMARY KEY (`idArbolizacion`),
  ADD KEY `idSistemaAgroforestales` (`idSistemasAgroforestales`);

--
-- Indices de la tabla `co_agr_areatrabajo`
--
ALTER TABLE `co_agr_areatrabajo`
  ADD PRIMARY KEY (`idAreaTrabajo`),
  ADD KEY `idEntrevista` (`idEntrevista`);

--
-- Indices de la tabla `co_agr_contacto`
--
ALTER TABLE `co_agr_contacto`
  ADD PRIMARY KEY (`idContacto`),
  ADD KEY `idEntrevista` (`idEntrevista`);

--
-- Indices de la tabla `co_agr_cooperativa`
--
ALTER TABLE `co_agr_cooperativa`
  ADD PRIMARY KEY (`idCooperativa`),
  ADD KEY `idEconomia` (`IdEconomia`);

--
-- Indices de la tabla `co_agr_cooperativa_colectivo`
--
ALTER TABLE `co_agr_cooperativa_colectivo`
  ADD PRIMARY KEY (`idCooperativaColectivo`),
  ADD KEY `idTipoColectivo` (`IdTipoColectivoOrganizacion`);

--
-- Indices de la tabla `co_agr_desarollolocal`
--
ALTER TABLE `co_agr_desarollolocal`
  ADD PRIMARY KEY (`idDesarrolloLocal`),
  ADD KEY `idAreaTrabajo` (`idAreaTrabajo`);

--
-- Indices de la tabla `co_agr_economia`
--
ALTER TABLE `co_agr_economia`
  ADD PRIMARY KEY (`IdEconomia`),
  ADD KEY `idAreaTrabajo` (`idAreaTrabajo`);

--
-- Indices de la tabla `co_agr_educacion`
--
ALTER TABLE `co_agr_educacion`
  ADD PRIMARY KEY (`idEducacion`),
  ADD KEY `idAreaTrabajo` (`idAreaTrabajo`);

--
-- Indices de la tabla `co_agr_educacionformal`
--
ALTER TABLE `co_agr_educacionformal`
  ADD PRIMARY KEY (`idEducacionFormal`),
  ADD KEY `idEducacionFormal` (`idEducacion`);

--
-- Indices de la tabla `co_agr_empresa_colectivo`
--
ALTER TABLE `co_agr_empresa_colectivo`
  ADD PRIMARY KEY (`idEmpresaColectivo`),
  ADD KEY `idTipoColectivoOrganizacion` (`idTipoColectivoOrganizacion`);

--
-- Indices de la tabla `co_agr_entrevista`
--
ALTER TABLE `co_agr_entrevista`
  ADD PRIMARY KEY (`idEntrevista`),
  ADD KEY `idUser` (`idUser`),
  ADD KEY `idUbicación` (`nombreUsuario`);

--
-- Indices de la tabla `co_agr_estado`
--
ALTER TABLE `co_agr_estado`
  ADD PRIMARY KEY (`cve_ent`);

--
-- Indices de la tabla `co_agr_estrategiaalternativaproduccion`
--
ALTER TABLE `co_agr_estrategiaalternativaproduccion`
  ADD PRIMARY KEY (`idEstrategiaAlternativaProduccion`),
  ADD KEY `idSistemaProduccionAgricola` (`idSistemaProduccionAgricola`);

--
-- Indices de la tabla `co_agr_formacion`
--
ALTER TABLE `co_agr_formacion`
  ADD PRIMARY KEY (`id_formacion`),
  ADD KEY `idEntrevista` (`idEntrevista`);

--
-- Indices de la tabla `co_agr_fundacion`
--
ALTER TABLE `co_agr_fundacion`
  ADD PRIMARY KEY (`idFundacion`),
  ADD KEY `IdTipoOrganizacion` (`IdTipoColectivoOrganizacion`);

--
-- Indices de la tabla `co_agr_gobierno`
--
ALTER TABLE `co_agr_gobierno`
  ADD PRIMARY KEY (`idGobierno`),
  ADD KEY `IdTipoOrganizacion` (`IdTipoColectivoOrganizacion`);

--
-- Indices de la tabla `co_agr_grupos_organizados`
--
ALTER TABLE `co_agr_grupos_organizados`
  ADD PRIMARY KEY (`idGruposOrganizados`),
  ADD KEY `idTipoColectivoOrganizacion` (`idTipoColectivoOrganizacion`);

--
-- Indices de la tabla `co_agr_huertos`
--
ALTER TABLE `co_agr_huertos`
  ADD PRIMARY KEY (`IdHuerto`),
  ADD KEY `IdAreaTrabajo` (`idAreaTrabajo`);

--
-- Indices de la tabla `co_agr_iniciativa`
--
ALTER TABLE `co_agr_iniciativa`
  ADD PRIMARY KEY (`idIniciativa`),
  ADD KEY `idEntrevista` (`idEntrevista`);

--
-- Indices de la tabla `co_agr_institucioneducativa`
--
ALTER TABLE `co_agr_institucioneducativa`
  ADD PRIMARY KEY (`idInstitucionEducativa`),
  ADD KEY `IdTipoOrganizacion` (`IdTipoColectivoOrganizacion`);

--
-- Indices de la tabla `co_agr_investigacionagricolarural`
--
ALTER TABLE `co_agr_investigacionagricolarural`
  ADD PRIMARY KEY (`idInvestigacionAgricolaRural`),
  ADD KEY `idAreaTrabajo` (`idAreaTrabajo`);

--
-- Indices de la tabla `co_agr_manejoplagasenfermedades`
--
ALTER TABLE `co_agr_manejoplagasenfermedades`
  ADD PRIMARY KEY (`IdManejoPlagasEnfermedades`),
  ADD KEY `IdSistemaProduccionAgricola` (`idSistemaProduccionAgricola`);

--
-- Indices de la tabla `co_agr_manejoposcosecha`
--
ALTER TABLE `co_agr_manejoposcosecha`
  ADD PRIMARY KEY (`idManejoPosCosecha`),
  ADD KEY `idAreaTrabajo` (`idAreaTrabajo`);

--
-- Indices de la tabla `co_agr_manejorecursoshidricos`
--
ALTER TABLE `co_agr_manejorecursoshidricos`
  ADD PRIMARY KEY (`idManejoRecursosHidricos`),
  ADD KEY `IdAreaTrabajo` (`idAreaTrabajo`);

--
-- Indices de la tabla `co_agr_manejosuelo`
--
ALTER TABLE `co_agr_manejosuelo`
  ADD PRIMARY KEY (`idManejoSuelo`),
  ADD KEY `idSistemaProduccionAgricola` (`idSistemaProduccionAgricola`);

--
-- Indices de la tabla `co_agr_nucleoagrario`
--
ALTER TABLE `co_agr_nucleoagrario`
  ADD PRIMARY KEY (`idNucleoAgrario`),
  ADD KEY `IdTipoOrganizacion` (`IdTipoColectivoOrganizacion`);

--
-- Indices de la tabla `co_agr_politica`
--
ALTER TABLE `co_agr_politica`
  ADD PRIMARY KEY (`idPolitica`),
  ADD KEY `idEntrevista` (`idEntrevista`);

--
-- Indices de la tabla `co_agr_practicas`
--
ALTER TABLE `co_agr_practicas`
  ADD PRIMARY KEY (`idPracticas`),
  ADD KEY `idSistemaProducAni` (`idSistemaProduAni`);

--
-- Indices de la tabla `co_agr_produccion`
--
ALTER TABLE `co_agr_produccion`
  ADD PRIMARY KEY (`idProduccion`),
  ADD KEY `IdCooperativa` (`idCooperativa`);

--
-- Indices de la tabla `co_agr_producinterinstalaciones`
--
ALTER TABLE `co_agr_producinterinstalaciones`
  ADD PRIMARY KEY (`idProducInterInstalaciones`);

--
-- Indices de la tabla `co_agr_productosforestales`
--
ALTER TABLE `co_agr_productosforestales`
  ADD PRIMARY KEY (`idProductosForestales`),
  ADD KEY `IdAreaTrabajo` (`idAreaTrabajo`);

--
-- Indices de la tabla `co_agr_proyect0pedago`
--
ALTER TABLE `co_agr_proyect0pedago`
  ADD PRIMARY KEY (`idProyectoPedago`),
  ADD KEY `idTrabajoJuventud` (`idTrabajoJuventud`);

--
-- Indices de la tabla `co_agr_redes`
--
ALTER TABLE `co_agr_redes`
  ADD PRIMARY KEY (`id_redes`),
  ADD KEY `idEntrevista` (`idEntrevista`);

--
-- Indices de la tabla `co_agr_saludplantasmedicinales`
--
ALTER TABLE `co_agr_saludplantasmedicinales`
  ADD PRIMARY KEY (`idSaludPlantasMedicinales`),
  ADD KEY `idAreaTrabajo` (`idAreaTrabajo`);

--
-- Indices de la tabla `co_agr_seguridad`
--
ALTER TABLE `co_agr_seguridad`
  ADD PRIMARY KEY (`idSeguridad`),
  ADD KEY `idEntrevista` (`idEntrevista`);

--
-- Indices de la tabla `co_agr_semillas`
--
ALTER TABLE `co_agr_semillas`
  ADD PRIMARY KEY (`idSemillas`),
  ADD KEY `idAreaTrabajo` (`idAreaTrabajo`);

--
-- Indices de la tabla `co_agr_sistemaproduccionagricola`
--
ALTER TABLE `co_agr_sistemaproduccionagricola`
  ADD PRIMARY KEY (`idSistemaProduccionAgricola`),
  ADD KEY `idAreaTrabajo` (`idAreaTrabajo`);

--
-- Indices de la tabla `co_agr_sistemaproduccionagricolacultivo`
--
ALTER TABLE `co_agr_sistemaproduccionagricolacultivo`
  ADD PRIMARY KEY (`idSistemaProduccionAgricolaCultivo`),
  ADD KEY `IdSistemaProduccionAgricola` (`idSistemaProduccionAgricola`);

--
-- Indices de la tabla `co_agr_sistemaproduccionanimal`
--
ALTER TABLE `co_agr_sistemaproduccionanimal`
  ADD PRIMARY KEY (`idSistemaProduccionAnimal`),
  ADD KEY `idAreaTrabajo` (`idAreaTrabajo`),
  ADD KEY `Acuacultura` (`Acuacultura`);

--
-- Indices de la tabla `co_agr_sistemasagroforestales`
--
ALTER TABLE `co_agr_sistemasagroforestales`
  ADD PRIMARY KEY (`idSistemasAgroforestales`),
  ADD KEY `IdAreaTrabajo` (`idAreaTrabajo`);

--
-- Indices de la tabla `co_agr_tipocolectivoorganizacion`
--
ALTER TABLE `co_agr_tipocolectivoorganizacion`
  ADD PRIMARY KEY (`idTipoColectivoOrganizacion`),
  ADD KEY `idEntrevista` (`idEntrevista`);

--
-- Indices de la tabla `co_agr_tipoorganizacion`
--
ALTER TABLE `co_agr_tipoorganizacion`
  ADD PRIMARY KEY (`idTipoOrganizacion`),
  ADD KEY `idTipoColectivo` (`IdTipoColectivoOrganizacion`);

--
-- Indices de la tabla `co_agr_trabajoninojuventud`
--
ALTER TABLE `co_agr_trabajoninojuventud`
  ADD PRIMARY KEY (`idTrabajoNinoJuventd`),
  ADD KEY `idAreaTrabajo` (`idAreaTrabajo`);

--
-- Indices de la tabla `co_agr_ubicacion`
--
ALTER TABLE `co_agr_ubicacion`
  ADD PRIMARY KEY (`idUbicacion`),
  ADD KEY `idEntrevista` (`idEntrevista`);

--
-- Indices de la tabla `co_agr_usuario`
--
ALTER TABLE `co_agr_usuario`
  ADD PRIMARY KEY (`idUsuario`);

--
-- AUTO_INCREMENT de las tablas volcadas
--

--
-- AUTO_INCREMENT de la tabla `co_agr_actividadnoagricola`
--
ALTER TABLE `co_agr_actividadnoagricola`
  MODIFY `idActividadNoAgricola` int(11) NOT NULL AUTO_INCREMENT, AUTO_INCREMENT=190;

--
-- AUTO_INCREMENT de la tabla `co_agr_apicultura`
--
ALTER TABLE `co_agr_apicultura`
  MODIFY `IdApicultura` int(11) NOT NULL AUTO_INCREMENT, AUTO_INCREMENT=199;

--
-- AUTO_INCREMENT de la tabla `co_agr_arbolizacion`
--
ALTER TABLE `co_agr_arbolizacion`
  MODIFY `idArbolizacion` int(11) NOT NULL AUTO_INCREMENT, AUTO_INCREMENT=189;

--
-- AUTO_INCREMENT de la tabla `co_agr_areatrabajo`
--
ALTER TABLE `co_agr_areatrabajo`
  MODIFY `idAreaTrabajo` int(11) NOT NULL AUTO_INCREMENT, AUTO_INCREMENT=188;

--
-- AUTO_INCREMENT de la tabla `co_agr_contacto`
--
ALTER TABLE `co_agr_contacto`
  MODIFY `idContacto` int(11) NOT NULL AUTO_INCREMENT, AUTO_INCREMENT=196;

--
-- AUTO_INCREMENT de la tabla `co_agr_cooperativa`
--
ALTER TABLE `co_agr_cooperativa`
  MODIFY `idCooperativa` int(11) NOT NULL AUTO_INCREMENT, AUTO_INCREMENT=189;

--
-- AUTO_INCREMENT de la tabla `co_agr_cooperativa_colectivo`
--
ALTER TABLE `co_agr_cooperativa_colectivo`
  MODIFY `idCooperativaColectivo` int(45) NOT NULL AUTO_INCREMENT;

--
-- AUTO_INCREMENT de la tabla `co_agr_desarollolocal`
--
ALTER TABLE `co_agr_desarollolocal`
  MODIFY `idDesarrolloLocal` int(11) NOT NULL AUTO_INCREMENT, AUTO_INCREMENT=192;

--
-- AUTO_INCREMENT de la tabla `co_agr_economia`
--
ALTER TABLE `co_agr_economia`
  MODIFY `IdEconomia` int(11) NOT NULL AUTO_INCREMENT, AUTO_INCREMENT=197;

--
-- AUTO_INCREMENT de la tabla `co_agr_educacion`
--
ALTER TABLE `co_agr_educacion`
  MODIFY `idEducacion` int(11) NOT NULL AUTO_INCREMENT, AUTO_INCREMENT=193;

--
-- AUTO_INCREMENT de la tabla `co_agr_educacionformal`
--
ALTER TABLE `co_agr_educacionformal`
  MODIFY `idEducacionFormal` int(45) NOT NULL AUTO_INCREMENT;

--
-- AUTO_INCREMENT de la tabla `co_agr_empresa_colectivo`
--
ALTER TABLE `co_agr_empresa_colectivo`
  MODIFY `idEmpresaColectivo` int(45) NOT NULL AUTO_INCREMENT;

--
-- AUTO_INCREMENT de la tabla `co_agr_entrevista`
--
ALTER TABLE `co_agr_entrevista`
  MODIFY `idEntrevista` int(30) NOT NULL AUTO_INCREMENT, AUTO_INCREMENT=244;

--
-- AUTO_INCREMENT de la tabla `co_agr_estrategiaalternativaproduccion`
--
ALTER TABLE `co_agr_estrategiaalternativaproduccion`
  MODIFY `idEstrategiaAlternativaProduccion` int(11) NOT NULL AUTO_INCREMENT, AUTO_INCREMENT=191;

--
-- AUTO_INCREMENT de la tabla `co_agr_formacion`
--
ALTER TABLE `co_agr_formacion`
  MODIFY `id_formacion` int(11) NOT NULL AUTO_INCREMENT, AUTO_INCREMENT=194;

--
-- AUTO_INCREMENT de la tabla `co_agr_fundacion`
--
ALTER TABLE `co_agr_fundacion`
  MODIFY `idFundacion` int(11) NOT NULL AUTO_INCREMENT, AUTO_INCREMENT=189;

--
-- AUTO_INCREMENT de la tabla `co_agr_grupos_organizados`
--
ALTER TABLE `co_agr_grupos_organizados`
  MODIFY `idGruposOrganizados` int(11) NOT NULL AUTO_INCREMENT;

--
-- AUTO_INCREMENT de la tabla `co_agr_huertos`
--
ALTER TABLE `co_agr_huertos`
  MODIFY `IdHuerto` int(50) NOT NULL AUTO_INCREMENT;

--
-- AUTO_INCREMENT de la tabla `co_agr_iniciativa`
--
ALTER TABLE `co_agr_iniciativa`
  MODIFY `idIniciativa` int(11) NOT NULL AUTO_INCREMENT, AUTO_INCREMENT=45;

--
-- AUTO_INCREMENT de la tabla `co_agr_institucioneducativa`
--
ALTER TABLE `co_agr_institucioneducativa`
  MODIFY `idInstitucionEducativa` int(11) NOT NULL AUTO_INCREMENT, AUTO_INCREMENT=2;

--
-- AUTO_INCREMENT de la tabla `co_agr_investigacionagricolarural`
--
ALTER TABLE `co_agr_investigacionagricolarural`
  MODIFY `idInvestigacionAgricolaRural` int(11) NOT NULL AUTO_INCREMENT, AUTO_INCREMENT=184;

--
-- AUTO_INCREMENT de la tabla `co_agr_manejoplagasenfermedades`
--
ALTER TABLE `co_agr_manejoplagasenfermedades`
  MODIFY `IdManejoPlagasEnfermedades` int(11) NOT NULL AUTO_INCREMENT, AUTO_INCREMENT=191;

--
-- AUTO_INCREMENT de la tabla `co_agr_manejoposcosecha`
--
ALTER TABLE `co_agr_manejoposcosecha`
  MODIFY `idManejoPosCosecha` int(11) NOT NULL AUTO_INCREMENT, AUTO_INCREMENT=184;

--
-- AUTO_INCREMENT de la tabla `co_agr_manejorecursoshidricos`
--
ALTER TABLE `co_agr_manejorecursoshidricos`
  MODIFY `idManejoRecursosHidricos` int(11) NOT NULL AUTO_INCREMENT, AUTO_INCREMENT=185;

--
-- AUTO_INCREMENT de la tabla `co_agr_manejosuelo`
--
ALTER TABLE `co_agr_manejosuelo`
  MODIFY `idManejoSuelo` int(11) NOT NULL AUTO_INCREMENT, AUTO_INCREMENT=191;

--
-- AUTO_INCREMENT de la tabla `co_agr_nucleoagrario`
--
ALTER TABLE `co_agr_nucleoagrario`
  MODIFY `idNucleoAgrario` int(11) NOT NULL AUTO_INCREMENT, AUTO_INCREMENT=185;

--
-- AUTO_INCREMENT de la tabla `co_agr_politica`
--
ALTER TABLE `co_agr_politica`
  MODIFY `idPolitica` int(45) NOT NULL AUTO_INCREMENT, AUTO_INCREMENT=188;

--
-- AUTO_INCREMENT de la tabla `co_agr_practicas`
--
ALTER TABLE `co_agr_practicas`
  MODIFY `idPracticas` int(45) NOT NULL AUTO_INCREMENT;

--
-- AUTO_INCREMENT de la tabla `co_agr_produccion`
--
ALTER TABLE `co_agr_produccion`
  MODIFY `idProduccion` int(11) NOT NULL AUTO_INCREMENT, AUTO_INCREMENT=189;

--
-- AUTO_INCREMENT de la tabla `co_agr_producinterinstalaciones`
--
ALTER TABLE `co_agr_producinterinstalaciones`
  MODIFY `idProducInterInstalaciones` int(45) NOT NULL AUTO_INCREMENT;

--
-- AUTO_INCREMENT de la tabla `co_agr_productosforestales`
--
ALTER TABLE `co_agr_productosforestales`
  MODIFY `idProductosForestales` int(11) NOT NULL AUTO_INCREMENT, AUTO_INCREMENT=184;

--
-- AUTO_INCREMENT de la tabla `co_agr_proyect0pedago`
--
ALTER TABLE `co_agr_proyect0pedago`
  MODIFY `idProyectoPedago` int(45) NOT NULL AUTO_INCREMENT;

--
-- AUTO_INCREMENT de la tabla `co_agr_redes`
--
ALTER TABLE `co_agr_redes`
  MODIFY `id_redes` int(11) NOT NULL AUTO_INCREMENT, AUTO_INCREMENT=193;

--
-- AUTO_INCREMENT de la tabla `co_agr_saludplantasmedicinales`
--
ALTER TABLE `co_agr_saludplantasmedicinales`
  MODIFY `idSaludPlantasMedicinales` int(11) NOT NULL AUTO_INCREMENT, AUTO_INCREMENT=201;

--
-- AUTO_INCREMENT de la tabla `co_agr_seguridad`
--
ALTER TABLE `co_agr_seguridad`
  MODIFY `idSeguridad` int(11) NOT NULL AUTO_INCREMENT, AUTO_INCREMENT=2;

--
-- AUTO_INCREMENT de la tabla `co_agr_semillas`
--
ALTER TABLE `co_agr_semillas`
  MODIFY `idSemillas` int(11) NOT NULL AUTO_INCREMENT, AUTO_INCREMENT=184;

--
-- AUTO_INCREMENT de la tabla `co_agr_sistemaproduccionagricola`
--
ALTER TABLE `co_agr_sistemaproduccionagricola`
  MODIFY `idSistemaProduccionAgricola` int(11) NOT NULL AUTO_INCREMENT, AUTO_INCREMENT=191;

--
-- AUTO_INCREMENT de la tabla `co_agr_sistemaproduccionagricolacultivo`
--
ALTER TABLE `co_agr_sistemaproduccionagricolacultivo`
  MODIFY `idSistemaProduccionAgricolaCultivo` int(11) NOT NULL AUTO_INCREMENT, AUTO_INCREMENT=191;

--
-- AUTO_INCREMENT de la tabla `co_agr_sistemaproduccionanimal`
--
ALTER TABLE `co_agr_sistemaproduccionanimal`
  MODIFY `idSistemaProduccionAnimal` int(11) NOT NULL AUTO_INCREMENT, AUTO_INCREMENT=203;

--
-- AUTO_INCREMENT de la tabla `co_agr_sistemasagroforestales`
--
ALTER TABLE `co_agr_sistemasagroforestales`
  MODIFY `idSistemasAgroforestales` int(11) NOT NULL AUTO_INCREMENT, AUTO_INCREMENT=189;

--
-- AUTO_INCREMENT de la tabla `co_agr_tipocolectivoorganizacion`
--
ALTER TABLE `co_agr_tipocolectivoorganizacion`
  MODIFY `idTipoColectivoOrganizacion` int(11) NOT NULL AUTO_INCREMENT, AUTO_INCREMENT=191;

--
-- AUTO_INCREMENT de la tabla `co_agr_tipoorganizacion`
--
ALTER TABLE `co_agr_tipoorganizacion`
  MODIFY `idTipoOrganizacion` int(45) NOT NULL AUTO_INCREMENT;

--
-- AUTO_INCREMENT de la tabla `co_agr_trabajoninojuventud`
--
ALTER TABLE `co_agr_trabajoninojuventud`
  MODIFY `idTrabajoNinoJuventd` int(11) NOT NULL AUTO_INCREMENT, AUTO_INCREMENT=185;

--
-- AUTO_INCREMENT de la tabla `co_agr_ubicacion`
--
ALTER TABLE `co_agr_ubicacion`
  MODIFY `idUbicacion` int(11) NOT NULL AUTO_INCREMENT, AUTO_INCREMENT=12;

--
-- AUTO_INCREMENT de la tabla `co_agr_usuario`
--
ALTER TABLE `co_agr_usuario`
  MODIFY `idUsuario` int(30) NOT NULL AUTO_INCREMENT, AUTO_INCREMENT=86;

--
-- Restricciones para tablas volcadas
--

--
-- Filtros para la tabla `co_agr_actividadnoagricola`
--
ALTER TABLE `co_agr_actividadnoagricola`
  ADD CONSTRAINT `co_agr_actividadnoagricola_ibfk_1` FOREIGN KEY (`idAreaTrabajo`) REFERENCES `co_agr_entrevista` (`idEntrevista`) ON DELETE CASCADE ON UPDATE CASCADE;

--
-- Filtros para la tabla `co_agr_apicultura`
--
ALTER TABLE `co_agr_apicultura`
  ADD CONSTRAINT `co_agr_apicultura_ibfk_1` FOREIGN KEY (`IdSistemaProduccionAnimal`) REFERENCES `co_agr_sistemaproduccionanimal` (`idSistemaProduccionAnimal`) ON DELETE CASCADE ON UPDATE CASCADE;

--
-- Filtros para la tabla `co_agr_arbolizacion`
--
ALTER TABLE `co_agr_arbolizacion`
  ADD CONSTRAINT `co_agr_arbolizacion_ibfk_1` FOREIGN KEY (`idSistemasAgroforestales`) REFERENCES `co_agr_sistemasagroforestales` (`idSistemasAgroforestales`) ON DELETE CASCADE ON UPDATE CASCADE;

--
-- Filtros para la tabla `co_agr_contacto`
--
ALTER TABLE `co_agr_contacto`
  ADD CONSTRAINT `co_agr_contacto_ibfk_1` FOREIGN KEY (`idContacto`) REFERENCES `co_agr_entrevista` (`idEntrevista`) ON DELETE CASCADE ON UPDATE CASCADE;

--
-- Filtros para la tabla `co_agr_cooperativa`
--
ALTER TABLE `co_agr_cooperativa`
  ADD CONSTRAINT `co_agr_cooperativa_ibfk_1` FOREIGN KEY (`IdEconomia`) REFERENCES `co_agr_economia` (`IdEconomia`) ON DELETE CASCADE ON UPDATE CASCADE;

--
-- Filtros para la tabla `co_agr_desarollolocal`
--
ALTER TABLE `co_agr_desarollolocal`
  ADD CONSTRAINT `co_agr_desarollolocal_ibfk_1` FOREIGN KEY (`idAreaTrabajo`) REFERENCES `co_agr_entrevista` (`idEntrevista`) ON DELETE CASCADE ON UPDATE CASCADE;

--
-- Filtros para la tabla `co_agr_economia`
--
ALTER TABLE `co_agr_economia`
  ADD CONSTRAINT `co_agr_economia_ibfk_1` FOREIGN KEY (`idAreaTrabajo`) REFERENCES `co_agr_entrevista` (`idEntrevista`) ON DELETE CASCADE ON UPDATE CASCADE;

--
-- Filtros para la tabla `co_agr_educacion`
--
ALTER TABLE `co_agr_educacion`
  ADD CONSTRAINT `co_agr_educacion_ibfk_1` FOREIGN KEY (`idAreaTrabajo`) REFERENCES `co_agr_entrevista` (`idEntrevista`);

--
-- Filtros para la tabla `co_agr_educacionformal`
--
ALTER TABLE `co_agr_educacionformal`
  ADD CONSTRAINT `idEducacionFormal` FOREIGN KEY (`idEducacion`) REFERENCES `co_agr_educacion` (`idEducacion`) ON DELETE CASCADE ON UPDATE CASCADE;

--
-- Filtros para la tabla `co_agr_empresa_colectivo`
--
ALTER TABLE `co_agr_empresa_colectivo`
  ADD CONSTRAINT `idTipoColectivoOrganizacion` FOREIGN KEY (`idTipoColectivoOrganizacion`) REFERENCES `co_agr_tipocolectivoorganizacion` (`idTipoColectivoOrganizacion`) ON DELETE CASCADE ON UPDATE CASCADE;

--
-- Filtros para la tabla `co_agr_formacion`
--
ALTER TABLE `co_agr_formacion`
  ADD CONSTRAINT `co_agr_formacion_ibfk_1` FOREIGN KEY (`idEntrevista`) REFERENCES `co_agr_entrevista` (`idEntrevista`) ON DELETE CASCADE ON UPDATE CASCADE;

--
-- Filtros para la tabla `co_agr_fundacion`
--
ALTER TABLE `co_agr_fundacion`
  ADD CONSTRAINT `co_agr_fundacion_ibfk_1` FOREIGN KEY (`IdTipoColectivoOrganizacion`) REFERENCES `co_agr_tipocolectivoorganizacion` (`idTipoColectivoOrganizacion`) ON DELETE CASCADE ON UPDATE CASCADE;

--
-- Filtros para la tabla `co_agr_gobierno`
--
ALTER TABLE `co_agr_gobierno`
  ADD CONSTRAINT `co_agr_gobierno_ibfk_1` FOREIGN KEY (`IdTipoColectivoOrganizacion`) REFERENCES `co_agr_tipocolectivoorganizacion` (`idTipoColectivoOrganizacion`) ON DELETE CASCADE ON UPDATE CASCADE;

--
-- Filtros para la tabla `co_agr_huertos`
--
ALTER TABLE `co_agr_huertos`
  ADD CONSTRAINT `IdAreaTrabajo` FOREIGN KEY (`idAreaTrabajo`) REFERENCES `co_agr_areatrabajo` (`idAreaTrabajo`) ON DELETE CASCADE ON UPDATE CASCADE;

--
-- Filtros para la tabla `co_agr_iniciativa`
--
ALTER TABLE `co_agr_iniciativa`
  ADD CONSTRAINT `co_agr_iniciativa_ibfk_1` FOREIGN KEY (`idEntrevista`) REFERENCES `co_agr_entrevista` (`idEntrevista`) ON DELETE CASCADE ON UPDATE CASCADE;

--
-- Filtros para la tabla `co_agr_institucioneducativa`
--
ALTER TABLE `co_agr_institucioneducativa`
  ADD CONSTRAINT `co_agr_institucioneducativa_ibfk_1` FOREIGN KEY (`IdTipoColectivoOrganizacion`) REFERENCES `co_agr_tipocolectivoorganizacion` (`idTipoColectivoOrganizacion`) ON DELETE CASCADE ON UPDATE CASCADE;

--
-- Filtros para la tabla `co_agr_investigacionagricolarural`
--
ALTER TABLE `co_agr_investigacionagricolarural`
  ADD CONSTRAINT `co_agr_investigacionagricolarural_ibfk_1` FOREIGN KEY (`idAreaTrabajo`) REFERENCES `co_agr_entrevista` (`idEntrevista`) ON DELETE CASCADE ON UPDATE CASCADE;

--
-- Filtros para la tabla `co_agr_manejoplagasenfermedades`
--
ALTER TABLE `co_agr_manejoplagasenfermedades`
  ADD CONSTRAINT `co_agr_manejoplagasenfermedades_ibfk_1` FOREIGN KEY (`idSistemaProduccionAgricola`) REFERENCES `co_agr_sistemaproduccionagricola` (`idSistemaProduccionAgricola`) ON DELETE CASCADE ON UPDATE CASCADE;

--
-- Filtros para la tabla `co_agr_manejoposcosecha`
--
ALTER TABLE `co_agr_manejoposcosecha`
  ADD CONSTRAINT `fk_poscosecha_areaTrabajo` FOREIGN KEY (`idAreaTrabajo`) REFERENCES `co_agr_entrevista` (`idEntrevista`) ON DELETE CASCADE ON UPDATE CASCADE;

--
-- Filtros para la tabla `co_agr_manejorecursoshidricos`
--
ALTER TABLE `co_agr_manejorecursoshidricos`
  ADD CONSTRAINT `co_agr_manejorecursoshidricos_ibfk_1` FOREIGN KEY (`idAreaTrabajo`) REFERENCES `co_agr_entrevista` (`idEntrevista`) ON DELETE CASCADE ON UPDATE CASCADE;

--
-- Filtros para la tabla `co_agr_manejosuelo`
--
ALTER TABLE `co_agr_manejosuelo`
  ADD CONSTRAINT `co_agr_manejosuelo_ibfk_1` FOREIGN KEY (`idSistemaProduccionAgricola`) REFERENCES `co_agr_sistemaproduccionagricola` (`idSistemaProduccionAgricola`) ON DELETE CASCADE ON UPDATE CASCADE;

--
-- Filtros para la tabla `co_agr_nucleoagrario`
--
ALTER TABLE `co_agr_nucleoagrario`
  ADD CONSTRAINT `co_agr_nucleoagrario_ibfk_1` FOREIGN KEY (`IdTipoColectivoOrganizacion`) REFERENCES `co_agr_tipocolectivoorganizacion` (`idTipoColectivoOrganizacion`) ON DELETE CASCADE ON UPDATE CASCADE;

--
-- Filtros para la tabla `co_agr_politica`
--
ALTER TABLE `co_agr_politica`
  ADD CONSTRAINT `co_agr_politica_ibfk_1` FOREIGN KEY (`idEntrevista`) REFERENCES `co_agr_entrevista` (`idEntrevista`) ON DELETE CASCADE ON UPDATE CASCADE;

--
-- Filtros para la tabla `co_agr_practicas`
--
ALTER TABLE `co_agr_practicas`
  ADD CONSTRAINT `idSistemaProducAni` FOREIGN KEY (`idSistemaProduAni`) REFERENCES `co_agr_sistemaproduccionanimal` (`idSistemaProduccionAnimal`) ON DELETE CASCADE ON UPDATE CASCADE;

--
-- Filtros para la tabla `co_agr_produccion`
--
ALTER TABLE `co_agr_produccion`
  ADD CONSTRAINT `co_agr_produccion_ibfk_1` FOREIGN KEY (`idCooperativa`) REFERENCES `co_agr_cooperativa` (`idCooperativa`) ON DELETE CASCADE ON UPDATE CASCADE;

--
-- Filtros para la tabla `co_agr_productosforestales`
--
ALTER TABLE `co_agr_productosforestales`
  ADD CONSTRAINT `co_agr_productosforestales_ibfk_1` FOREIGN KEY (`idAreaTrabajo`) REFERENCES `co_agr_entrevista` (`idEntrevista`) ON DELETE CASCADE ON UPDATE CASCADE;

--
-- Filtros para la tabla `co_agr_proyect0pedago`
--
ALTER TABLE `co_agr_proyect0pedago`
  ADD CONSTRAINT `idTrabajoJuventud` FOREIGN KEY (`idTrabajoJuventud`) REFERENCES `co_agr_trabajoninojuventud` (`idTrabajoNinoJuventd`) ON DELETE CASCADE ON UPDATE CASCADE;

--
-- Filtros para la tabla `co_agr_redes`
--
ALTER TABLE `co_agr_redes`
  ADD CONSTRAINT `co_agr_redes_ibfk_1` FOREIGN KEY (`idEntrevista`) REFERENCES `co_agr_entrevista` (`idEntrevista`) ON DELETE CASCADE ON UPDATE CASCADE;

--
-- Filtros para la tabla `co_agr_saludplantasmedicinales`
--
ALTER TABLE `co_agr_saludplantasmedicinales`
  ADD CONSTRAINT `co_agr_saludplantasmedicinales_ibfk_1` FOREIGN KEY (`idAreaTrabajo`) REFERENCES `co_agr_entrevista` (`idEntrevista`) ON DELETE CASCADE ON UPDATE CASCADE;

--
-- Filtros para la tabla `co_agr_seguridad`
--
ALTER TABLE `co_agr_seguridad`
  ADD CONSTRAINT `co_agr_seguridad_ibfk_1` FOREIGN KEY (`idEntrevista`) REFERENCES `co_agr_entrevista` (`idEntrevista`) ON DELETE CASCADE ON UPDATE CASCADE;

--
-- Filtros para la tabla `co_agr_semillas`
--
ALTER TABLE `co_agr_semillas`
  ADD CONSTRAINT `co_agr_semillas_ibfk_1` FOREIGN KEY (`idAreaTrabajo`) REFERENCES `co_agr_entrevista` (`idEntrevista`) ON DELETE CASCADE ON UPDATE CASCADE;

--
-- Filtros para la tabla `co_agr_sistemaproduccionagricolacultivo`
--
ALTER TABLE `co_agr_sistemaproduccionagricolacultivo`
  ADD CONSTRAINT `co_agr_sistemaproduccionagricolacultivo_ibfk_1` FOREIGN KEY (`idSistemaProduccionAgricola`) REFERENCES `co_agr_sistemaproduccionagricola` (`idSistemaProduccionAgricola`) ON DELETE CASCADE ON UPDATE CASCADE;

--
-- Filtros para la tabla `co_agr_sistemaproduccionanimal`
--
ALTER TABLE `co_agr_sistemaproduccionanimal`
  ADD CONSTRAINT `co_agr_sistemaproduccionanimal_ibfk_1` FOREIGN KEY (`idAreaTrabajo`) REFERENCES `co_agr_entrevista` (`idEntrevista`) ON DELETE CASCADE ON UPDATE CASCADE;

--
-- Filtros para la tabla `co_agr_sistemasagroforestales`
--
ALTER TABLE `co_agr_sistemasagroforestales`
  ADD CONSTRAINT `co_agr_sistemasagroforestales_ibfk_1` FOREIGN KEY (`idAreaTrabajo`) REFERENCES `co_agr_entrevista` (`idEntrevista`) ON DELETE CASCADE ON UPDATE CASCADE;

--
-- Filtros para la tabla `co_agr_tipoorganizacion`
--
ALTER TABLE `co_agr_tipocolectivoorganizacion`
  ADD CONSTRAINT `co_agr_tipocolectivoorganizacion_ibfk_2` FOREIGN KEY (`idEntrevista`) REFERENCES `co_agr_entrevista` (`idEntrevista`) ON DELETE CASCADE ON UPDATE CASCADE;

--
-- Filtros para la tabla `co_agr_trabajoninojuventud`
--
ALTER TABLE `co_agr_trabajoninojuventud`
  ADD CONSTRAINT `co_agr_trabajoninojuventud_ibfk_1` FOREIGN KEY (`idAreaTrabajo`) REFERENCES `co_agr_entrevista` (`idEntrevista`) ON DELETE CASCADE ON UPDATE CASCADE;

--
-- Filtros para la tabla `co_agr_ubicacion`
--
ALTER TABLE `co_agr_ubicacion`
  ADD CONSTRAINT `idEntrevista` FOREIGN KEY (`idEntrevista`) REFERENCES `co_agr_entrevista` (`idEntrevista`);
COMMIT;

/*!40101 SET CHARACTER_SET_CLIENT=@OLD_CHARACTER_SET_CLIENT */;
/*!40101 SET CHARACTER_SET_RESULTS=@OLD_CHARACTER_SET_RESULTS */;
/*!40101 SET COLLATION_CONNECTION=@OLD_COLLATION_CONNECTION */;
